# 49683 1
1.36093977E-60
1.36093977E-60
1.36093977E-60
1.36093977E-60
1.36093977E-60
1.36093977E-60
1.36093977E-60
1.36093977E-60
1.36093977E-60
1.36093977E-60
1.36093977E-60
1.36093977E-60
1.36093977E-60
1.36093977E-60
1.36093977E-60
1.36093977E-60
1.36093977E-60
1.36093977E-60
1.36093977E-60
1.36093977E-60
1.36093977E-60
1.53239653E-60
1.53239653E-60
1.53239653E-60
1.53239653E-60
1.53239653E-60
1.53239653E-60
1.53239653E-60
1.53239653E-60
1.53239653E-60
1.53239653E-60
1.53239653E-60
1.53239653E-60
1.53239653E-60
1.53239653E-60
1.53239653E-60
1.53239653E-60
1.53239653E-60
1.53239653E-60
1.53239653E-60
1.53239653E-60
1.53239653E-60
1.53239653E-60
1.72545412E-60
1.72545412E-60
1.72545412E-60
1.72545412E-60
1.72545412E-60
1.72545412E-60
1.72545412E-60
1.72545412E-60
1.72545412E-60
1.72545412E-60
1.72545412E-60
1.72545412E-60
1.72545412E-60
1.72545412E-60
1.72545412E-60
1.72545412E-60
1.72545412E-60
1.72545412E-60
1.72545412E-60
1.72545412E-60
1.72545412E-60
1.94283388E-60
1.94283388E-60
1.94283388E-60
1.94283388E-60
1.94283388E-60
1.94283388E-60
1.94283388E-60
1.94283388E-60
1.94283388E-60
1.94283388E-60
1.94283388E-60
1.94283388E-60
1.94283388E-60
1.94283388E-60
1.94283388E-60
1.94283388E-60
1.94283388E-60
1.94283388E-60
1.94283388E-60
1.94283388E-60
1.94283388E-60
1.94283388E-60
2.18760004E-60
2.18760004E-60
2.18760004E-60
2.18760004E-60
2.18760004E-60
2.18760004E-60
2.18760004E-60
2.18760004E-60
2.18760004E-60
2.18760004E-60
2.18760004E-60
2.18760004E-60
2.18760004E-60
2.18760004E-60
2.18760004E-60
2.18760004E-60
2.18760004E-60
2.18760004E-60
2.18760004E-60
2.18760004E-60
2.18760004E-60
2.46320284E-60
2.46320284E-60
2.46320284E-60
2.46320284E-60
2.46320284E-60
2.46320284E-60
2.46320284E-60
2.46320284E-60
2.46320284E-60
2.46320284E-60
2.46320284E-60
2.46320284E-60
2.46320284E-60
2.46320284E-60
2.46320284E-60
2.46320284E-60
2.46320284E-60
2.46320284E-60
2.46320284E-60
2.46320284E-60
2.46320284E-60
2.46320284E-60
2.77352721E-60
2.77352721E-60
2.77352721E-60
2.77352721E-60
2.77352721E-60
2.77352721E-60
2.77352721E-60
2.77352721E-60
2.77352721E-60
2.77352721E-60
2.77352721E-60
2.77352721E-60
2.77352721E-60
2.77352721E-60
2.77352721E-60
2.77352721E-60
2.77352721E-60
2.77352721E-60
2.77352721E-60
2.77352721E-60
2.77352721E-60
3.12294751E-60
3.12294751E-60
3.12294751E-60
3.12294751E-60
3.12294751E-60
3.12294751E-60
3.12294751E-60
3.12294751E-60
3.12294751E-60
3.12294751E-60
3.12294751E-60
3.12294751E-60
3.12294751E-60
3.12294751E-60
3.12294751E-60
3.12294751E-60
3.12294751E-60
3.12294751E-60
3.12294751E-60
3.12294751E-60
3.12294751E-60
3.12294751E-60
3.51638921E-60
3.51638921E-60
3.51638921E-60
3.51638921E-60
3.51638921E-60
3.51638921E-60
3.51638921E-60
3.51638921E-60
3.51638921E-60
3.51638921E-60
3.51638921E-60
3.51638921E-60
3.51638921E-60
3.51638921E-60
3.51638921E-60
3.51638921E-60
3.51638921E-60
3.51638921E-60
3.51638921E-60
3.51638921E-60
3.51638921E-60
3.95939830E-60
3.95939830E-60
3.95939830E-60
3.95939830E-60
3.95939830E-60
3.95939830E-60
3.95939830E-60
3.95939830E-60
3.95939830E-60
3.95939830E-60
3.95939830E-60
3.95939830E-60
3.95939830E-60
3.95939830E-60
3.95939830E-60
3.95939830E-60
3.95939830E-60
3.95939830E-60
3.95939830E-60
3.95939830E-60
3.95939830E-60
3.95939830E-60
4.45821949E-60
4.45821949E-60
4.45821949E-60
4.45821949E-60
4.45821949E-60
4.45821949E-60
4.45821949E-60
4.45821949E-60
4.45821949E-60
4.45821949E-60
4.45821949E-60
4.45821949E-60
4.45821949E-60
4.45821949E-60
4.45821949E-60
4.45821949E-60
4.45821949E-60
4.45821949E-60
4.45821949E-60
4.45821949E-60
4.45821949E-60
5.01988422E-60
5.01988422E-60
5.01988422E-60
5.01988422E-60
5.01988422E-60
5.01988422E-60
5.01988422E-60
5.01988422E-60
5.01988422E-60
5.01988422E-60
5.01988422E-60
5.01988422E-60
5.01988422E-60
5.01988422E-60
5.01988422E-60
5.01988422E-60
5.01988422E-60
5.01988422E-60
5.01988422E-60
5.01988422E-60
5.01988422E-60
5.01988422E-60
5.65230976E-60
5.65230976E-60
5.65230976E-60
5.65230976E-60
5.65230976E-60
5.65230976E-60
5.65230976E-60
5.65230976E-60
5.65230976E-60
5.65230976E-60
5.65230976E-60
5.65230976E-60
5.65230976E-60
5.65230976E-60
5.65230976E-60
5.65230976E-60
5.65230976E-60
5.65230976E-60
5.65230976E-60
5.65230976E-60
5.65230976E-60
6.36441086E-60
6.36441086E-60
6.36441086E-60
6.36441086E-60
6.36441086E-60
6.36441086E-60
6.36441086E-60
6.36441086E-60
6.36441086E-60
6.36441086E-60
6.36441086E-60
6.36441086E-60
6.36441086E-60
6.36441086E-60
6.36441086E-60
6.36441086E-60
6.36441086E-60
6.36441086E-60
6.36441086E-60
6.36441086E-60
6.36441086E-60
6.36441086E-60
7.16622537E-60
7.16622537E-60
7.16622537E-60
7.16622537E-60
7.16622537E-60
7.16622537E-60
7.16622537E-60
7.16622537E-60
7.16622537E-60
7.16622537E-60
7.16622537E-60
7.16622537E-60
7.16622537E-60
7.16622537E-60
7.16622537E-60
7.16622537E-60
7.16622537E-60
7.16622537E-60
7.16622537E-60
7.16622537E-60
7.16622537E-60
8.06905575E-60
8.06905575E-60
8.06905575E-60
8.06905575E-60
8.06905575E-60
8.06905575E-60
8.06905575E-60
8.06905575E-60
8.06905575E-60
8.06905575E-60
8.06905575E-60
8.06905575E-60
8.06905575E-60
8.06905575E-60
8.06905575E-60
8.06905575E-60
8.06905575E-60
8.06905575E-60
8.06905575E-60
8.06905575E-60
8.06905575E-60
8.06905575E-60
9.08562840E-60
9.08562840E-60
9.08562840E-60
9.08562840E-60
9.08562840E-60
9.08562840E-60
9.08562840E-60
9.08562840E-60
9.08562840E-60
9.08562840E-60
9.08562840E-60
9.08562840E-60
9.08562840E-60
9.08562840E-60
9.08562840E-60
9.08562840E-60
9.08562840E-60
9.08562840E-60
9.08562840E-60
9.08562840E-60
9.08562840E-60
1.02302730E-59
1.02302730E-59
1.02302730E-59
1.02302730E-59
1.02302730E-59
1.02302730E-59
1.02302730E-59
1.02302730E-59
1.02302730E-59
1.02302730E-59
1.02302730E-59
1.02302730E-59
1.02302730E-59
1.02302730E-59
1.02302730E-59
1.02302730E-59
1.02302730E-59
1.02302730E-59
1.02302730E-59
1.02302730E-59
1.02302730E-59
1.02302730E-59
1.15191247E-59
1.15191247E-59
1.15191247E-59
1.15191247E-59
1.15191247E-59
1.15191247E-59
1.15191247E-59
1.15191247E-59
1.15191247E-59
1.15191247E-59
1.15191247E-59
1.15191247E-59
1.15191247E-59
1.15191247E-59
1.15191247E-59
1.15191247E-59
1.15191247E-59
1.15191247E-59
1.15191247E-59
1.15191247E-59
1.15191247E-59
1.29703511E-59
1.29703511E-59
1.29703511E-59
1.29703511E-59
1.29703511E-59
1.29703511E-59
1.29703511E-59
1.29703511E-59
1.29703511E-59
1.29703511E-59
1.29703511E-59
1.29703511E-59
1.29703511E-59
1.29703511E-59
1.29703511E-59
1.29703511E-59
1.29703511E-59
1.29703511E-59
1.29703511E-59
1.29703511E-59
1.29703511E-59
1.29703511E-59
1.46044090E-59
1.46044090E-59
1.46044090E-59
1.46044090E-59
1.46044090E-59
1.46044090E-59
1.46044090E-59
1.46044090E-59
1.46044090E-59
1.46044090E-59
1.46044090E-59
1.46044090E-59
1.46044090E-59
1.46044090E-59
1.46044090E-59
1.46044090E-59
1.46044090E-59
1.46044090E-59
1.46044090E-59
1.46044090E-59
1.46044090E-59
1.64443321E-59
1.64443321E-59
1.64443321E-59
1.64443321E-59
1.64443321E-59
1.64443321E-59
1.64443321E-59
1.64443321E-59
1.64443321E-59
1.64443321E-59
1.64443321E-59
1.64443321E-59
1.64443321E-59
1.64443321E-59
1.64443321E-59
1.64443321E-59
1.64443321E-59
1.64443321E-59
1.64443321E-59
1.64443321E-59
1.64443321E-59
1.64443321E-59
1.85160564E-59
1.85160564E-59
1.85160564E-59
1.85160564E-59
1.85160564E-59
1.85160564E-59
1.85160564E-59
1.85160564E-59
1.85160564E-59
1.85160564E-59
1.85160564E-59
1.85160564E-59
1.85160564E-59
1.85160564E-59
1.85160564E-59
1.85160564E-59
1.85160564E-59
1.85160564E-59
1.85160564E-59
1.85160564E-59
1.85160564E-59
2.08487849E-59
2.08487849E-59
2.08487849E-59
2.08487849E-59
2.08487849E-59
2.08487849E-59
2.08487849E-59
2.08487849E-59
2.08487849E-59
2.08487849E-59
2.08487849E-59
2.08487849E-59
2.08487849E-59
2.08487849E-59
2.08487849E-59
2.08487849E-59
2.08487849E-59
2.08487849E-59
2.08487849E-59
2.08487849E-59
2.08487849E-59
2.08487849E-59
2.34754001E-59
2.34754001E-59
2.34754001E-59
2.34754001E-59
2.34754001E-59
2.34754001E-59
2.34754001E-59
2.34754001E-59
2.34754001E-59
2.34754001E-59
2.34754001E-59
2.34754001E-59
2.34754001E-59
2.34754001E-59
2.34754001E-59
2.34754001E-59
2.34754001E-59
2.34754001E-59
2.34754001E-59
2.34754001E-59
2.34754001E-59
2.64329270E-59
2.64329270E-59
2.64329270E-59
2.64329270E-59
2.64329270E-59
2.64329270E-59
2.64329270E-59
2.64329270E-59
2.64329270E-59
2.64329270E-59
2.64329270E-59
2.64329270E-59
2.64329270E-59
2.64329270E-59
2.64329270E-59
2.64329270E-59
2.64329270E-59
2.64329270E-59
2.64329270E-59
2.64329270E-59
2.64329270E-59
2.64329270E-59
2.97630552E-59
2.97630552E-59
2.97630552E-59
2.97630552E-59
2.97630552E-59
2.97630552E-59
2.97630552E-59
2.97630552E-59
2.97630552E-59
2.97630552E-59
2.97630552E-59
2.97630552E-59
2.97630552E-59
2.97630552E-59
2.97630552E-59
2.97630552E-59
2.97630552E-59
2.97630552E-59
2.97630552E-59
2.97630552E-59
2.97630552E-59
3.35127266E-59
3.35127266E-59
3.35127266E-59
3.35127266E-59
3.35127266E-59
3.35127266E-59
3.35127266E-59
3.35127266E-59
3.35127266E-59
3.35127266E-59
3.35127266E-59
3.35127266E-59
3.35127266E-59
3.35127266E-59
3.35127266E-59
3.35127266E-59
3.35127266E-59
3.35127266E-59
3.35127266E-59
3.35127266E-59
3.35127266E-59
3.35127266E-59
3.77347970E-59
3.77347970E-59
3.77347970E-59
3.77347970E-59
3.77347970E-59
3.77347970E-59
3.77347970E-59
3.77347970E-59
3.77347970E-59
3.77347970E-59
3.77347970E-59
3.77347970E-59
3.77347970E-59
3.77347970E-59
3.77347970E-59
3.77347970E-59
3.77347970E-59
3.77347970E-59
3.77347970E-59
3.77347970E-59
3.77347970E-59
4.24887810E-59
4.24887810E-59
4.24887810E-59
4.24887810E-59
4.24887810E-59
4.24887810E-59
4.24887810E-59
4.24887810E-59
4.24887810E-59
4.24887810E-59
4.24887810E-59
4.24887810E-59
4.24887810E-59
4.24887810E-59
4.24887810E-59
4.24887810E-59
4.24887810E-59
4.24887810E-59
4.24887810E-59
4.24887810E-59
4.24887810E-59
4.24887810E-59
4.78416915E-59
4.78416915E-59
4.78416915E-59
4.78416915E-59
4.78416915E-59
4.78416915E-59
4.78416915E-59
4.78416915E-59
4.78416915E-59
4.78416915E-59
4.78416915E-59
4.78416915E-59
4.78416915E-59
4.78416915E-59
4.78416915E-59
4.78416915E-59
4.78416915E-59
4.78416915E-59
4.78416915E-59
4.78416915E-59
4.78416915E-59
5.38689834E-59
5.38689834E-59
5.38689834E-59
5.38689834E-59
5.38689834E-59
5.38689834E-59
5.38689834E-59
5.38689834E-59
5.38689834E-59
5.38689834E-59
5.38689834E-59
5.38689834E-59
5.38689834E-59
5.38689834E-59
5.38689834E-59
5.38689834E-59
5.38689834E-59
5.38689834E-59
5.38689834E-59
5.38689834E-59
5.38689834E-59
5.38689834E-59
6.06556183E-59
6.06556183E-59
6.06556183E-59
6.06556183E-59
6.06556183E-59
6.06556183E-59
6.06556183E-59
6.06556183E-59
6.06556183E-59
6.06556183E-59
6.06556183E-59
6.06556183E-59
6.06556183E-59
6.06556183E-59
6.06556183E-59
6.06556183E-59
6.06556183E-59
6.06556183E-59
6.06556183E-59
6.06556183E-59
6.06556183E-59
6.82972611E-59
6.82972611E-59
6.82972611E-59
6.82972611E-59
6.82972611E-59
6.82972611E-59
6.82972611E-59
6.82972611E-59
6.82972611E-59
6.82972611E-59
6.82972611E-59
6.82972611E-59
6.82972611E-59
6.82972611E-59
6.82972611E-59
6.82972611E-59
6.82972611E-59
6.82972611E-59
6.82972611E-59
6.82972611E-59
6.82972611E-59
6.82972611E-59
7.69016294E-59
7.69016294E-59
7.69016294E-59
7.69016294E-59
7.69016294E-59
7.69016294E-59
7.69016294E-59
7.69016294E-59
7.69016294E-59
7.69016294E-59
7.69016294E-59
7.69016294E-59
7.69016294E-59
7.69016294E-59
7.69016294E-59
7.69016294E-59
7.69016294E-59
7.69016294E-59
7.69016294E-59
7.69016294E-59
7.69016294E-59
8.65900112E-59
8.65900112E-59
8.65900112E-59
8.65900112E-59
8.65900112E-59
8.65900112E-59
8.65900112E-59
8.65900112E-59
8.65900112E-59
8.65900112E-59
8.65900112E-59
8.65900112E-59
8.65900112E-59
8.65900112E-59
8.65900112E-59
8.65900112E-59
8.65900112E-59
8.65900112E-59
8.65900112E-59
8.65900112E-59
8.65900112E-59
8.65900112E-59
9.74989750E-59
9.74989750E-59
9.74989750E-59
9.74989750E-59
9.74989750E-59
9.74989750E-59
9.74989750E-59
9.74989750E-59
9.74989750E-59
9.74989750E-59
9.74989750E-59
9.74989750E-59
9.74989750E-59
9.74989750E-59
9.74989750E-59
9.74989750E-59
9.74989750E-59
9.74989750E-59
9.74989750E-59
9.74989750E-59
9.74989750E-59
1.09782295E-58
1.09782295E-58
1.09782295E-58
1.09782295E-58
1.09782295E-58
1.09782295E-58
1.09782295E-58
1.09782295E-58
1.09782295E-58
1.09782295E-58
1.09782295E-58
1.09782295E-58
1.09782295E-58
1.09782295E-58
1.09782295E-58
1.09782295E-58
1.09782295E-58
1.09782295E-58
1.09782295E-58
1.09782295E-58
1.09782295E-58
1.09782295E-58
1.23613117E-58
1.23613117E-58
1.23613117E-58
1.23613117E-58
1.23613117E-58
1.23613117E-58
1.23613117E-58
1.23613117E-58
1.23613117E-58
1.23613117E-58
1.23613117E-58
1.23613117E-58
1.23613117E-58
1.23613117E-58
1.23613117E-58
1.23613117E-58
1.23613117E-58
1.23613117E-58
1.23613117E-58
1.23613117E-58
1.23613117E-58
1.39186403E-58
1.39186403E-58
1.39186403E-58
1.39186403E-58
1.39186403E-58
1.39186403E-58
1.39186403E-58
1.39186403E-58
1.39186403E-58
1.39186403E-58
1.39186403E-58
1.39186403E-58
1.39186403E-58
1.39186403E-58
1.39186403E-58
1.39186403E-58
1.39186403E-58
1.39186403E-58
1.39186403E-58
1.39186403E-58
1.39186403E-58
1.39186403E-58
1.56721675E-58
1.56721675E-58
1.56721675E-58
1.56721675E-58
1.56721675E-58
1.56721675E-58
1.56721675E-58
1.56721675E-58
1.56721675E-58
1.56721675E-58
1.56721675E-58
1.56721675E-58
1.56721675E-58
1.56721675E-58
1.56721675E-58
1.56721675E-58
1.56721675E-58
1.56721675E-58
1.56721675E-58
1.56721675E-58
1.56721675E-58
1.76466113E-58
1.76466113E-58
1.76466113E-58
1.76466113E-58
1.76466113E-58
1.76466113E-58
1.76466113E-58
1.76466113E-58
1.76466113E-58
1.76466113E-58
1.76466113E-58
1.76466113E-58
1.76466113E-58
1.76466113E-58
1.76466113E-58
1.76466113E-58
1.76466113E-58
1.76466113E-58
1.76466113E-58
1.76466113E-58
1.76466113E-58
1.76466113E-58
1.98698036E-58
1.98698036E-58
1.98698036E-58
1.98698036E-58
1.98698036E-58
1.98698036E-58
1.98698036E-58
1.98698036E-58
1.98698036E-58
1.98698036E-58
1.98698036E-58
1.98698036E-58
1.98698036E-58
1.98698036E-58
1.98698036E-58
1.98698036E-58
1.98698036E-58
1.98698036E-58
1.98698036E-58
1.98698036E-58
1.98698036E-58
2.23730827E-58
2.23730827E-58
2.23730827E-58
2.23730827E-58
2.23730827E-58
2.23730827E-58
2.23730827E-58
2.23730827E-58
2.23730827E-58
2.23730827E-58
2.23730827E-58
2.23730827E-58
2.23730827E-58
2.23730827E-58
2.23730827E-58
2.23730827E-58
2.23730827E-58
2.23730827E-58
2.23730827E-58
2.23730827E-58
2.23730827E-58
2.23730827E-58
2.51917351E-58
2.51917351E-58
2.51917351E-58
2.51917351E-58
2.51917351E-58
2.51917351E-58
2.51917351E-58
2.51917351E-58
2.51917351E-58
2.51917351E-58
2.51917351E-58
2.51917351E-58
2.51917351E-58
2.51917351E-58
2.51917351E-58
2.51917351E-58
2.51917351E-58
2.51917351E-58
2.51917351E-58
2.51917351E-58
2.51917351E-58
2.83654930E-58
2.83654930E-58
2.83654930E-58
2.83654930E-58
2.83654930E-58
2.83654930E-58
2.83654930E-58
2.83654930E-58
2.83654930E-58
2.83654930E-58
2.83654930E-58
2.83654930E-58
2.83654930E-58
2.83654930E-58
2.83654930E-58
2.83654930E-58
2.83654930E-58
2.83654930E-58
2.83654930E-58
2.83654930E-58
2.83654930E-58
2.83654930E-58
3.19390938E-58
3.19390938E-58
3.19390938E-58
3.19390938E-58
3.19390938E-58
3.19390938E-58
3.19390938E-58
3.19390938E-58
3.19390938E-58
3.19390938E-58
3.19390938E-58
3.19390938E-58
3.19390938E-58
3.19390938E-58
3.19390938E-58
3.19390938E-58
3.19390938E-58
3.19390938E-58
3.19390938E-58
3.19390938E-58
3.19390938E-58
3.59629114E-58
3.59629114E-58
3.59629114E-58
3.59629114E-58
3.59629114E-58
3.59629114E-58
3.59629114E-58
3.59629114E-58
3.59629114E-58
3.59629114E-58
3.59629114E-58
3.59629114E-58
3.59629114E-58
3.59629114E-58
3.59629114E-58
3.59629114E-58
3.59629114E-58
3.59629114E-58
3.59629114E-58
3.59629114E-58
3.59629114E-58
3.59629114E-58
4.04936661E-58
4.04936661E-58
4.04936661E-58
4.04936661E-58
4.04936661E-58
4.04936661E-58
4.04936661E-58
4.04936661E-58
4.04936661E-58
4.04936661E-58
4.04936661E-58
4.04936661E-58
4.04936661E-58
4.04936661E-58
4.04936661E-58
4.04936661E-58
4.04936661E-58
4.04936661E-58
4.04936661E-58
4.04936661E-58
4.04936661E-58
4.55952238E-58
4.55952238E-58
4.55952238E-58
4.55952238E-58
4.55952238E-58
4.55952238E-58
4.55952238E-58
4.55952238E-58
4.55952238E-58
4.55952238E-58
4.55952238E-58
4.55952238E-58
4.55952238E-58
4.55952238E-58
4.55952238E-58
4.55952238E-58
4.55952238E-58
4.55952238E-58
4.55952238E-58
4.55952238E-58
4.55952238E-58
4.55952238E-58
5.13394965E-58
5.13394965E-58
5.13394965E-58
5.13394965E-58
5.13394965E-58
5.13394965E-58
5.13394965E-58
5.13394965E-58
5.13394965E-58
5.13394965E-58
5.13394965E-58
5.13394965E-58
5.13394965E-58
5.13394965E-58
5.13394965E-58
5.13394965E-58
5.13394965E-58
5.13394965E-58
5.13394965E-58
5.13394965E-58
5.13394965E-58
5.78074563E-58
5.78074563E-58
5.78074563E-58
5.78074563E-58
5.78074563E-58
5.78074563E-58
5.78074563E-58
5.78074563E-58
5.78074563E-58
5.78074563E-58
5.78074563E-58
5.78074563E-58
5.78074563E-58
5.78074563E-58
5.78074563E-58
5.78074563E-58
5.78074563E-58
5.78074563E-58
5.78074563E-58
5.78074563E-58
5.78074563E-58
5.78074563E-58
6.50902760E-58
6.50902760E-58
6.50902760E-58
6.50902760E-58
6.50902760E-58
6.50902760E-58
6.50902760E-58
6.50902760E-58
6.50902760E-58
6.50902760E-58
6.50902760E-58
6.50902760E-58
6.50902760E-58
6.50902760E-58
6.50902760E-58
6.50902760E-58
6.50902760E-58
6.50902760E-58
6.50902760E-58
6.50902760E-58
6.50902760E-58
7.32906152E-58
7.32906152E-58
7.32906152E-58
7.32906152E-58
7.32906152E-58
7.32906152E-58
7.32906152E-58
7.32906152E-58
7.32906152E-58
7.32906152E-58
7.32906152E-58
7.32906152E-58
7.32906152E-58
7.32906152E-58
7.32906152E-58
7.32906152E-58
7.32906152E-58
7.32906152E-58
7.32906152E-58
7.32906152E-58
7.32906152E-58
7.32906152E-58
8.25240667E-58
8.25240667E-58
8.25240667E-58
8.25240667E-58
8.25240667E-58
8.25240667E-58
8.25240667E-58
8.25240667E-58
8.25240667E-58
8.25240667E-58
8.25240667E-58
8.25240667E-58
8.25240667E-58
8.25240667E-58
8.25240667E-58
8.25240667E-58
8.25240667E-58
8.25240667E-58
8.25240667E-58
8.25240667E-58
8.25240667E-58
9.29207861E-58
9.29207861E-58
9.29207861E-58
9.29207861E-58
9.29207861E-58
9.29207861E-58
9.29207861E-58
9.29207861E-58
9.29207861E-58
9.29207861E-58
9.29207861E-58
9.29207861E-58
9.29207861E-58
9.29207861E-58
9.29207861E-58
9.29207861E-58
9.29207861E-58
9.29207861E-58
9.29207861E-58
9.29207861E-58
9.29207861E-58
9.29207861E-58
1.04627327E-57
1.04627327E-57
1.04627327E-57
1.04627327E-57
1.04627327E-57
1.04627327E-57
1.04627327E-57
1.04627327E-57
1.04627327E-57
1.04627327E-57
1.04627327E-57
1.04627327E-57
1.04627327E-57
1.04627327E-57
1.04627327E-57
1.04627327E-57
1.04627327E-57
1.04627327E-57
1.04627327E-57
1.04627327E-57
1.04627327E-57
1.17808705E-57
1.17808705E-57
1.17808705E-57
1.17808705E-57
1.17808705E-57
1.17808705E-57
1.17808705E-57
1.17808705E-57
1.17808705E-57
1.17808705E-57
1.17808705E-57
1.17808705E-57
1.17808705E-57
1.17808705E-57
1.17808705E-57
1.17808705E-57
1.17808705E-57
1.17808705E-57
1.17808705E-57
1.17808705E-57
1.17808705E-57
1.17808705E-57
1.32650728E-57
1.32650728E-57
1.32650728E-57
1.32650728E-57
1.32650728E-57
1.32650728E-57
1.32650728E-57
1.32650728E-57
1.32650728E-57
1.32650728E-57
1.32650728E-57
1.32650728E-57
1.32650728E-57
1.32650728E-57
1.32650728E-57
1.32650728E-57
1.32650728E-57
1.32650728E-57
1.32650728E-57
1.32650728E-57
1.32650728E-57
1.49362609E-57
1.49362609E-57
1.49362609E-57
1.49362609E-57
1.49362609E-57
1.49362609E-57
1.49362609E-57
1.49362609E-57
1.49362609E-57
1.49362609E-57
1.49362609E-57
1.49362609E-57
1.49362609E-57
1.49362609E-57
1.49362609E-57
1.49362609E-57
1.49362609E-57
1.49362609E-57
1.49362609E-57
1.49362609E-57
1.49362609E-57
1.49362609E-57
1.68179921E-57
1.68179921E-57
1.68179921E-57
1.68179921E-57
1.68179921E-57
1.68179921E-57
1.68179921E-57
1.68179921E-57
1.68179921E-57
1.68179921E-57
1.68179921E-57
1.68179921E-57
1.68179921E-57
1.68179921E-57
1.68179921E-57
1.68179921E-57
1.68179921E-57
1.68179921E-57
1.68179921E-57
1.68179921E-57
1.68179921E-57
1.89367916E-57
1.89367916E-57
1.89367916E-57
1.89367916E-57
1.89367916E-57
1.89367916E-57
1.89367916E-57
1.89367916E-57
1.89367916E-57
1.89367916E-57
1.89367916E-57
1.89367916E-57
1.89367916E-57
1.89367916E-57
1.89367916E-57
1.89367916E-57
1.89367916E-57
1.89367916E-57
1.89367916E-57
1.89367916E-57
1.89367916E-57
1.89367916E-57
2.13225260E-57
2.13225260E-57
2.13225260E-57
2.13225260E-57
2.13225260E-57
2.13225260E-57
2.13225260E-57
2.13225260E-57
2.13225260E-57
2.13225260E-57
2.13225260E-57
2.13225260E-57
2.13225260E-57
2.13225260E-57
2.13225260E-57
2.13225260E-57
2.13225260E-57
2.13225260E-57
2.13225260E-57
2.13225260E-57
2.13225260E-57
2.40088251E-57
2.40088251E-57
2.40088251E-57
2.40088251E-57
2.40088251E-57
2.40088251E-57
2.40088251E-57
2.40088251E-57
2.40088251E-57
2.40088251E-57
2.40088251E-57
2.40088251E-57
2.40088251E-57
2.40088251E-57
2.40088251E-57
2.40088251E-57
2.40088251E-57
2.40088251E-57
2.40088251E-57
2.40088251E-57
2.40088251E-57
2.40088251E-57
2.70335550E-57
2.70335550E-57
2.70335550E-57
2.70335550E-57
2.70335550E-57
2.70335550E-57
2.70335550E-57
2.70335550E-57
2.70335550E-57
2.70335550E-57
2.70335550E-57
2.70335550E-57
2.70335550E-57
2.70335550E-57
2.70335550E-57
2.70335550E-57
2.70335550E-57
2.70335550E-57
2.70335550E-57
2.70335550E-57
2.70335550E-57
3.04393529E-57
3.04393529E-57
3.04393529E-57
3.04393529E-57
3.04393529E-57
3.04393529E-57
3.04393529E-57
3.04393529E-57
3.04393529E-57
3.04393529E-57
3.04393529E-57
3.04393529E-57
3.04393529E-57
3.04393529E-57
3.04393529E-57
3.04393529E-57
3.04393529E-57
3.04393529E-57
3.04393529E-57
3.04393529E-57
3.04393529E-57
3.04393529E-57
3.42742270E-57
3.42742270E-57
3.42742270E-57
3.42742270E-57
3.42742270E-57
3.42742270E-57
3.42742270E-57
3.42742270E-57
3.42742270E-57
3.42742270E-57
3.42742270E-57
3.42742270E-57
3.42742270E-57
3.42742270E-57
3.42742270E-57
3.42742270E-57
3.42742270E-57
3.42742270E-57
3.42742270E-57
3.42742270E-57
3.42742270E-57
3.85922343E-57
3.85922343E-57
3.85922343E-57
3.85922343E-57
3.85922343E-57
3.85922343E-57
3.85922343E-57
3.85922343E-57
3.85922343E-57
3.85922343E-57
3.85922343E-57
3.85922343E-57
3.85922343E-57
3.85922343E-57
3.85922343E-57
3.85922343E-57
3.85922343E-57
3.85922343E-57
3.85922343E-57
3.85922343E-57
3.85922343E-57
3.85922343E-57
4.34542418E-57
4.34542418E-57
4.34542418E-57
4.34542418E-57
4.34542418E-57
4.34542418E-57
4.34542418E-57
4.34542418E-57
4.34542418E-57
4.34542418E-57
4.34542418E-57
4.34542418E-57
4.34542418E-57
4.34542418E-57
4.34542418E-57
4.34542418E-57
4.34542418E-57
4.34542418E-57
4.34542418E-57
4.34542418E-57
4.34542418E-57
4.89287849E-57
4.89287849E-57
4.89287849E-57
4.89287849E-57
4.89287849E-57
4.89287849E-57
4.89287849E-57
4.89287849E-57
4.89287849E-57
4.89287849E-57
4.89287849E-57
4.89287849E-57
4.89287849E-57
4.89287849E-57
4.89287849E-57
4.89287849E-57
4.89287849E-57
4.89287849E-57
4.89287849E-57
4.89287849E-57
4.89287849E-57
4.89287849E-57
5.50930334E-57
5.50930334E-57
5.50930334E-57
5.50930334E-57
5.50930334E-57
5.50930334E-57
5.50930334E-57
5.50930334E-57
5.50930334E-57
5.50930334E-57
5.50930334E-57
5.50930334E-57
5.50930334E-57
5.50930334E-57
5.50930334E-57
5.50930334E-57
5.50930334E-57
5.50930334E-57
5.50930334E-57
5.50930334E-57
5.50930334E-57
6.20338790E-57
6.20338790E-57
6.20338790E-57
6.20338790E-57
6.20338790E-57
6.20338790E-57
6.20338790E-57
6.20338790E-57
6.20338790E-57
6.20338790E-57
6.20338790E-57
6.20338790E-57
6.20338790E-57
6.20338790E-57
6.20338790E-57
6.20338790E-57
6.20338790E-57
6.20338790E-57
6.20338790E-57
6.20338790E-57
6.20338790E-57
6.20338790E-57
6.98491608E-57
6.98491608E-57
6.98491608E-57
6.98491608E-57
6.98491608E-57
6.98491608E-57
6.98491608E-57
6.98491608E-57
6.98491608E-57
6.98491608E-57
6.98491608E-57
6.98491608E-57
6.98491608E-57
6.98491608E-57
6.98491608E-57
6.98491608E-57
6.98491608E-57
6.98491608E-57
6.98491608E-57
6.98491608E-57
6.98491608E-57
7.86490438E-57
7.86490438E-57
7.86490438E-57
7.86490438E-57
7.86490438E-57
7.86490438E-57
7.86490438E-57
7.86490438E-57
7.86490438E-57
7.86490438E-57
7.86490438E-57
7.86490438E-57
7.86490438E-57
7.86490438E-57
7.86490438E-57
7.86490438E-57
7.86490438E-57
7.86490438E-57
7.86490438E-57
7.86490438E-57
7.86490438E-57
7.86490438E-57
8.85575719E-57
8.85575719E-57
8.85575719E-57
8.85575719E-57
8.85575719E-57
8.85575719E-57
8.85575719E-57
8.85575719E-57
8.85575719E-57
8.85575719E-57
8.85575719E-57
8.85575719E-57
8.85575719E-57
8.85575719E-57
8.85575719E-57
8.85575719E-57
8.85575719E-57
8.85575719E-57
8.85575719E-57
8.85575719E-57
8.85575719E-57
9.97144171E-57
9.97144171E-57
9.97144171E-57
9.97144171E-57
9.97144171E-57
9.97144171E-57
9.97144171E-57
9.97144171E-57
9.97144171E-57
9.97144171E-57
9.97144171E-57
9.97144171E-57
9.97144171E-57
9.97144171E-57
9.97144171E-57
9.97144171E-57
9.97144171E-57
9.97144171E-57
9.97144171E-57
9.97144171E-57
9.97144171E-57
9.97144171E-57
1.12276847E-56
1.12276847E-56
1.12276847E-56
1.12276847E-56
1.12276847E-56
1.12276847E-56
1.12276847E-56
1.12276847E-56
1.12276847E-56
1.12276847E-56
1.12276847E-56
1.12276847E-56
1.12276847E-56
1.12276847E-56
1.12276847E-56
1.12276847E-56
1.12276847E-56
1.12276847E-56
1.12276847E-56
1.12276847E-56
1.12276847E-56
1.26421944E-56
1.26421944E-56
1.26421944E-56
1.26421944E-56
1.26421944E-56
1.26421944E-56
1.26421944E-56
1.26421944E-56
1.26421944E-56
1.26421944E-56
1.26421944E-56
1.26421944E-56
1.26421944E-56
1.26421944E-56
1.26421944E-56
1.26421944E-56
1.26421944E-56
1.26421944E-56
1.26421944E-56
1.26421944E-56
1.26421944E-56
1.26421944E-56
1.42349097E-56
1.42349097E-56
1.42349097E-56
1.42349097E-56
1.42349097E-56
1.42349097E-56
1.42349097E-56
1.42349097E-56
1.42349097E-56
1.42349097E-56
1.42349097E-56
1.42349097E-56
1.42349097E-56
1.42349097E-56
1.42349097E-56
1.42349097E-56
1.42349097E-56
1.42349097E-56
1.42349097E-56
1.42349097E-56
1.42349097E-56
1.60282818E-56
1.60282818E-56
1.60282818E-56
1.60282818E-56
1.60282818E-56
1.60282818E-56
1.60282818E-56
1.60282818E-56
1.60282818E-56
1.60282818E-56
1.60282818E-56
1.60282818E-56
1.60282818E-56
1.60282818E-56
1.60282818E-56
1.60282818E-56
1.60282818E-56
1.60282818E-56
1.60282818E-56
1.60282818E-56
1.60282818E-56
1.60282818E-56
1.80475903E-56
1.80475903E-56
1.80475903E-56
1.80475903E-56
1.80475903E-56
1.80475903E-56
1.80475903E-56
1.80475903E-56
1.80475903E-56
1.80475903E-56
1.80475903E-56
1.80475903E-56
1.80475903E-56
1.80475903E-56
1.80475903E-56
1.80475903E-56
1.80475903E-56
1.80475903E-56
1.80475903E-56
1.80475903E-56
1.80475903E-56
2.03212996E-56
2.03212996E-56
2.03212996E-56
2.03212996E-56
2.03212996E-56
2.03212996E-56
2.03212996E-56
2.03212996E-56
2.03212996E-56
2.03212996E-56
2.03212996E-56
2.03212996E-56
2.03212996E-56
2.03212996E-56
2.03212996E-56
2.03212996E-56
2.03212996E-56
2.03212996E-56
2.03212996E-56
2.03212996E-56
2.03212996E-56
2.03212996E-56
2.28814600E-56
2.28814600E-56
2.28814600E-56
2.28814600E-56
2.28814600E-56
2.28814600E-56
2.28814600E-56
2.28814600E-56
2.28814600E-56
2.28814600E-56
2.28814600E-56
2.28814600E-56
2.28814600E-56
2.28814600E-56
2.28814600E-56
2.28814600E-56
2.28814600E-56
2.28814600E-56
2.28814600E-56
2.28814600E-56
2.28814600E-56
2.57641599E-56
2.57641599E-56
2.57641599E-56
2.57641599E-56
2.57641599E-56
2.57641599E-56
2.57641599E-56
2.57641599E-56
2.57641599E-56
2.57641599E-56
2.57641599E-56
2.57641599E-56
2.57641599E-56
2.57641599E-56
2.57641599E-56
2.57641599E-56
2.57641599E-56
2.57641599E-56
2.57641599E-56
2.57641599E-56
2.57641599E-56
2.57641599E-56
2.90100342E-56
2.90100342E-56
2.90100342E-56
2.90100342E-56
2.90100342E-56
2.90100342E-56
2.90100342E-56
2.90100342E-56
2.90100342E-56
2.90100342E-56
2.90100342E-56
2.90100342E-56
2.90100342E-56
2.90100342E-56
2.90100342E-56
2.90100342E-56
2.90100342E-56
2.90100342E-56
2.90100342E-56
2.90100342E-56
2.90100342E-56
3.26648369E-56
3.26648369E-56
3.26648369E-56
3.26648369E-56
3.26648369E-56
3.26648369E-56
3.26648369E-56
3.26648369E-56
3.26648369E-56
3.26648369E-56
3.26648369E-56
3.26648369E-56
3.26648369E-56
3.26648369E-56
3.26648369E-56
3.26648369E-56
3.26648369E-56
3.26648369E-56
3.26648369E-56
3.26648369E-56
3.26648369E-56
3.26648369E-56
3.67800867E-56
3.67800867E-56
3.67800867E-56
3.67800867E-56
3.67800867E-56
3.67800867E-56
3.67800867E-56
3.67800867E-56
3.67800867E-56
3.67800867E-56
3.67800867E-56
3.67800867E-56
3.67800867E-56
3.67800867E-56
3.67800867E-56
3.67800867E-56
3.67800867E-56
3.67800867E-56
3.67800867E-56
3.67800867E-56
3.67800867E-56
4.14137924E-56
4.14137924E-56
4.14137924E-56
4.14137924E-56
4.14137924E-56
4.14137924E-56
4.14137924E-56
4.14137924E-56
4.14137924E-56
4.14137924E-56
4.14137924E-56
4.14137924E-56
4.14137924E-56
4.14137924E-56
4.14137924E-56
4.14137924E-56
4.14137924E-56
4.14137924E-56
4.14137924E-56
4.14137924E-56
4.14137924E-56
4.14137924E-56
4.66312714E-56
4.66312714E-56
4.66312714E-56
4.66312714E-56
4.66312714E-56
4.66312714E-56
4.66312714E-56
4.66312714E-56
4.66312714E-56
4.66312714E-56
4.66312714E-56
4.66312714E-56
4.66312714E-56
4.66312714E-56
4.66312714E-56
4.66312714E-56
4.66312714E-56
4.66312714E-56
4.66312714E-56
4.66312714E-56
4.66312714E-56
5.25060696E-56
5.25060696E-56
5.25060696E-56
5.25060696E-56
5.25060696E-56
5.25060696E-56
5.25060696E-56
5.25060696E-56
5.25060696E-56
5.25060696E-56
5.25060696E-56
5.25060696E-56
5.25060696E-56
5.25060696E-56
5.25060696E-56
5.25060696E-56
5.25060696E-56
5.25060696E-56
5.25060696E-56
5.25060696E-56
5.25060696E-56
5.25060696E-56
5.91209991E-56
5.91209991E-56
5.91209991E-56
5.91209991E-56
5.91209991E-56
5.91209991E-56
5.91209991E-56
5.91209991E-56
5.91209991E-56
5.91209991E-56
5.91209991E-56
5.91209991E-56
5.91209991E-56
5.91209991E-56
5.91209991E-56
5.91209991E-56
5.91209991E-56
5.91209991E-56
5.91209991E-56
5.91209991E-56
5.91209991E-56
6.65693043E-56
6.65693043E-56
6.65693043E-56
6.65693043E-56
6.65693043E-56
6.65693043E-56
6.65693043E-56
6.65693043E-56
6.65693043E-56
6.65693043E-56
6.65693043E-56
6.65693043E-56
6.65693043E-56
6.65693043E-56
6.65693043E-56
6.65693043E-56
6.65693043E-56
6.65693043E-56
6.65693043E-56
6.65693043E-56
6.65693043E-56
6.65693043E-56
7.49559775E-56
7.49559775E-56
7.49559775E-56
7.49559775E-56
7.49559775E-56
7.49559775E-56
7.49559775E-56
7.49559775E-56
7.49559775E-56
7.49559775E-56
7.49559775E-56
7.49559775E-56
7.49559775E-56
7.49559775E-56
7.49559775E-56
7.49559775E-56
7.49559775E-56
7.49559775E-56
7.49559775E-56
7.49559775E-56
7.49559775E-56
8.43992381E-56
8.43992381E-56
8.43992381E-56
8.43992381E-56
8.43992381E-56
8.43992381E-56
8.43992381E-56
8.43992381E-56
8.43992381E-56
8.43992381E-56
8.43992381E-56
8.43992381E-56
8.43992381E-56
8.43992381E-56
8.43992381E-56
8.43992381E-56
8.43992381E-56
8.43992381E-56
8.43992381E-56
8.43992381E-56
8.43992381E-56
8.43992381E-56
9.50321993E-56
9.50321993E-56
9.50321993E-56
9.50321993E-56
9.50321993E-56
9.50321993E-56
9.50321993E-56
9.50321993E-56
9.50321993E-56
9.50321993E-56
9.50321993E-56
9.50321993E-56
9.50321993E-56
9.50321993E-56
9.50321993E-56
9.50321993E-56
9.50321993E-56
9.50321993E-56
9.50321993E-56
9.50321993E-56
9.50321993E-56
1.07004744E-55
1.07004744E-55
1.07004744E-55
1.07004744E-55
1.07004744E-55
1.07004744E-55
1.07004744E-55
1.07004744E-55
1.07004744E-55
1.07004744E-55
1.07004744E-55
1.07004744E-55
1.07004744E-55
1.07004744E-55
1.07004744E-55
1.07004744E-55
1.07004744E-55
1.07004744E-55
1.07004744E-55
1.07004744E-55
1.07004744E-55
1.07004744E-55
1.20485640E-55
1.20485640E-55
1.20485640E-55
1.20485640E-55
1.20485640E-55
1.20485640E-55
1.20485640E-55
1.20485640E-55
1.20485640E-55
1.20485640E-55
1.20485640E-55
1.20485640E-55
1.20485640E-55
1.20485640E-55
1.20485640E-55
1.20485640E-55
1.20485640E-55
1.20485640E-55
1.20485640E-55
1.20485640E-55
1.20485640E-55
1.35664913E-55
1.35664913E-55
1.35664913E-55
1.35664913E-55
1.35664913E-55
1.35664913E-55
1.35664913E-55
1.35664913E-55
1.35664913E-55
1.35664913E-55
1.35664913E-55
1.35664913E-55
1.35664913E-55
1.35664913E-55
1.35664913E-55
1.35664913E-55
1.35664913E-55
1.35664913E-55
1.35664913E-55
1.35664913E-55
1.35664913E-55
1.35664913E-55
1.52756534E-55
1.52756534E-55
1.52756534E-55
1.52756534E-55
1.52756534E-55
1.52756534E-55
1.52756534E-55
1.52756534E-55
1.52756534E-55
1.52756534E-55
1.52756534E-55
1.52756534E-55
1.52756534E-55
1.52756534E-55
1.52756534E-55
1.52756534E-55
1.52756534E-55
1.52756534E-55
1.52756534E-55
1.52756534E-55
1.52756534E-55
1.72001427E-55
1.72001427E-55
1.72001427E-55
1.72001427E-55
1.72001427E-55
1.72001427E-55
1.72001427E-55
1.72001427E-55
1.72001427E-55
1.72001427E-55
1.72001427E-55
1.72001427E-55
1.72001427E-55
1.72001427E-55
1.72001427E-55
1.72001427E-55
1.72001427E-55
1.72001427E-55
1.72001427E-55
1.72001427E-55
1.72001427E-55
1.72001427E-55
1.93670870E-55
1.93670870E-55
1.93670870E-55
1.93670870E-55
1.93670870E-55
1.93670870E-55
1.93670870E-55
1.93670870E-55
1.93670870E-55
1.93670870E-55
1.93670870E-55
1.93670870E-55
1.93670870E-55
1.93670870E-55
1.93670870E-55
1.93670870E-55
1.93670870E-55
1.93670870E-55
1.93670870E-55
1.93670870E-55
1.93670870E-55
2.18070318E-55
2.18070318E-55
2.18070318E-55
2.18070318E-55
2.18070318E-55
2.18070318E-55
2.18070318E-55
2.18070318E-55
2.18070318E-55
2.18070318E-55
2.18070318E-55
2.18070318E-55
2.18070318E-55
2.18070318E-55
2.18070318E-55
2.18070318E-55
2.18070318E-55
2.18070318E-55
2.18070318E-55
2.18070318E-55
2.18070318E-55
2.18070318E-55
2.45543709E-55
2.45543709E-55
2.45543709E-55
2.45543709E-55
2.45543709E-55
2.45543709E-55
2.45543709E-55
2.45543709E-55
2.45543709E-55
2.45543709E-55
2.45543709E-55
2.45543709E-55
2.45543709E-55
2.45543709E-55
2.45543709E-55
2.45543709E-55
2.45543709E-55
2.45543709E-55
2.45543709E-55
2.45543709E-55
2.45543709E-55
2.76478310E-55
2.76478310E-55
2.76478310E-55
2.76478310E-55
2.76478310E-55
2.76478310E-55
2.76478310E-55
2.76478310E-55
2.76478310E-55
2.76478310E-55
2.76478310E-55
2.76478310E-55
2.76478310E-55
2.76478310E-55
2.76478310E-55
2.76478310E-55
2.76478310E-55
2.76478310E-55
2.76478310E-55
2.76478310E-55
2.76478310E-55
2.76478310E-55
3.11310178E-55
3.11310178E-55
3.11310178E-55
3.11310178E-55
3.11310178E-55
3.11310178E-55
3.11310178E-55
3.11310178E-55
3.11310178E-55
3.11310178E-55
3.11310178E-55
3.11310178E-55
3.11310178E-55
3.11310178E-55
3.11310178E-55
3.11310178E-55
3.11310178E-55
3.11310178E-55
3.11310178E-55
3.11310178E-55
3.11310178E-55
3.50530308E-55
3.50530308E-55
3.50530308E-55
3.50530308E-55
3.50530308E-55
3.50530308E-55
3.50530308E-55
3.50530308E-55
3.50530308E-55
3.50530308E-55
3.50530308E-55
3.50530308E-55
3.50530308E-55
3.50530308E-55
3.50530308E-55
3.50530308E-55
3.50530308E-55
3.50530308E-55
3.50530308E-55
3.50530308E-55
3.50530308E-55
3.50530308E-55
3.94691549E-55
3.94691549E-55
3.94691549E-55
3.94691549E-55
3.94691549E-55
3.94691549E-55
3.94691549E-55
3.94691549E-55
3.94691549E-55
3.94691549E-55
3.94691549E-55
3.94691549E-55
3.94691549E-55
3.94691549E-55
3.94691549E-55
3.94691549E-55
3.94691549E-55
3.94691549E-55
3.94691549E-55
3.94691549E-55
3.94691549E-55
4.44416405E-55
4.44416405E-55
4.44416405E-55
4.44416405E-55
4.44416405E-55
4.44416405E-55
4.44416405E-55
4.44416405E-55
4.44416405E-55
4.44416405E-55
4.44416405E-55
4.44416405E-55
4.44416405E-55
4.44416405E-55
4.44416405E-55
4.44416405E-55
4.44416405E-55
4.44416405E-55
4.44416405E-55
4.44416405E-55
4.44416405E-55
4.44416405E-55
5.00405801E-55
5.00405801E-55
5.00405801E-55
5.00405801E-55
5.00405801E-55
5.00405801E-55
5.00405801E-55
5.00405801E-55
5.00405801E-55
5.00405801E-55
5.00405801E-55
5.00405801E-55
5.00405801E-55
5.00405801E-55
5.00405801E-55
5.00405801E-55
5.00405801E-55
5.00405801E-55
5.00405801E-55
5.00405801E-55
5.00405801E-55
5.63448971E-55
5.63448971E-55
5.63448971E-55
5.63448971E-55
5.63448971E-55
5.63448971E-55
5.63448971E-55
5.63448971E-55
5.63448971E-55
5.63448971E-55
5.63448971E-55
5.63448971E-55
5.63448971E-55
5.63448971E-55
5.63448971E-55
5.63448971E-55
5.63448971E-55
5.63448971E-55
5.63448971E-55
5.63448971E-55
5.63448971E-55
5.63448971E-55
6.34434576E-55
6.34434576E-55
6.34434576E-55
6.34434576E-55
6.34434576E-55
6.34434576E-55
6.34434576E-55
6.34434576E-55
6.34434576E-55
6.34434576E-55
6.34434576E-55
6.34434576E-55
6.34434576E-55
6.34434576E-55
6.34434576E-55
6.34434576E-55
6.34434576E-55
6.34434576E-55
6.34434576E-55
6.34434576E-55
6.34434576E-55
7.14363239E-55
7.14363239E-55
7.14363239E-55
7.14363239E-55
7.14363239E-55
7.14363239E-55
7.14363239E-55
7.14363239E-55
7.14363239E-55
7.14363239E-55
7.14363239E-55
7.14363239E-55
7.14363239E-55
7.14363239E-55
7.14363239E-55
7.14363239E-55
7.14363239E-55
7.14363239E-55
7.14363239E-55
7.14363239E-55
7.14363239E-55
7.14363239E-55
8.04361641E-55
8.04361641E-55
8.04361641E-55
8.04361641E-55
8.04361641E-55
8.04361641E-55
8.04361641E-55
8.04361641E-55
8.04361641E-55
8.04361641E-55
8.04361641E-55
8.04361641E-55
8.04361641E-55
8.04361641E-55
8.04361641E-55
8.04361641E-55
8.04361641E-55
8.04361641E-55
8.04361641E-55
8.04361641E-55
8.04361641E-55
9.05698411E-55
9.05698411E-55
9.05698411E-55
9.05698411E-55
9.05698411E-55
9.05698411E-55
9.05698411E-55
9.05698411E-55
9.05698411E-55
9.05698411E-55
9.05698411E-55
9.05698411E-55
9.05698411E-55
9.05698411E-55
9.05698411E-55
9.05698411E-55
9.05698411E-55
9.05698411E-55
9.05698411E-55
9.05698411E-55
9.05698411E-55
9.05698411E-55
1.01980200E-54
1.01980200E-54
1.01980200E-54
1.01980200E-54
1.01980200E-54
1.01980200E-54
1.01980200E-54
1.01980200E-54
1.01980200E-54
1.01980200E-54
1.01980200E-54
1.01980200E-54
1.01980200E-54
1.01980200E-54
1.01980200E-54
1.01980200E-54
1.01980200E-54
1.01980200E-54
1.01980200E-54
1.01980200E-54
1.01980200E-54
1.14828083E-54
1.14828083E-54
1.14828083E-54
1.14828083E-54
1.14828083E-54
1.14828083E-54
1.14828083E-54
1.14828083E-54
1.14828083E-54
1.14828083E-54
1.14828083E-54
1.14828083E-54
1.14828083E-54
1.14828083E-54
1.14828083E-54
1.14828083E-54
1.14828083E-54
1.14828083E-54
1.14828083E-54
1.14828083E-54
1.14828083E-54
1.14828083E-54
1.29294594E-54
1.29294594E-54
1.29294594E-54
1.29294594E-54
1.29294594E-54
1.29294594E-54
1.29294594E-54
1.29294594E-54
1.29294594E-54
1.29294594E-54
1.29294594E-54
1.29294594E-54
1.29294594E-54
1.29294594E-54
1.29294594E-54
1.29294594E-54
1.29294594E-54
1.29294594E-54
1.29294594E-54
1.29294594E-54
1.29294594E-54
1.45583656E-54
1.45583656E-54
1.45583656E-54
1.45583656E-54
1.45583656E-54
1.45583656E-54
1.45583656E-54
1.45583656E-54
1.45583656E-54
1.45583656E-54
1.45583656E-54
1.45583656E-54
1.45583656E-54
1.45583656E-54
1.45583656E-54
1.45583656E-54
1.45583656E-54
1.45583656E-54
1.45583656E-54
1.45583656E-54
1.45583656E-54
1.45583656E-54
1.63924880E-54
1.63924880E-54
1.63924880E-54
1.63924880E-54
1.63924880E-54
1.63924880E-54
1.63924880E-54
1.63924880E-54
1.63924880E-54
1.63924880E-54
1.63924880E-54
1.63924880E-54
1.63924880E-54
1.63924880E-54
1.63924880E-54
1.63924880E-54
1.63924880E-54
1.63924880E-54
1.63924880E-54
1.63924880E-54
1.63924880E-54
1.84576807E-54
1.84576807E-54
1.84576807E-54
1.84576807E-54
1.84576807E-54
1.84576807E-54
1.84576807E-54
1.84576807E-54
1.84576807E-54
1.84576807E-54
1.84576807E-54
1.84576807E-54
1.84576807E-54
1.84576807E-54
1.84576807E-54
1.84576807E-54
1.84576807E-54
1.84576807E-54
1.84576807E-54
1.84576807E-54
1.84576807E-54
1.84576807E-54
2.07830548E-54
2.07830548E-54
2.07830548E-54
2.07830548E-54
2.07830548E-54
2.07830548E-54
2.07830548E-54
2.07830548E-54
2.07830548E-54
2.07830548E-54
2.07830548E-54
2.07830548E-54
2.07830548E-54
2.07830548E-54
2.07830548E-54
2.07830548E-54
2.07830548E-54
2.07830548E-54
2.07830548E-54
2.07830548E-54
2.07830548E-54
2.34013891E-54
2.34013891E-54
2.34013891E-54
2.34013891E-54
2.34013891E-54
2.34013891E-54
2.34013891E-54
2.34013891E-54
2.34013891E-54
2.34013891E-54
2.34013891E-54
2.34013891E-54
2.34013891E-54
2.34013891E-54
2.34013891E-54
2.34013891E-54
2.34013891E-54
2.34013891E-54
2.34013891E-54
2.34013891E-54
2.34013891E-54
2.34013891E-54
2.63495918E-54
2.63495918E-54
2.63495918E-54
2.63495918E-54
2.63495918E-54
2.63495918E-54
2.63495918E-54
2.63495918E-54
2.63495918E-54
2.63495918E-54
2.63495918E-54
2.63495918E-54
2.63495918E-54
2.63495918E-54
2.63495918E-54
2.63495918E-54
2.63495918E-54
2.63495918E-54
2.63495918E-54
2.63495918E-54
2.63495918E-54
2.96692211E-54
2.96692211E-54
2.96692211E-54
2.96692211E-54
2.96692211E-54
2.96692211E-54
2.96692211E-54
2.96692211E-54
2.96692211E-54
2.96692211E-54
2.96692211E-54
2.96692211E-54
2.96692211E-54
2.96692211E-54
2.96692211E-54
2.96692211E-54
2.96692211E-54
2.96692211E-54
2.96692211E-54
2.96692211E-54
2.96692211E-54
2.96692211E-54
3.34070709E-54
3.34070709E-54
3.34070709E-54
3.34070709E-54
3.34070709E-54
3.34070709E-54
3.34070709E-54
3.34070709E-54
3.34070709E-54
3.34070709E-54
3.34070709E-54
3.34070709E-54
3.34070709E-54
3.34070709E-54
3.34070709E-54
3.34070709E-54
3.34070709E-54
3.34070709E-54
3.34070709E-54
3.34070709E-54
3.34070709E-54
3.76158304E-54
3.76158304E-54
3.76158304E-54
3.76158304E-54
3.76158304E-54
3.76158304E-54
3.76158304E-54
3.76158304E-54
3.76158304E-54
3.76158304E-54
3.76158304E-54
3.76158304E-54
3.76158304E-54
3.76158304E-54
3.76158304E-54
3.76158304E-54
3.76158304E-54
3.76158304E-54
3.76158304E-54
3.76158304E-54
3.76158304E-54
3.76158304E-54
4.23548265E-54
4.23548265E-54
4.23548265E-54
4.23548265E-54
4.23548265E-54
4.23548265E-54
4.23548265E-54
4.23548265E-54
4.23548265E-54
4.23548265E-54
4.23548265E-54
4.23548265E-54
4.23548265E-54
4.23548265E-54
4.23548265E-54
4.23548265E-54
4.23548265E-54
4.23548265E-54
4.23548265E-54
4.23548265E-54
4.23548265E-54
4.76908608E-54
4.76908608E-54
4.76908608E-54
4.76908608E-54
4.76908608E-54
4.76908608E-54
4.76908608E-54
4.76908608E-54
4.76908608E-54
4.76908608E-54
4.76908608E-54
4.76908608E-54
4.76908608E-54
4.76908608E-54
4.76908608E-54
4.76908608E-54
4.76908608E-54
4.76908608E-54
4.76908608E-54
4.76908608E-54
4.76908608E-54
4.76908608E-54
5.36991505E-54
5.36991505E-54
5.36991505E-54
5.36991505E-54
5.36991505E-54
5.36991505E-54
5.36991505E-54
5.36991505E-54
5.36991505E-54
5.36991505E-54
5.36991505E-54
5.36991505E-54
5.36991505E-54
5.36991505E-54
5.36991505E-54
5.36991505E-54
5.36991505E-54
5.36991505E-54
5.36991505E-54
5.36991505E-54
5.36991505E-54
6.04643891E-54
6.04643891E-54
6.04643891E-54
6.04643891E-54
6.04643891E-54
6.04643891E-54
6.04643891E-54
6.04643891E-54
6.04643891E-54
6.04643891E-54
6.04643891E-54
6.04643891E-54
6.04643891E-54
6.04643891E-54
6.04643891E-54
6.04643891E-54
6.04643891E-54
6.04643891E-54
6.04643891E-54
6.04643891E-54
6.04643891E-54
6.04643891E-54
6.80819401E-54
6.80819401E-54
6.80819401E-54
6.80819401E-54
6.80819401E-54
6.80819401E-54
6.80819401E-54
6.80819401E-54
6.80819401E-54
6.80819401E-54
6.80819401E-54
6.80819401E-54
6.80819401E-54
6.80819401E-54
6.80819401E-54
6.80819401E-54
6.80819401E-54
6.80819401E-54
6.80819401E-54
6.80819401E-54
6.80819401E-54
7.66591813E-54
7.66591813E-54
7.66591813E-54
7.66591813E-54
7.66591813E-54
7.66591813E-54
7.66591813E-54
7.66591813E-54
7.66591813E-54
7.66591813E-54
7.66591813E-54
7.66591813E-54
7.66591813E-54
7.66591813E-54
7.66591813E-54
7.66591813E-54
7.66591813E-54
7.66591813E-54
7.66591813E-54
7.66591813E-54
7.66591813E-54
7.66591813E-54
8.63170186E-54
8.63170186E-54
8.63170186E-54
8.63170186E-54
8.63170186E-54
8.63170186E-54
8.63170186E-54
8.63170186E-54
8.63170186E-54
8.63170186E-54
8.63170186E-54
8.63170186E-54
8.63170186E-54
8.63170186E-54
8.63170186E-54
8.63170186E-54
8.63170186E-54
8.63170186E-54
8.63170186E-54
8.63170186E-54
8.63170186E-54
9.71915896E-54
9.71915896E-54
9.71915896E-54
9.71915896E-54
9.71915896E-54
9.71915896E-54
9.71915896E-54
9.71915896E-54
9.71915896E-54
9.71915896E-54
9.71915896E-54
9.71915896E-54
9.71915896E-54
9.71915896E-54
9.71915896E-54
9.71915896E-54
9.71915896E-54
9.71915896E-54
9.71915896E-54
9.71915896E-54
9.71915896E-54
9.71915896E-54
1.09436184E-53
1.09436184E-53
1.09436184E-53
1.09436184E-53
1.09436184E-53
1.09436184E-53
1.09436184E-53
1.09436184E-53
1.09436184E-53
1.09436184E-53
1.09436184E-53
1.09436184E-53
1.09436184E-53
1.09436184E-53
1.09436184E-53
1.09436184E-53
1.09436184E-53
1.09436184E-53
1.09436184E-53
1.09436184E-53
1.09436184E-53
1.23223402E-53
1.23223402E-53
1.23223402E-53
1.23223402E-53
1.23223402E-53
1.23223402E-53
1.23223402E-53
1.23223402E-53
1.23223402E-53
1.23223402E-53
1.23223402E-53
1.23223402E-53
1.23223402E-53
1.23223402E-53
1.23223402E-53
1.23223402E-53
1.23223402E-53
1.23223402E-53
1.23223402E-53
1.23223402E-53
1.23223402E-53
1.23223402E-53
1.38747590E-53
1.38747590E-53
1.38747590E-53
1.38747590E-53
1.38747590E-53
1.38747590E-53
1.38747590E-53
1.38747590E-53
1.38747590E-53
1.38747590E-53
1.38747590E-53
1.38747590E-53
1.38747590E-53
1.38747590E-53
1.38747590E-53
1.38747590E-53
1.38747590E-53
1.38747590E-53
1.38747590E-53
1.38747590E-53
1.38747590E-53
1.56227578E-53
1.56227578E-53
1.56227578E-53
1.56227578E-53
1.56227578E-53
1.56227578E-53
1.56227578E-53
1.56227578E-53
1.56227578E-53
1.56227578E-53
1.56227578E-53
1.56227578E-53
1.56227578E-53
1.56227578E-53
1.56227578E-53
1.56227578E-53
1.56227578E-53
1.56227578E-53
1.56227578E-53
1.56227578E-53
1.56227578E-53
1.56227578E-53
1.75909768E-53
1.75909768E-53
1.75909768E-53
1.75909768E-53
1.75909768E-53
1.75909768E-53
1.75909768E-53
1.75909768E-53
1.75909768E-53
1.75909768E-53
1.75909768E-53
1.75909768E-53
1.75909768E-53
1.75909768E-53
1.75909768E-53
1.75909768E-53
1.75909768E-53
1.75909768E-53
1.75909768E-53
1.75909768E-53
1.75909768E-53
1.98071600E-53
1.98071600E-53
1.98071600E-53
1.98071600E-53
1.98071600E-53
1.98071600E-53
1.98071600E-53
1.98071600E-53
1.98071600E-53
1.98071600E-53
1.98071600E-53
1.98071600E-53
1.98071600E-53
1.98071600E-53
1.98071600E-53
1.98071600E-53
1.98071600E-53
1.98071600E-53
1.98071600E-53
1.98071600E-53
1.98071600E-53
1.98071600E-53
2.23025470E-53
2.23025470E-53
2.23025470E-53
2.23025470E-53
2.23025470E-53
2.23025470E-53
2.23025470E-53
2.23025470E-53
2.23025470E-53
2.23025470E-53
2.23025470E-53
2.23025470E-53
2.23025470E-53
2.23025470E-53
2.23025470E-53
2.23025470E-53
2.23025470E-53
2.23025470E-53
2.23025470E-53
2.23025470E-53
2.23025470E-53
2.51123131E-53
2.51123131E-53
2.51123131E-53
2.51123131E-53
2.51123131E-53
2.51123131E-53
2.51123131E-53
2.51123131E-53
2.51123131E-53
2.51123131E-53
2.51123131E-53
2.51123131E-53
2.51123131E-53
2.51123131E-53
2.51123131E-53
2.51123131E-53
2.51123131E-53
2.51123131E-53
2.51123131E-53
2.51123131E-53
2.51123131E-53
2.51123131E-53
2.82760650E-53
2.82760650E-53
2.82760650E-53
2.82760650E-53
2.82760650E-53
2.82760650E-53
2.82760650E-53
2.82760650E-53
2.82760650E-53
2.82760650E-53
2.82760650E-53
2.82760650E-53
2.82760650E-53
2.82760650E-53
2.82760650E-53
2.82760650E-53
2.82760650E-53
2.82760650E-53
2.82760650E-53
2.82760650E-53
2.82760650E-53
3.18383993E-53
3.18383993E-53
3.18383993E-53
3.18383993E-53
3.18383993E-53
3.18383993E-53
3.18383993E-53
3.18383993E-53
3.18383993E-53
3.18383993E-53
3.18383993E-53
3.18383993E-53
3.18383993E-53
3.18383993E-53
3.18383993E-53
3.18383993E-53
3.18383993E-53
3.18383993E-53
3.18383993E-53
3.18383993E-53
3.18383993E-53
3.18383993E-53
3.58495310E-53
3.58495310E-53
3.58495310E-53
3.58495310E-53
3.58495310E-53
3.58495310E-53
3.58495310E-53
3.58495310E-53
3.58495310E-53
3.58495310E-53
3.58495310E-53
3.58495310E-53
3.58495310E-53
3.58495310E-53
3.58495310E-53
3.58495310E-53
3.58495310E-53
3.58495310E-53
3.58495310E-53
3.58495310E-53
3.58495310E-53
4.03660016E-53
4.03660016E-53
4.03660016E-53
4.03660016E-53
4.03660016E-53
4.03660016E-53
4.03660016E-53
4.03660016E-53
4.03660016E-53
4.03660016E-53
4.03660016E-53
4.03660016E-53
4.03660016E-53
4.03660016E-53
4.03660016E-53
4.03660016E-53
4.03660016E-53
4.03660016E-53
4.03660016E-53
4.03660016E-53
4.03660016E-53
4.03660016E-53
4.54514755E-53
4.54514755E-53
4.54514755E-53
4.54514755E-53
4.54514755E-53
4.54514755E-53
4.54514755E-53
4.54514755E-53
4.54514755E-53
4.54514755E-53
4.54514755E-53
4.54514755E-53
4.54514755E-53
4.54514755E-53
4.54514755E-53
4.54514755E-53
4.54514755E-53
4.54514755E-53
4.54514755E-53
4.54514755E-53
4.54514755E-53
5.11776383E-53
5.11776383E-53
5.11776383E-53
5.11776383E-53
5.11776383E-53
5.11776383E-53
5.11776383E-53
5.11776383E-53
5.11776383E-53
5.11776383E-53
5.11776383E-53
5.11776383E-53
5.11776383E-53
5.11776383E-53
5.11776383E-53
5.11776383E-53
5.11776383E-53
5.11776383E-53
5.11776383E-53
5.11776383E-53
5.11776383E-53
5.11776383E-53
5.76252065E-53
5.76252065E-53
5.76252065E-53
5.76252065E-53
5.76252065E-53
5.76252065E-53
5.76252065E-53
5.76252065E-53
5.76252065E-53
5.76252065E-53
5.76252065E-53
5.76252065E-53
5.76252065E-53
5.76252065E-53
5.76252065E-53
5.76252065E-53
5.76252065E-53
5.76252065E-53
5.76252065E-53
5.76252065E-53
5.76252065E-53
6.48850657E-53
6.48850657E-53
6.48850657E-53
6.48850657E-53
6.48850657E-53
6.48850657E-53
6.48850657E-53
6.48850657E-53
6.48850657E-53
6.48850657E-53
6.48850657E-53
6.48850657E-53
6.48850657E-53
6.48850657E-53
6.48850657E-53
6.48850657E-53
6.48850657E-53
6.48850657E-53
6.48850657E-53
6.48850657E-53
6.48850657E-53
6.48850657E-53
7.30595516E-53
7.30595516E-53
7.30595516E-53
7.30595516E-53
7.30595516E-53
7.30595516E-53
7.30595516E-53
7.30595516E-53
7.30595516E-53
7.30595516E-53
7.30595516E-53
7.30595516E-53
7.30595516E-53
7.30595516E-53
7.30595516E-53
7.30595516E-53
7.30595516E-53
7.30595516E-53
7.30595516E-53
7.30595516E-53
7.30595516E-53
8.22638928E-53
8.22638928E-53
8.22638928E-53
8.22638928E-53
8.22638928E-53
8.22638928E-53
8.22638928E-53
8.22638928E-53
8.22638928E-53
8.22638928E-53
8.22638928E-53
8.22638928E-53
8.22638928E-53
8.22638928E-53
8.22638928E-53
8.22638928E-53
8.22638928E-53
8.22638928E-53
8.22638928E-53
8.22638928E-53
8.22638928E-53
8.22638928E-53
9.26278344E-53
9.26278344E-53
9.26278344E-53
9.26278344E-53
9.26278344E-53
9.26278344E-53
9.26278344E-53
9.26278344E-53
9.26278344E-53
9.26278344E-53
9.26278344E-53
9.26278344E-53
9.26278344E-53
9.26278344E-53
9.26278344E-53
9.26278344E-53
9.26278344E-53
9.26278344E-53
9.26278344E-53
9.26278344E-53
9.26278344E-53
1.04297468E-52
1.04297468E-52
1.04297468E-52
1.04297468E-52
1.04297468E-52
1.04297468E-52
1.04297468E-52
1.04297468E-52
1.04297468E-52
1.04297468E-52
1.04297468E-52
1.04297468E-52
1.04297468E-52
1.04297468E-52
1.04297468E-52
1.04297468E-52
1.04297468E-52
1.04297468E-52
1.04297468E-52
1.04297468E-52
1.04297468E-52
1.04297468E-52
1.17437289E-52
1.17437289E-52
1.17437289E-52
1.17437289E-52
1.17437289E-52
1.17437289E-52
1.17437289E-52
1.17437289E-52
1.17437289E-52
1.17437289E-52
1.17437289E-52
1.17437289E-52
1.17437289E-52
1.17437289E-52
1.17437289E-52
1.17437289E-52
1.17437289E-52
1.17437289E-52
1.17437289E-52
1.17437289E-52
1.17437289E-52
1.32232519E-52
1.32232519E-52
1.32232519E-52
1.32232519E-52
1.32232519E-52
1.32232519E-52
1.32232519E-52
1.32232519E-52
1.32232519E-52
1.32232519E-52
1.32232519E-52
1.32232519E-52
1.32232519E-52
1.32232519E-52
1.32232519E-52
1.32232519E-52
1.32232519E-52
1.32232519E-52
1.32232519E-52
1.32232519E-52
1.32232519E-52
1.32232519E-52
1.48891713E-52
1.48891713E-52
1.48891713E-52
1.48891713E-52
1.48891713E-52
1.48891713E-52
1.48891713E-52
1.48891713E-52
1.48891713E-52
1.48891713E-52
1.48891713E-52
1.48891713E-52
1.48891713E-52
1.48891713E-52
1.48891713E-52
1.48891713E-52
1.48891713E-52
1.48891713E-52
1.48891713E-52
1.48891713E-52
1.48891713E-52
1.67649700E-52
1.67649700E-52
1.67649700E-52
1.67649700E-52
1.67649700E-52
1.67649700E-52
1.67649700E-52
1.67649700E-52
1.67649700E-52
1.67649700E-52
1.67649700E-52
1.67649700E-52
1.67649700E-52
1.67649700E-52
1.67649700E-52
1.67649700E-52
1.67649700E-52
1.67649700E-52
1.67649700E-52
1.67649700E-52
1.67649700E-52
1.67649700E-52
1.88770895E-52
1.88770895E-52
1.88770895E-52
1.88770895E-52
1.88770895E-52
1.88770895E-52
1.88770895E-52
1.88770895E-52
1.88770895E-52
1.88770895E-52
1.88770895E-52
1.88770895E-52
1.88770895E-52
1.88770895E-52
1.88770895E-52
1.88770895E-52
1.88770895E-52
1.88770895E-52
1.88770895E-52
1.88770895E-52
1.88770895E-52
2.12553024E-52
2.12553024E-52
2.12553024E-52
2.12553024E-52
2.12553024E-52
2.12553024E-52
2.12553024E-52
2.12553024E-52
2.12553024E-52
2.12553024E-52
2.12553024E-52
2.12553024E-52
2.12553024E-52
2.12553024E-52
2.12553024E-52
2.12553024E-52
2.12553024E-52
2.12553024E-52
2.12553024E-52
2.12553024E-52
2.12553024E-52
2.12553024E-52
2.39331323E-52
2.39331323E-52
2.39331323E-52
2.39331323E-52
2.39331323E-52
2.39331323E-52
2.39331323E-52
2.39331323E-52
2.39331323E-52
2.39331323E-52
2.39331323E-52
2.39331323E-52
2.39331323E-52
2.39331323E-52
2.39331323E-52
2.39331323E-52
2.39331323E-52
2.39331323E-52
2.39331323E-52
2.39331323E-52
2.39331323E-52
2.69483262E-52
2.69483262E-52
2.69483262E-52
2.69483262E-52
2.69483262E-52
2.69483262E-52
2.69483262E-52
2.69483262E-52
2.69483262E-52
2.69483262E-52
2.69483262E-52
2.69483262E-52
2.69483262E-52
2.69483262E-52
2.69483262E-52
2.69483262E-52
2.69483262E-52
2.69483262E-52
2.69483262E-52
2.69483262E-52
2.69483262E-52
2.69483262E-52
3.03433866E-52
3.03433866E-52
3.03433866E-52
3.03433866E-52
3.03433866E-52
3.03433866E-52
3.03433866E-52
3.03433866E-52
3.03433866E-52
3.03433866E-52
3.03433866E-52
3.03433866E-52
3.03433866E-52
3.03433866E-52
3.03433866E-52
3.03433866E-52
3.03433866E-52
3.03433866E-52
3.03433866E-52
3.03433866E-52
3.03433866E-52
3.41661705E-52
3.41661705E-52
3.41661705E-52
3.41661705E-52
3.41661705E-52
3.41661705E-52
3.41661705E-52
3.41661705E-52
3.41661705E-52
3.41661705E-52
3.41661705E-52
3.41661705E-52
3.41661705E-52
3.41661705E-52
3.41661705E-52
3.41661705E-52
3.41661705E-52
3.41661705E-52
3.41661705E-52
3.41661705E-52
3.41661705E-52
3.41661705E-52
3.84705644E-52
3.84705644E-52
3.84705644E-52
3.84705644E-52
3.84705644E-52
3.84705644E-52
3.84705644E-52
3.84705644E-52
3.84705644E-52
3.84705644E-52
3.84705644E-52
3.84705644E-52
3.84705644E-52
3.84705644E-52
3.84705644E-52
3.84705644E-52
3.84705644E-52
3.84705644E-52
3.84705644E-52
3.84705644E-52
3.84705644E-52
4.33172435E-52
4.33172435E-52
4.33172435E-52
4.33172435E-52
4.33172435E-52
4.33172435E-52
4.33172435E-52
4.33172435E-52
4.33172435E-52
4.33172435E-52
4.33172435E-52
4.33172435E-52
4.33172435E-52
4.33172435E-52
4.33172435E-52
4.33172435E-52
4.33172435E-52
4.33172435E-52
4.33172435E-52
4.33172435E-52
4.33172435E-52
4.33172435E-52
4.87745270E-52
4.87745270E-52
4.87745270E-52
4.87745270E-52
4.87745270E-52
4.87745270E-52
4.87745270E-52
4.87745270E-52
4.87745270E-52
4.87745270E-52
4.87745270E-52
4.87745270E-52
4.87745270E-52
4.87745270E-52
4.87745270E-52
4.87745270E-52
4.87745270E-52
4.87745270E-52
4.87745270E-52
4.87745270E-52
4.87745270E-52
5.49193414E-52
5.49193414E-52
5.49193414E-52
5.49193414E-52
5.49193414E-52
5.49193414E-52
5.49193414E-52
5.49193414E-52
5.49193414E-52
5.49193414E-52
5.49193414E-52
5.49193414E-52
5.49193414E-52
5.49193414E-52
5.49193414E-52
5.49193414E-52
5.49193414E-52
5.49193414E-52
5.49193414E-52
5.49193414E-52
5.49193414E-52
5.49193414E-52
6.18383046E-52
6.18383046E-52
6.18383046E-52
6.18383046E-52
6.18383046E-52
6.18383046E-52
6.18383046E-52
6.18383046E-52
6.18383046E-52
6.18383046E-52
6.18383046E-52
6.18383046E-52
6.18383046E-52
6.18383046E-52
6.18383046E-52
6.18383046E-52
6.18383046E-52
6.18383046E-52
6.18383046E-52
6.18383046E-52
6.18383046E-52
6.96289471E-52
6.96289471E-52
6.96289471E-52
6.96289471E-52
6.96289471E-52
6.96289471E-52
6.96289471E-52
6.96289471E-52
6.96289471E-52
6.96289471E-52
6.96289471E-52
6.96289471E-52
6.96289471E-52
6.96289471E-52
6.96289471E-52
6.96289471E-52
6.96289471E-52
6.96289471E-52
6.96289471E-52
6.96289471E-52
6.96289471E-52
6.96289471E-52
7.84010866E-52
7.84010866E-52
7.84010866E-52
7.84010866E-52
7.84010866E-52
7.84010866E-52
7.84010866E-52
7.84010866E-52
7.84010866E-52
7.84010866E-52
7.84010866E-52
7.84010866E-52
7.84010866E-52
7.84010866E-52
7.84010866E-52
7.84010866E-52
7.84010866E-52
7.84010866E-52
7.84010866E-52
7.84010866E-52
7.84010866E-52
8.82783762E-52
8.82783762E-52
8.82783762E-52
8.82783762E-52
8.82783762E-52
8.82783762E-52
8.82783762E-52
8.82783762E-52
8.82783762E-52
8.82783762E-52
8.82783762E-52
8.82783762E-52
8.82783762E-52
8.82783762E-52
8.82783762E-52
8.82783762E-52
8.82783762E-52
8.82783762E-52
8.82783762E-52
8.82783762E-52
8.82783762E-52
8.82783762E-52
9.94000471E-52
9.94000471E-52
9.94000471E-52
9.94000471E-52
9.94000471E-52
9.94000471E-52
9.94000471E-52
9.94000471E-52
9.94000471E-52
9.94000471E-52
9.94000471E-52
9.94000471E-52
9.94000471E-52
9.94000471E-52
9.94000471E-52
9.94000471E-52
9.94000471E-52
9.94000471E-52
9.94000471E-52
9.94000471E-52
9.94000471E-52
1.11922872E-51
1.11922872E-51
1.11922872E-51
1.11922872E-51
1.11922872E-51
1.11922872E-51
1.11922872E-51
1.11922872E-51
1.11922872E-51
1.11922872E-51
1.11922872E-51
1.11922872E-51
1.11922872E-51
1.11922872E-51
1.11922872E-51
1.11922872E-51
1.11922872E-51
1.11922872E-51
1.11922872E-51
1.11922872E-51
1.11922872E-51
1.11922872E-51
1.26023373E-51
1.26023373E-51
1.26023373E-51
1.26023373E-51
1.26023373E-51
1.26023373E-51
1.26023373E-51
1.26023373E-51
1.26023373E-51
1.26023373E-51
1.26023373E-51
1.26023373E-51
1.26023373E-51
1.26023373E-51
1.26023373E-51
1.26023373E-51
1.26023373E-51
1.26023373E-51
1.26023373E-51
1.26023373E-51
1.26023373E-51
1.41900313E-51
1.41900313E-51
1.41900313E-51
1.41900313E-51
1.41900313E-51
1.41900313E-51
1.41900313E-51
1.41900313E-51
1.41900313E-51
1.41900313E-51
1.41900313E-51
1.41900313E-51
1.41900313E-51
1.41900313E-51
1.41900313E-51
1.41900313E-51
1.41900313E-51
1.41900313E-51
1.41900313E-51
1.41900313E-51
1.41900313E-51
1.41900313E-51
1.59777494E-51
1.59777494E-51
1.59777494E-51
1.59777494E-51
1.59777494E-51
1.59777494E-51
1.59777494E-51
1.59777494E-51
1.59777494E-51
1.59777494E-51
1.59777494E-51
1.59777494E-51
1.59777494E-51
1.59777494E-51
1.59777494E-51
1.59777494E-51
1.59777494E-51
1.59777494E-51
1.59777494E-51
1.59777494E-51
1.59777494E-51
1.79906916E-51
1.79906916E-51
1.79906916E-51
1.79906916E-51
1.79906916E-51
1.79906916E-51
1.79906916E-51
1.79906916E-51
1.79906916E-51
1.79906916E-51
1.79906916E-51
1.79906916E-51
1.79906916E-51
1.79906916E-51
1.79906916E-51
1.79906916E-51
1.79906916E-51
1.79906916E-51
1.79906916E-51
1.79906916E-51
1.79906916E-51
1.79906916E-51
2.02572326E-51
2.02572326E-51
2.02572326E-51
2.02572326E-51
2.02572326E-51
2.02572326E-51
2.02572326E-51
2.02572326E-51
2.02572326E-51
2.02572326E-51
2.02572326E-51
2.02572326E-51
2.02572326E-51
2.02572326E-51
2.02572326E-51
2.02572326E-51
2.02572326E-51
2.02572326E-51
2.02572326E-51
2.02572326E-51
2.02572326E-51
2.28093216E-51
2.28093216E-51
2.28093216E-51
2.28093216E-51
2.28093216E-51
2.28093216E-51
2.28093216E-51
2.28093216E-51
2.28093216E-51
2.28093216E-51
2.28093216E-51
2.28093216E-51
2.28093216E-51
2.28093216E-51
2.28093216E-51
2.28093216E-51
2.28093216E-51
2.28093216E-51
2.28093216E-51
2.28093216E-51
2.28093216E-51
2.28093216E-51
2.56829332E-51
2.56829332E-51
2.56829332E-51
2.56829332E-51
2.56829332E-51
2.56829332E-51
2.56829332E-51
2.56829332E-51
2.56829332E-51
2.56829332E-51
2.56829332E-51
2.56829332E-51
2.56829332E-51
2.56829332E-51
2.56829332E-51
2.56829332E-51
2.56829332E-51
2.56829332E-51
2.56829332E-51
2.56829332E-51
2.56829332E-51
2.89185741E-51
2.89185741E-51
2.89185741E-51
2.89185741E-51
2.89185741E-51
2.89185741E-51
2.89185741E-51
2.89185741E-51
2.89185741E-51
2.89185741E-51
2.89185741E-51
2.89185741E-51
2.89185741E-51
2.89185741E-51
2.89185741E-51
2.89185741E-51
2.89185741E-51
2.89185741E-51
2.89185741E-51
2.89185741E-51
2.89185741E-51
2.89185741E-51
3.25618544E-51
3.25618544E-51
3.25618544E-51
3.25618544E-51
3.25618544E-51
3.25618544E-51
3.25618544E-51
3.25618544E-51
3.25618544E-51
3.25618544E-51
3.25618544E-51
3.25618544E-51
3.25618544E-51
3.25618544E-51
3.25618544E-51
3.25618544E-51
3.25618544E-51
3.25618544E-51
3.25618544E-51
3.25618544E-51
3.25618544E-51
3.66641300E-51
3.66641300E-51
3.66641300E-51
3.66641300E-51
3.66641300E-51
3.66641300E-51
3.66641300E-51
3.66641300E-51
3.66641300E-51
3.66641300E-51
3.66641300E-51
3.66641300E-51
3.66641300E-51
3.66641300E-51
3.66641300E-51
3.66641300E-51
3.66641300E-51
3.66641300E-51
3.66641300E-51
3.66641300E-51
3.66641300E-51
3.66641300E-51
4.12832270E-51
4.12832270E-51
4.12832270E-51
4.12832270E-51
4.12832270E-51
4.12832270E-51
4.12832270E-51
4.12832270E-51
4.12832270E-51
4.12832270E-51
4.12832270E-51
4.12832270E-51
4.12832270E-51
4.12832270E-51
4.12832270E-51
4.12832270E-51
4.12832270E-51
4.12832270E-51
4.12832270E-51
4.12832270E-51
4.12832270E-51
4.64842568E-51
4.64842568E-51
4.64842568E-51
4.64842568E-51
4.64842568E-51
4.64842568E-51
4.64842568E-51
4.64842568E-51
4.64842568E-51
4.64842568E-51
4.64842568E-51
4.64842568E-51
4.64842568E-51
4.64842568E-51
4.64842568E-51
4.64842568E-51
4.64842568E-51
4.64842568E-51
4.64842568E-51
4.64842568E-51
4.64842568E-51
4.64842568E-51
5.23405336E-51
5.23405336E-51
5.23405336E-51
5.23405336E-51
5.23405336E-51
5.23405336E-51
5.23405336E-51
5.23405336E-51
5.23405336E-51
5.23405336E-51
5.23405336E-51
5.23405336E-51
5.23405336E-51
5.23405336E-51
5.23405336E-51
5.23405336E-51
5.23405336E-51
5.23405336E-51
5.23405336E-51
5.23405336E-51
5.23405336E-51
5.89346081E-51
5.89346081E-51
5.89346081E-51
5.89346081E-51
5.89346081E-51
5.89346081E-51
5.89346081E-51
5.89346081E-51
5.89346081E-51
5.89346081E-51
5.89346081E-51
5.89346081E-51
5.89346081E-51
5.89346081E-51
5.89346081E-51
5.89346081E-51
5.89346081E-51
5.89346081E-51
5.89346081E-51
5.89346081E-51
5.89346081E-51
5.89346081E-51
6.63594310E-51
6.63594310E-51
6.63594310E-51
6.63594310E-51
6.63594310E-51
6.63594310E-51
6.63594310E-51
6.63594310E-51
6.63594310E-51
6.63594310E-51
6.63594310E-51
6.63594310E-51
6.63594310E-51
6.63594310E-51
6.63594310E-51
6.63594310E-51
6.63594310E-51
6.63594310E-51
6.63594310E-51
6.63594310E-51
6.63594310E-51
7.47196635E-51
7.47196635E-51
7.47196635E-51
7.47196635E-51
7.47196635E-51
7.47196635E-51
7.47196635E-51
7.47196635E-51
7.47196635E-51
7.47196635E-51
7.47196635E-51
7.47196635E-51
7.47196635E-51
7.47196635E-51
7.47196635E-51
7.47196635E-51
7.47196635E-51
7.47196635E-51
7.47196635E-51
7.47196635E-51
7.47196635E-51
7.47196635E-51
8.41331524E-51
8.41331524E-51
8.41331524E-51
8.41331524E-51
8.41331524E-51
8.41331524E-51
8.41331524E-51
8.41331524E-51
8.41331524E-51
8.41331524E-51
8.41331524E-51
8.41331524E-51
8.41331524E-51
8.41331524E-51
8.41331524E-51
8.41331524E-51
8.41331524E-51
8.41331524E-51
8.41331524E-51
8.41331524E-51
8.41331524E-51
9.47325910E-51
9.47325910E-51
9.47325910E-51
9.47325910E-51
9.47325910E-51
9.47325910E-51
9.47325910E-51
9.47325910E-51
9.47325910E-51
9.47325910E-51
9.47325910E-51
9.47325910E-51
9.47325910E-51
9.47325910E-51
9.47325910E-51
9.47325910E-51
9.47325910E-51
9.47325910E-51
9.47325910E-51
9.47325910E-51
9.47325910E-51
9.47325910E-51
1.06667390E-50
1.06667390E-50
1.06667390E-50
1.06667390E-50
1.06667390E-50
1.06667390E-50
1.06667390E-50
1.06667390E-50
1.06667390E-50
1.06667390E-50
1.06667390E-50
1.06667390E-50
1.06667390E-50
1.06667390E-50
1.06667390E-50
1.06667390E-50
1.06667390E-50
1.06667390E-50
1.06667390E-50
1.06667390E-50
1.06667390E-50
1.20105784E-50
1.20105784E-50
1.20105784E-50
1.20105784E-50
1.20105784E-50
1.20105784E-50
1.20105784E-50
1.20105784E-50
1.20105784E-50
1.20105784E-50
1.20105784E-50
1.20105784E-50
1.20105784E-50
1.20105784E-50
1.20105784E-50
1.20105784E-50
1.20105784E-50
1.20105784E-50
1.20105784E-50
1.20105784E-50
1.20105784E-50
1.20105784E-50
1.35237202E-50
1.35237202E-50
1.35237202E-50
1.35237202E-50
1.35237202E-50
1.35237202E-50
1.35237202E-50
1.35237202E-50
1.35237202E-50
1.35237202E-50
1.35237202E-50
1.35237202E-50
1.35237202E-50
1.35237202E-50
1.35237202E-50
1.35237202E-50
1.35237202E-50
1.35237202E-50
1.35237202E-50
1.35237202E-50
1.35237202E-50
1.52274938E-50
1.52274938E-50
1.52274938E-50
1.52274938E-50
1.52274938E-50
1.52274938E-50
1.52274938E-50
1.52274938E-50
1.52274938E-50
1.52274938E-50
1.52274938E-50
1.52274938E-50
1.52274938E-50
1.52274938E-50
1.52274938E-50
1.52274938E-50
1.52274938E-50
1.52274938E-50
1.52274938E-50
1.52274938E-50
1.52274938E-50
1.52274938E-50
1.71459157E-50
1.71459157E-50
1.71459157E-50
1.71459157E-50
1.71459157E-50
1.71459157E-50
1.71459157E-50
1.71459157E-50
1.71459157E-50
1.71459157E-50
1.71459157E-50
1.71459157E-50
1.71459157E-50
1.71459157E-50
1.71459157E-50
1.71459157E-50
1.71459157E-50
1.71459157E-50
1.71459157E-50
1.71459157E-50
1.71459157E-50
1.93060283E-50
1.93060283E-50
1.93060283E-50
1.93060283E-50
1.93060283E-50
1.93060283E-50
1.93060283E-50
1.93060283E-50
1.93060283E-50
1.93060283E-50
1.93060283E-50
1.93060283E-50
1.93060283E-50
1.93060283E-50
1.93060283E-50
1.93060283E-50
1.93060283E-50
1.93060283E-50
1.93060283E-50
1.93060283E-50
1.93060283E-50
1.93060283E-50
2.17382807E-50
2.17382807E-50
2.17382807E-50
2.17382807E-50
2.17382807E-50
2.17382807E-50
2.17382807E-50
2.17382807E-50
2.17382807E-50
2.17382807E-50
2.17382807E-50
2.17382807E-50
2.17382807E-50
2.17382807E-50
2.17382807E-50
2.17382807E-50
2.17382807E-50
2.17382807E-50
2.17382807E-50
2.17382807E-50
2.17382807E-50
2.44769583E-50
2.44769583E-50
2.44769583E-50
2.44769583E-50
2.44769583E-50
2.44769583E-50
2.44769583E-50
2.44769583E-50
2.44769583E-50
2.44769583E-50
2.44769583E-50
2.44769583E-50
2.44769583E-50
2.44769583E-50
2.44769583E-50
2.44769583E-50
2.44769583E-50
2.44769583E-50
2.44769583E-50
2.44769583E-50
2.44769583E-50
2.44769583E-50
2.75606656E-50
2.75606656E-50
2.75606656E-50
2.75606656E-50
2.75606656E-50
2.75606656E-50
2.75606656E-50
2.75606656E-50
2.75606656E-50
2.75606656E-50
2.75606656E-50
2.75606656E-50
2.75606656E-50
2.75606656E-50
2.75606656E-50
2.75606656E-50
2.75606656E-50
2.75606656E-50
2.75606656E-50
2.75606656E-50
2.75606656E-50
3.10328709E-50
3.10328709E-50
3.10328709E-50
3.10328709E-50
3.10328709E-50
3.10328709E-50
3.10328709E-50
3.10328709E-50
3.10328709E-50
3.10328709E-50
3.10328709E-50
3.10328709E-50
3.10328709E-50
3.10328709E-50
3.10328709E-50
3.10328709E-50
3.10328709E-50
3.10328709E-50
3.10328709E-50
3.10328709E-50
3.10328709E-50
3.10328709E-50
3.49425189E-50
3.49425189E-50
3.49425189E-50
3.49425189E-50
3.49425189E-50
3.49425189E-50
3.49425189E-50
3.49425189E-50
3.49425189E-50
3.49425189E-50
3.49425189E-50
3.49425189E-50
3.49425189E-50
3.49425189E-50
3.49425189E-50
3.49425189E-50
3.49425189E-50
3.49425189E-50
3.49425189E-50
3.49425189E-50
3.49425189E-50
3.93447204E-50
3.93447204E-50
3.93447204E-50
3.93447204E-50
3.93447204E-50
3.93447204E-50
3.93447204E-50
3.93447204E-50
3.93447204E-50
3.93447204E-50
3.93447204E-50
3.93447204E-50
3.93447204E-50
3.93447204E-50
3.93447204E-50
3.93447204E-50
3.93447204E-50
3.93447204E-50
3.93447204E-50
3.93447204E-50
3.93447204E-50
3.93447204E-50
4.43015292E-50
4.43015292E-50
4.43015292E-50
4.43015292E-50
4.43015292E-50
4.43015292E-50
4.43015292E-50
4.43015292E-50
4.43015292E-50
4.43015292E-50
4.43015292E-50
4.43015292E-50
4.43015292E-50
4.43015292E-50
4.43015292E-50
4.43015292E-50
4.43015292E-50
4.43015292E-50
4.43015292E-50
4.43015292E-50
4.43015292E-50
4.98828170E-50
4.98828170E-50
4.98828170E-50
4.98828170E-50
4.98828170E-50
4.98828170E-50
4.98828170E-50
4.98828170E-50
4.98828170E-50
4.98828170E-50
4.98828170E-50
4.98828170E-50
4.98828170E-50
4.98828170E-50
4.98828170E-50
4.98828170E-50
4.98828170E-50
4.98828170E-50
4.98828170E-50
4.98828170E-50
4.98828170E-50
4.98828170E-50
5.61672583E-50
5.61672583E-50
5.61672583E-50
5.61672583E-50
5.61672583E-50
5.61672583E-50
5.61672583E-50
5.61672583E-50
5.61672583E-50
5.61672583E-50
5.61672583E-50
5.61672583E-50
5.61672583E-50
5.61672583E-50
5.61672583E-50
5.61672583E-50
5.61672583E-50
5.61672583E-50
5.61672583E-50
5.61672583E-50
5.61672583E-50
6.32434392E-50
6.32434392E-50
6.32434392E-50
6.32434392E-50
6.32434392E-50
6.32434392E-50
6.32434392E-50
6.32434392E-50
6.32434392E-50
6.32434392E-50
6.32434392E-50
6.32434392E-50
6.32434392E-50
6.32434392E-50
6.32434392E-50
6.32434392E-50
6.32434392E-50
6.32434392E-50
6.32434392E-50
6.32434392E-50
6.32434392E-50
6.32434392E-50
7.12111063E-50
7.12111063E-50
7.12111063E-50
7.12111063E-50
7.12111063E-50
7.12111063E-50
7.12111063E-50
7.12111063E-50
7.12111063E-50
7.12111063E-50
7.12111063E-50
7.12111063E-50
7.12111063E-50
7.12111063E-50
7.12111063E-50
7.12111063E-50
7.12111063E-50
7.12111063E-50
7.12111063E-50
7.12111063E-50
7.12111063E-50
8.01825727E-50
8.01825727E-50
8.01825727E-50
8.01825727E-50
8.01825727E-50
8.01825727E-50
8.01825727E-50
8.01825727E-50
8.01825727E-50
8.01825727E-50
8.01825727E-50
8.01825727E-50
8.01825727E-50
8.01825727E-50
8.01825727E-50
8.01825727E-50
8.01825727E-50
8.01825727E-50
8.01825727E-50
8.01825727E-50
8.01825727E-50
8.01825727E-50
9.02843012E-50
9.02843012E-50
9.02843012E-50
9.02843012E-50
9.02843012E-50
9.02843012E-50
9.02843012E-50
9.02843012E-50
9.02843012E-50
9.02843012E-50
9.02843012E-50
9.02843012E-50
9.02843012E-50
9.02843012E-50
9.02843012E-50
9.02843012E-50
9.02843012E-50
9.02843012E-50
9.02843012E-50
9.02843012E-50
9.02843012E-50
1.01658687E-49
1.01658687E-49
1.01658687E-49
1.01658687E-49
1.01658687E-49
1.01658687E-49
1.01658687E-49
1.01658687E-49
1.01658687E-49
1.01658687E-49
1.01658687E-49
1.01658687E-49
1.01658687E-49
1.01658687E-49
1.01658687E-49
1.01658687E-49
1.01658687E-49
1.01658687E-49
1.01658687E-49
1.01658687E-49
1.01658687E-49
1.01658687E-49
1.14466064E-49
1.14466064E-49
1.14466064E-49
1.14466064E-49
1.14466064E-49
1.14466064E-49
1.14466064E-49
1.14466064E-49
1.14466064E-49
1.14466064E-49
1.14466064E-49
1.14466064E-49
1.14466064E-49
1.14466064E-49
1.14466064E-49
1.14466064E-49
1.14466064E-49
1.14466064E-49
1.14466064E-49
1.14466064E-49
1.14466064E-49
1.28886967E-49
1.28886967E-49
1.28886967E-49
1.28886967E-49
1.28886967E-49
1.28886967E-49
1.28886967E-49
1.28886967E-49
1.28886967E-49
1.28886967E-49
1.28886967E-49
1.28886967E-49
1.28886967E-49
1.28886967E-49
1.28886967E-49
1.28886967E-49
1.28886967E-49
1.28886967E-49
1.28886967E-49
1.28886967E-49
1.28886967E-49
1.28886967E-49
1.45124674E-49
1.45124674E-49
1.45124674E-49
1.45124674E-49
1.45124674E-49
1.45124674E-49
1.45124674E-49
1.45124674E-49
1.45124674E-49
1.45124674E-49
1.45124674E-49
1.45124674E-49
1.45124674E-49
1.45124674E-49
1.45124674E-49
1.45124674E-49
1.45124674E-49
1.45124674E-49
1.45124674E-49
1.45124674E-49
1.45124674E-49
1.63408074E-49
1.63408074E-49
1.63408074E-49
1.63408074E-49
1.63408074E-49
1.63408074E-49
1.63408074E-49
1.63408074E-49
1.63408074E-49
1.63408074E-49
1.63408074E-49
1.63408074E-49
1.63408074E-49
1.63408074E-49
1.63408074E-49
1.63408074E-49
1.63408074E-49
1.63408074E-49
1.63408074E-49
1.63408074E-49
1.63408074E-49
1.63408074E-49
1.83994891E-49
1.83994891E-49
1.83994891E-49
1.83994891E-49
1.83994891E-49
1.83994891E-49
1.83994891E-49
1.83994891E-49
1.83994891E-49
1.83994891E-49
1.83994891E-49
1.83994891E-49
1.83994891E-49
1.83994891E-49
1.83994891E-49
1.83994891E-49
1.83994891E-49
1.83994891E-49
1.83994891E-49
1.83994891E-49
1.83994891E-49
2.07175320E-49
2.07175320E-49
2.07175320E-49
2.07175320E-49
2.07175320E-49
2.07175320E-49
2.07175320E-49
2.07175320E-49
2.07175320E-49
2.07175320E-49
2.07175320E-49
2.07175320E-49
2.07175320E-49
2.07175320E-49
2.07175320E-49
2.07175320E-49
2.07175320E-49
2.07175320E-49
2.07175320E-49
2.07175320E-49
2.07175320E-49
2.07175320E-49
2.33276114E-49
2.33276114E-49
2.33276114E-49
2.33276114E-49
2.33276114E-49
2.33276114E-49
2.33276114E-49
2.33276114E-49
2.33276114E-49
2.33276114E-49
2.33276114E-49
2.33276114E-49
2.33276114E-49
2.33276114E-49
2.33276114E-49
2.33276114E-49
2.33276114E-49
2.33276114E-49
2.33276114E-49
2.33276114E-49
2.33276114E-49
2.62665193E-49
2.62665193E-49
2.62665193E-49
2.62665193E-49
2.62665193E-49
2.62665193E-49
2.62665193E-49
2.62665193E-49
2.62665193E-49
2.62665193E-49
2.62665193E-49
2.62665193E-49
2.62665193E-49
2.62665193E-49
2.62665193E-49
2.62665193E-49
2.62665193E-49
2.62665193E-49
2.62665193E-49
2.62665193E-49
2.62665193E-49
2.62665193E-49
2.95756829E-49
2.95756829E-49
2.95756829E-49
2.95756829E-49
2.95756829E-49
2.95756829E-49
2.95756829E-49
2.95756829E-49
2.95756829E-49
2.95756829E-49
2.95756829E-49
2.95756829E-49
2.95756829E-49
2.95756829E-49
2.95756829E-49
2.95756829E-49
2.95756829E-49
2.95756829E-49
2.95756829E-49
2.95756829E-49
2.95756829E-49
3.33017484E-49
3.33017484E-49
3.33017484E-49
3.33017484E-49
3.33017484E-49
3.33017484E-49
3.33017484E-49
3.33017484E-49
3.33017484E-49
3.33017484E-49
3.33017484E-49
3.33017484E-49
3.33017484E-49
3.33017484E-49
3.33017484E-49
3.33017484E-49
3.33017484E-49
3.33017484E-49
3.33017484E-49
3.33017484E-49
3.33017484E-49
3.33017484E-49
3.74972388E-49
3.74972388E-49
3.74972388E-49
3.74972388E-49
3.74972388E-49
3.74972388E-49
3.74972388E-49
3.74972388E-49
3.74972388E-49
3.74972388E-49
3.74972388E-49
3.74972388E-49
3.74972388E-49
3.74972388E-49
3.74972388E-49
3.74972388E-49
3.74972388E-49
3.74972388E-49
3.74972388E-49
3.74972388E-49
3.74972388E-49
4.22212943E-49
4.22212943E-49
4.22212943E-49
4.22212943E-49
4.22212943E-49
4.22212943E-49
4.22212943E-49
4.22212943E-49
4.22212943E-49
4.22212943E-49
4.22212943E-49
4.22212943E-49
4.22212943E-49
4.22212943E-49
4.22212943E-49
4.22212943E-49
4.22212943E-49
4.22212943E-49
4.22212943E-49
4.22212943E-49
4.22212943E-49
4.22212943E-49
4.75405056E-49
4.75405056E-49
4.75405056E-49
4.75405056E-49
4.75405056E-49
4.75405056E-49
4.75405056E-49
4.75405056E-49
4.75405056E-49
4.75405056E-49
4.75405056E-49
4.75405056E-49
4.75405056E-49
4.75405056E-49
4.75405056E-49
4.75405056E-49
4.75405056E-49
4.75405056E-49
4.75405056E-49
4.75405056E-49
4.75405056E-49
5.35298530E-49
5.35298530E-49
5.35298530E-49
5.35298530E-49
5.35298530E-49
5.35298530E-49
5.35298530E-49
5.35298530E-49
5.35298530E-49
5.35298530E-49
5.35298530E-49
5.35298530E-49
5.35298530E-49
5.35298530E-49
5.35298530E-49
5.35298530E-49
5.35298530E-49
5.35298530E-49
5.35298530E-49
5.35298530E-49
5.35298530E-49
5.35298530E-49
6.02737628E-49
6.02737628E-49
6.02737628E-49
6.02737628E-49
6.02737628E-49
6.02737628E-49
6.02737628E-49
6.02737628E-49
6.02737628E-49
6.02737628E-49
6.02737628E-49
6.02737628E-49
6.02737628E-49
6.02737628E-49
6.02737628E-49
6.02737628E-49
6.02737628E-49
6.02737628E-49
6.02737628E-49
6.02737628E-49
6.02737628E-49
6.78672979E-49
6.78672979E-49
6.78672979E-49
6.78672979E-49
6.78672979E-49
6.78672979E-49
6.78672979E-49
6.78672979E-49
6.78672979E-49
6.78672979E-49
6.78672979E-49
6.78672979E-49
6.78672979E-49
6.78672979E-49
6.78672979E-49
6.78672979E-49
6.78672979E-49
6.78672979E-49
6.78672979E-49
6.78672979E-49
6.78672979E-49
6.78672979E-49
7.64174977E-49
7.64174977E-49
7.64174977E-49
7.64174977E-49
7.64174977E-49
7.64174977E-49
7.64174977E-49
7.64174977E-49
7.64174977E-49
7.64174977E-49
7.64174977E-49
7.64174977E-49
7.64174977E-49
7.64174977E-49
7.64174977E-49
7.64174977E-49
7.64174977E-49
7.64174977E-49
7.64174977E-49
7.64174977E-49
7.64174977E-49
8.60448866E-49
8.60448866E-49
8.60448866E-49
8.60448866E-49
8.60448866E-49
8.60448866E-49
8.60448866E-49
8.60448866E-49
8.60448866E-49
8.60448866E-49
8.60448866E-49
8.60448866E-49
8.60448866E-49
8.60448866E-49
8.60448866E-49
8.60448866E-49
8.60448866E-49
8.60448866E-49
8.60448866E-49
8.60448866E-49
8.60448866E-49
8.60448866E-49
9.68851733E-49
9.68851733E-49
9.68851733E-49
9.68851733E-49
9.68851733E-49
9.68851733E-49
9.68851733E-49
9.68851733E-49
9.68851733E-49
9.68851733E-49
9.68851733E-49
9.68851733E-49
9.68851733E-49
9.68851733E-49
9.68851733E-49
9.68851733E-49
9.68851733E-49
9.68851733E-49
9.68851733E-49
9.68851733E-49
9.68851733E-49
1.09091164E-48
1.09091164E-48
1.09091164E-48
1.09091164E-48
1.09091164E-48
1.09091164E-48
1.09091164E-48
1.09091164E-48
1.09091164E-48
1.09091164E-48
1.09091164E-48
1.09091164E-48
1.09091164E-48
1.09091164E-48
1.09091164E-48
1.09091164E-48
1.09091164E-48
1.09091164E-48
1.09091164E-48
1.09091164E-48
1.09091164E-48
1.09091164E-48
1.22834915E-48
1.22834915E-48
1.22834915E-48
1.22834915E-48
1.22834915E-48
1.22834915E-48
1.22834915E-48
1.22834915E-48
1.22834915E-48
1.22834915E-48
1.22834915E-48
1.22834915E-48
1.22834915E-48
1.22834915E-48
1.22834915E-48
1.22834915E-48
1.22834915E-48
1.22834915E-48
1.22834915E-48
1.22834915E-48
1.22834915E-48
1.38310160E-48
1.38310160E-48
1.38310160E-48
1.38310160E-48
1.38310160E-48
1.38310160E-48
1.38310160E-48
1.38310160E-48
1.38310160E-48
1.38310160E-48
1.38310160E-48
1.38310160E-48
1.38310160E-48
1.38310160E-48
1.38310160E-48
1.38310160E-48
1.38310160E-48
1.38310160E-48
1.38310160E-48
1.38310160E-48
1.38310160E-48
1.38310160E-48
1.55735039E-48
1.55735039E-48
1.55735039E-48
1.55735039E-48
1.55735039E-48
1.55735039E-48
1.55735039E-48
1.55735039E-48
1.55735039E-48
1.55735039E-48
1.55735039E-48
1.55735039E-48
1.55735039E-48
1.55735039E-48
1.55735039E-48
1.55735039E-48
1.55735039E-48
1.55735039E-48
1.55735039E-48
1.55735039E-48
1.55735039E-48
1.75355176E-48
1.75355176E-48
1.75355176E-48
1.75355176E-48
1.75355176E-48
1.75355176E-48
1.75355176E-48
1.75355176E-48
1.75355176E-48
1.75355176E-48
1.75355176E-48
1.75355176E-48
1.75355176E-48
1.75355176E-48
1.75355176E-48
1.75355176E-48
1.75355176E-48
1.75355176E-48
1.75355176E-48
1.75355176E-48
1.75355176E-48
1.75355176E-48
1.97447139E-48
1.97447139E-48
1.97447139E-48
1.97447139E-48
1.97447139E-48
1.97447139E-48
1.97447139E-48
1.97447139E-48
1.97447139E-48
1.97447139E-48
1.97447139E-48
1.97447139E-48
1.97447139E-48
1.97447139E-48
1.97447139E-48
1.97447139E-48
1.97447139E-48
1.97447139E-48
1.97447139E-48
1.97447139E-48
1.97447139E-48
2.22322337E-48
2.22322337E-48
2.22322337E-48
2.22322337E-48
2.22322337E-48
2.22322337E-48
2.22322337E-48
2.22322337E-48
2.22322337E-48
2.22322337E-48
2.22322337E-48
2.22322337E-48
2.22322337E-48
2.22322337E-48
2.22322337E-48
2.22322337E-48
2.22322337E-48
2.22322337E-48
2.22322337E-48
2.22322337E-48
2.22322337E-48
2.22322337E-48
2.50331414E-48
2.50331414E-48
2.50331414E-48
2.50331414E-48
2.50331414E-48
2.50331414E-48
2.50331414E-48
2.50331414E-48
2.50331414E-48
2.50331414E-48
2.50331414E-48
2.50331414E-48
2.50331414E-48
2.50331414E-48
2.50331414E-48
2.50331414E-48
2.50331414E-48
2.50331414E-48
2.50331414E-48
2.50331414E-48
2.50331414E-48
2.81869189E-48
2.81869189E-48
2.81869189E-48
2.81869189E-48
2.81869189E-48
2.81869189E-48
2.81869189E-48
2.81869189E-48
2.81869189E-48
2.81869189E-48
2.81869189E-48
2.81869189E-48
2.81869189E-48
2.81869189E-48
2.81869189E-48
2.81869189E-48
2.81869189E-48
2.81869189E-48
2.81869189E-48
2.81869189E-48
2.81869189E-48
2.81869189E-48
3.17380222E-48
3.17380222E-48
3.17380222E-48
3.17380222E-48
3.17380222E-48
3.17380222E-48
3.17380222E-48
3.17380222E-48
3.17380222E-48
3.17380222E-48
3.17380222E-48
3.17380222E-48
3.17380222E-48
3.17380222E-48
3.17380222E-48
3.17380222E-48
3.17380222E-48
3.17380222E-48
3.17380222E-48
3.17380222E-48
3.17380222E-48
3.57365081E-48
3.57365081E-48
3.57365081E-48
3.57365081E-48
3.57365081E-48
3.57365081E-48
3.57365081E-48
3.57365081E-48
3.57365081E-48
3.57365081E-48
3.57365081E-48
3.57365081E-48
3.57365081E-48
3.57365081E-48
3.57365081E-48
3.57365081E-48
3.57365081E-48
3.57365081E-48
3.57365081E-48
3.57365081E-48
3.57365081E-48
3.57365081E-48
4.02387395E-48
4.02387395E-48
4.02387395E-48
4.02387395E-48
4.02387395E-48
4.02387395E-48
4.02387395E-48
4.02387395E-48
4.02387395E-48
4.02387395E-48
4.02387395E-48
4.02387395E-48
4.02387395E-48
4.02387395E-48
4.02387395E-48
4.02387395E-48
4.02387395E-48
4.02387395E-48
4.02387395E-48
4.02387395E-48
4.02387395E-48
4.53081805E-48
4.53081805E-48
4.53081805E-48
4.53081805E-48
4.53081805E-48
4.53081805E-48
4.53081805E-48
4.53081805E-48
4.53081805E-48
4.53081805E-48
4.53081805E-48
4.53081805E-48
4.53081805E-48
4.53081805E-48
4.53081805E-48
4.53081805E-48
4.53081805E-48
4.53081805E-48
4.53081805E-48
4.53081805E-48
4.53081805E-48
4.53081805E-48
5.10162904E-48
5.10162904E-48
5.10162904E-48
5.10162904E-48
5.10162904E-48
5.10162904E-48
5.10162904E-48
5.10162904E-48
5.10162904E-48
5.10162904E-48
5.10162904E-48
5.10162904E-48
5.10162904E-48
5.10162904E-48
5.10162904E-48
5.10162904E-48
5.10162904E-48
5.10162904E-48
5.10162904E-48
5.10162904E-48
5.10162904E-48
5.74435313E-48
5.74435313E-48
5.74435313E-48
5.74435313E-48
5.74435313E-48
5.74435313E-48
5.74435313E-48
5.74435313E-48
5.74435313E-48
5.74435313E-48
5.74435313E-48
5.74435313E-48
5.74435313E-48
5.74435313E-48
5.74435313E-48
5.74435313E-48
5.74435313E-48
5.74435313E-48
5.74435313E-48
5.74435313E-48
5.74435313E-48
5.74435313E-48
6.46805023E-48
6.46805023E-48
6.46805023E-48
6.46805023E-48
6.46805023E-48
6.46805023E-48
6.46805023E-48
6.46805023E-48
6.46805023E-48
6.46805023E-48
6.46805023E-48
6.46805023E-48
6.46805023E-48
6.46805023E-48
6.46805023E-48
6.46805023E-48
6.46805023E-48
6.46805023E-48
6.46805023E-48
6.46805023E-48
6.46805023E-48
7.28292165E-48
7.28292165E-48
7.28292165E-48
7.28292165E-48
7.28292165E-48
7.28292165E-48
7.28292165E-48
7.28292165E-48
7.28292165E-48
7.28292165E-48
7.28292165E-48
7.28292165E-48
7.28292165E-48
7.28292165E-48
7.28292165E-48
7.28292165E-48
7.28292165E-48
7.28292165E-48
7.28292165E-48
7.28292165E-48
7.28292165E-48
7.28292165E-48
8.20045391E-48
8.20045391E-48
8.20045391E-48
8.20045391E-48
8.20045391E-48
8.20045391E-48
8.20045391E-48
8.20045391E-48
8.20045391E-48
8.20045391E-48
8.20045391E-48
8.20045391E-48
8.20045391E-48
8.20045391E-48
8.20045391E-48
8.20045391E-48
8.20045391E-48
8.20045391E-48
8.20045391E-48
8.20045391E-48
8.20045391E-48
9.23358063E-48
9.23358063E-48
9.23358063E-48
9.23358063E-48
9.23358063E-48
9.23358063E-48
9.23358063E-48
9.23358063E-48
9.23358063E-48
9.23358063E-48
9.23358063E-48
9.23358063E-48
9.23358063E-48
9.23358063E-48
9.23358063E-48
9.23358063E-48
9.23358063E-48
9.23358063E-48
9.23358063E-48
9.23358063E-48
9.23358063E-48
9.23358063E-48
1.03968649E-47
1.03968649E-47
1.03968649E-47
1.03968649E-47
1.03968649E-47
1.03968649E-47
1.03968649E-47
1.03968649E-47
1.03968649E-47
1.03968649E-47
1.03968649E-47
1.03968649E-47
1.03968649E-47
1.03968649E-47
1.03968649E-47
1.03968649E-47
1.03968649E-47
1.03968649E-47
1.03968649E-47
1.03968649E-47
1.03968649E-47
1.17067044E-47
1.17067044E-47
1.17067044E-47
1.17067044E-47
1.17067044E-47
1.17067044E-47
1.17067044E-47
1.17067044E-47
1.17067044E-47
1.17067044E-47
1.17067044E-47
1.17067044E-47
1.17067044E-47
1.17067044E-47
1.17067044E-47
1.17067044E-47
1.17067044E-47
1.17067044E-47
1.17067044E-47
1.17067044E-47
1.17067044E-47
1.17067044E-47
1.31815629E-47
1.31815629E-47
1.31815629E-47
1.31815629E-47
1.31815629E-47
1.31815629E-47
1.31815629E-47
1.31815629E-47
1.31815629E-47
1.31815629E-47
1.31815629E-47
1.31815629E-47
1.31815629E-47
1.31815629E-47
1.31815629E-47
1.31815629E-47
1.31815629E-47
1.31815629E-47
1.31815629E-47
1.31815629E-47
1.31815629E-47
1.48422302E-47
1.48422302E-47
1.48422302E-47
1.48422302E-47
1.48422302E-47
1.48422302E-47
1.48422302E-47
1.48422302E-47
1.48422302E-47
1.48422302E-47
1.48422302E-47
1.48422302E-47
1.48422302E-47
1.48422302E-47
1.48422302E-47
1.48422302E-47
1.48422302E-47
1.48422302E-47
1.48422302E-47
1.48422302E-47
1.48422302E-47
1.48422302E-47
1.67121150E-47
1.67121150E-47
1.67121150E-47
1.67121150E-47
1.67121150E-47
1.67121150E-47
1.67121150E-47
1.67121150E-47
1.67121150E-47
1.67121150E-47
1.67121150E-47
1.67121150E-47
1.67121150E-47
1.67121150E-47
1.67121150E-47
1.67121150E-47
1.67121150E-47
1.67121150E-47
1.67121150E-47
1.67121150E-47
1.67121150E-47
1.88175756E-47
1.88175756E-47
1.88175756E-47
1.88175756E-47
1.88175756E-47
1.88175756E-47
1.88175756E-47
1.88175756E-47
1.88175756E-47
1.88175756E-47
1.88175756E-47
1.88175756E-47
1.88175756E-47
1.88175756E-47
1.88175756E-47
1.88175756E-47
1.88175756E-47
1.88175756E-47
1.88175756E-47
1.88175756E-47
1.88175756E-47
1.88175756E-47
2.11882907E-47
2.11882907E-47
2.11882907E-47
2.11882907E-47
2.11882907E-47
2.11882907E-47
2.11882907E-47
2.11882907E-47
2.11882907E-47
2.11882907E-47
2.11882907E-47
2.11882907E-47
2.11882907E-47
2.11882907E-47
2.11882907E-47
2.11882907E-47
2.11882907E-47
2.11882907E-47
2.11882907E-47
2.11882907E-47
2.11882907E-47
2.38576783E-47
2.38576783E-47
2.38576783E-47
2.38576783E-47
2.38576783E-47
2.38576783E-47
2.38576783E-47
2.38576783E-47
2.38576783E-47
2.38576783E-47
2.38576783E-47
2.38576783E-47
2.38576783E-47
2.38576783E-47
2.38576783E-47
2.38576783E-47
2.38576783E-47
2.38576783E-47
2.38576783E-47
2.38576783E-47
2.38576783E-47
2.38576783E-47
2.68633662E-47
2.68633662E-47
2.68633662E-47
2.68633662E-47
2.68633662E-47
2.68633662E-47
2.68633662E-47
2.68633662E-47
2.68633662E-47
2.68633662E-47
2.68633662E-47
2.68633662E-47
2.68633662E-47
2.68633662E-47
2.68633662E-47
2.68633662E-47
2.68633662E-47
2.68633662E-47
2.68633662E-47
2.68633662E-47
2.68633662E-47
3.02477229E-47
3.02477229E-47
3.02477229E-47
3.02477229E-47
3.02477229E-47
3.02477229E-47
3.02477229E-47
3.02477229E-47
3.02477229E-47
3.02477229E-47
3.02477229E-47
3.02477229E-47
3.02477229E-47
3.02477229E-47
3.02477229E-47
3.02477229E-47
3.02477229E-47
3.02477229E-47
3.02477229E-47
3.02477229E-47
3.02477229E-47
3.02477229E-47
3.40584547E-47
3.40584547E-47
3.40584547E-47
3.40584547E-47
3.40584547E-47
3.40584547E-47
3.40584547E-47
3.40584547E-47
3.40584547E-47
3.40584547E-47
3.40584547E-47
3.40584547E-47
3.40584547E-47
3.40584547E-47
3.40584547E-47
3.40584547E-47
3.40584547E-47
3.40584547E-47
3.40584547E-47
3.40584547E-47
3.40584547E-47
3.83492781E-47
3.83492781E-47
3.83492781E-47
3.83492781E-47
3.83492781E-47
3.83492781E-47
3.83492781E-47
3.83492781E-47
3.83492781E-47
3.83492781E-47
3.83492781E-47
3.83492781E-47
3.83492781E-47
3.83492781E-47
3.83492781E-47
3.83492781E-47
3.83492781E-47
3.83492781E-47
3.83492781E-47
3.83492781E-47
3.83492781E-47
3.83492781E-47
4.31806771E-47
4.31806771E-47
4.31806771E-47
4.31806771E-47
4.31806771E-47
4.31806771E-47
4.31806771E-47
4.31806771E-47
4.31806771E-47
4.31806771E-47
4.31806771E-47
4.31806771E-47
4.31806771E-47
4.31806771E-47
4.31806771E-47
4.31806771E-47
4.31806771E-47
4.31806771E-47
4.31806771E-47
4.31806771E-47
4.31806771E-47
4.86207553E-47
4.86207553E-47
4.86207553E-47
4.86207553E-47
4.86207553E-47
4.86207553E-47
4.86207553E-47
4.86207553E-47
4.86207553E-47
4.86207553E-47
4.86207553E-47
4.86207553E-47
4.86207553E-47
4.86207553E-47
4.86207553E-47
4.86207553E-47
4.86207553E-47
4.86207553E-47
4.86207553E-47
4.86207553E-47
4.86207553E-47
4.86207553E-47
5.47461970E-47
5.47461970E-47
5.47461970E-47
5.47461970E-47
5.47461970E-47
5.47461970E-47
5.47461970E-47
5.47461970E-47
5.47461970E-47
5.47461970E-47
5.47461970E-47
5.47461970E-47
5.47461970E-47
5.47461970E-47
5.47461970E-47
5.47461970E-47
5.47461970E-47
5.47461970E-47
5.47461970E-47
5.47461970E-47
5.47461970E-47
6.16433468E-47
6.16433468E-47
6.16433468E-47
6.16433468E-47
6.16433468E-47
6.16433468E-47
6.16433468E-47
6.16433468E-47
6.16433468E-47
6.16433468E-47
6.16433468E-47
6.16433468E-47
6.16433468E-47
6.16433468E-47
6.16433468E-47
6.16433468E-47
6.16433468E-47
6.16433468E-47
6.16433468E-47
6.16433468E-47
6.16433468E-47
6.16433468E-47
6.94094277E-47
6.94094277E-47
6.94094277E-47
6.94094277E-47
6.94094277E-47
6.94094277E-47
6.94094277E-47
6.94094277E-47
6.94094277E-47
6.94094277E-47
6.94094277E-47
6.94094277E-47
6.94094277E-47
6.94094277E-47
6.94094277E-47
6.94094277E-47
6.94094277E-47
6.94094277E-47
6.94094277E-47
6.94094277E-47
6.94094277E-47
7.81539113E-47
7.81539113E-47
7.81539113E-47
7.81539113E-47
7.81539113E-47
7.81539113E-47
7.81539113E-47
7.81539113E-47
7.81539113E-47
7.81539113E-47
7.81539113E-47
7.81539113E-47
7.81539113E-47
7.81539113E-47
7.81539113E-47
7.81539113E-47
7.81539113E-47
7.81539113E-47
7.81539113E-47
7.81539113E-47
7.81539113E-47
7.81539113E-47
8.80000607E-47
8.80000607E-47
8.80000607E-47
8.80000607E-47
8.80000607E-47
8.80000607E-47
8.80000607E-47
8.80000607E-47
8.80000607E-47
8.80000607E-47
8.80000607E-47
8.80000607E-47
8.80000607E-47
8.80000607E-47
8.80000607E-47
8.80000607E-47
8.80000607E-47
8.80000607E-47
8.80000607E-47
8.80000607E-47
8.80000607E-47
9.90866682E-47
9.90866682E-47
9.90866682E-47
9.90866682E-47
9.90866682E-47
9.90866682E-47
9.90866682E-47
9.90866682E-47
9.90866682E-47
9.90866682E-47
9.90866682E-47
9.90866682E-47
9.90866682E-47
9.90866682E-47
9.90866682E-47
9.90866682E-47
9.90866682E-47
9.90866682E-47
9.90866682E-47
9.90866682E-47
9.90866682E-47
9.90866682E-47
1.11570012E-46
1.11570012E-46
1.11570012E-46
1.11570012E-46
1.11570012E-46
1.11570012E-46
1.11570012E-46
1.11570012E-46
1.11570012E-46
1.11570012E-46
1.11570012E-46
1.11570012E-46
1.11570012E-46
1.11570012E-46
1.11570012E-46
1.11570012E-46
1.11570012E-46
1.11570012E-46
1.11570012E-46
1.11570012E-46
1.11570012E-46
1.25626058E-46
1.25626058E-46
1.25626058E-46
1.25626058E-46
1.25626058E-46
1.25626058E-46
1.25626058E-46
1.25626058E-46
1.25626058E-46
1.25626058E-46
1.25626058E-46
1.25626058E-46
1.25626058E-46
1.25626058E-46
1.25626058E-46
1.25626058E-46
1.25626058E-46
1.25626058E-46
1.25626058E-46
1.25626058E-46
1.25626058E-46
1.25626058E-46
1.41452943E-46
1.41452943E-46
1.41452943E-46
1.41452943E-46
1.41452943E-46
1.41452943E-46
1.41452943E-46
1.41452943E-46
1.41452943E-46
1.41452943E-46
1.41452943E-46
1.41452943E-46
1.41452943E-46
1.41452943E-46
1.41452943E-46
1.41452943E-46
1.41452943E-46
1.41452943E-46
1.41452943E-46
1.41452943E-46
1.41452943E-46
1.59273763E-46
1.59273763E-46
1.59273763E-46
1.59273763E-46
1.59273763E-46
1.59273763E-46
1.59273763E-46
1.59273763E-46
1.59273763E-46
1.59273763E-46
1.59273763E-46
1.59273763E-46
1.59273763E-46
1.59273763E-46
1.59273763E-46
1.59273763E-46
1.59273763E-46
1.59273763E-46
1.59273763E-46
1.59273763E-46
1.59273763E-46
1.59273763E-46
1.79339723E-46
1.79339723E-46
1.79339723E-46
1.79339723E-46
1.79339723E-46
1.79339723E-46
1.79339723E-46
1.79339723E-46
1.79339723E-46
1.79339723E-46
1.79339723E-46
1.79339723E-46
1.79339723E-46
1.79339723E-46
1.79339723E-46
1.79339723E-46
1.79339723E-46
1.79339723E-46
1.79339723E-46
1.79339723E-46
1.79339723E-46
2.01933675E-46
2.01933675E-46
2.01933675E-46
2.01933675E-46
2.01933675E-46
2.01933675E-46
2.01933675E-46
2.01933675E-46
2.01933675E-46
2.01933675E-46
2.01933675E-46
2.01933675E-46
2.01933675E-46
2.01933675E-46
2.01933675E-46
2.01933675E-46
2.01933675E-46
2.01933675E-46
2.01933675E-46
2.01933675E-46
2.01933675E-46
2.01933675E-46
2.27374105E-46
2.27374105E-46
2.27374105E-46
2.27374105E-46
2.27374105E-46
2.27374105E-46
2.27374105E-46
2.27374105E-46
2.27374105E-46
2.27374105E-46
2.27374105E-46
2.27374105E-46
2.27374105E-46
2.27374105E-46
2.27374105E-46
2.27374105E-46
2.27374105E-46
2.27374105E-46
2.27374105E-46
2.27374105E-46
2.27374105E-46
2.56019625E-46
2.56019625E-46
2.56019625E-46
2.56019625E-46
2.56019625E-46
2.56019625E-46
2.56019625E-46
2.56019625E-46
2.56019625E-46
2.56019625E-46
2.56019625E-46
2.56019625E-46
2.56019625E-46
2.56019625E-46
2.56019625E-46
2.56019625E-46
2.56019625E-46
2.56019625E-46
2.56019625E-46
2.56019625E-46
2.56019625E-46
2.56019625E-46
2.88274024E-46
2.88274024E-46
2.88274024E-46
2.88274024E-46
2.88274024E-46
2.88274024E-46
2.88274024E-46
2.88274024E-46
2.88274024E-46
2.88274024E-46
2.88274024E-46
2.88274024E-46
2.88274024E-46
2.88274024E-46
2.88274024E-46
2.88274024E-46
2.88274024E-46
2.88274024E-46
2.88274024E-46
2.88274024E-46
2.88274024E-46
3.24591965E-46
3.24591965E-46
3.24591965E-46
3.24591965E-46
3.24591965E-46
3.24591965E-46
3.24591965E-46
3.24591965E-46
3.24591965E-46
3.24591965E-46
3.24591965E-46
3.24591965E-46
3.24591965E-46
3.24591965E-46
3.24591965E-46
3.24591965E-46
3.24591965E-46
3.24591965E-46
3.24591965E-46
3.24591965E-46
3.24591965E-46
3.24591965E-46
3.65485388E-46
3.65485388E-46
3.65485388E-46
3.65485388E-46
3.65485388E-46
3.65485388E-46
3.65485388E-46
3.65485388E-46
3.65485388E-46
3.65485388E-46
3.65485388E-46
3.65485388E-46
3.65485388E-46
3.65485388E-46
3.65485388E-46
3.65485388E-46
3.65485388E-46
3.65485388E-46
3.65485388E-46
3.65485388E-46
3.65485388E-46
4.11530732E-46
4.11530732E-46
4.11530732E-46
4.11530732E-46
4.11530732E-46
4.11530732E-46
4.11530732E-46
4.11530732E-46
4.11530732E-46
4.11530732E-46
4.11530732E-46
4.11530732E-46
4.11530732E-46
4.11530732E-46
4.11530732E-46
4.11530732E-46
4.11530732E-46
4.11530732E-46
4.11530732E-46
4.11530732E-46
4.11530732E-46
4.11530732E-46
4.63377057E-46
4.63377057E-46
4.63377057E-46
4.63377057E-46
4.63377057E-46
4.63377057E-46
4.63377057E-46
4.63377057E-46
4.63377057E-46
4.63377057E-46
4.63377057E-46
4.63377057E-46
4.63377057E-46
4.63377057E-46
4.63377057E-46
4.63377057E-46
4.63377057E-46
4.63377057E-46
4.63377057E-46
4.63377057E-46
4.63377057E-46
5.21755194E-46
5.21755194E-46
5.21755194E-46
5.21755194E-46
5.21755194E-46
5.21755194E-46
5.21755194E-46
5.21755194E-46
5.21755194E-46
5.21755194E-46
5.21755194E-46
5.21755194E-46
5.21755194E-46
5.21755194E-46
5.21755194E-46
5.21755194E-46
5.21755194E-46
5.21755194E-46
5.21755194E-46
5.21755194E-46
5.21755194E-46
5.21755194E-46
5.87488047E-46
5.87488047E-46
5.87488047E-46
5.87488047E-46
5.87488047E-46
5.87488047E-46
5.87488047E-46
5.87488047E-46
5.87488047E-46
5.87488047E-46
5.87488047E-46
5.87488047E-46
5.87488047E-46
5.87488047E-46
5.87488047E-46
5.87488047E-46
5.87488047E-46
5.87488047E-46
5.87488047E-46
5.87488047E-46
5.87488047E-46
6.61502194E-46
6.61502194E-46
6.61502194E-46
6.61502194E-46
6.61502194E-46
6.61502194E-46
6.61502194E-46
6.61502194E-46
6.61502194E-46
6.61502194E-46
6.61502194E-46
6.61502194E-46
6.61502194E-46
6.61502194E-46
6.61502194E-46
6.61502194E-46
6.61502194E-46
6.61502194E-46
6.61502194E-46
6.61502194E-46
6.61502194E-46
6.61502194E-46
7.44840946E-46
7.44840946E-46
7.44840946E-46
7.44840946E-46
7.44840946E-46
7.44840946E-46
7.44840946E-46
7.44840946E-46
7.44840946E-46
7.44840946E-46
7.44840946E-46
7.44840946E-46
7.44840946E-46
7.44840946E-46
7.44840946E-46
7.44840946E-46
7.44840946E-46
7.44840946E-46
7.44840946E-46
7.44840946E-46
7.44840946E-46
8.38679055E-46
8.38679055E-46
8.38679055E-46
8.38679055E-46
8.38679055E-46
8.38679055E-46
8.38679055E-46
8.38679055E-46
8.38679055E-46
8.38679055E-46
8.38679055E-46
8.38679055E-46
8.38679055E-46
8.38679055E-46
8.38679055E-46
8.38679055E-46
8.38679055E-46
8.38679055E-46
8.38679055E-46
8.38679055E-46
8.38679055E-46
8.38679055E-46
9.44339272E-46
9.44339272E-46
9.44339272E-46
9.44339272E-46
9.44339272E-46
9.44339272E-46
9.44339272E-46
9.44339272E-46
9.44339272E-46
9.44339272E-46
9.44339272E-46
9.44339272E-46
9.44339272E-46
9.44339272E-46
9.44339272E-46
9.44339272E-46
9.44339272E-46
9.44339272E-46
9.44339272E-46
9.44339272E-46
9.44339272E-46
1.06331100E-45
1.06331100E-45
1.06331100E-45
1.06331100E-45
1.06331100E-45
1.06331100E-45
1.06331100E-45
1.06331100E-45
1.06331100E-45
1.06331100E-45
1.06331100E-45
1.06331100E-45
1.06331100E-45
1.06331100E-45
1.06331100E-45
1.06331100E-45
1.06331100E-45
1.06331100E-45
1.06331100E-45
1.06331100E-45
1.06331100E-45
1.06331100E-45
1.19727126E-45
1.19727126E-45
1.19727126E-45
1.19727126E-45
1.19727126E-45
1.19727126E-45
1.19727126E-45
1.19727126E-45
1.19727126E-45
1.19727126E-45
1.19727126E-45
1.19727126E-45
1.19727126E-45
1.19727126E-45
1.19727126E-45
1.19727126E-45
1.19727126E-45
1.19727126E-45
1.19727126E-45
1.19727126E-45
1.19727126E-45
1.34810839E-45
1.34810839E-45
1.34810839E-45
1.34810839E-45
1.34810839E-45
1.34810839E-45
1.34810839E-45
1.34810839E-45
1.34810839E-45
1.34810839E-45
1.34810839E-45
1.34810839E-45
1.34810839E-45
1.34810839E-45
1.34810839E-45
1.34810839E-45
1.34810839E-45
1.34810839E-45
1.34810839E-45
1.34810839E-45
1.34810839E-45
1.34810839E-45
1.51794860E-45
1.51794860E-45
1.51794860E-45
1.51794860E-45
1.51794860E-45
1.51794860E-45
1.51794860E-45
1.51794860E-45
1.51794860E-45
1.51794860E-45
1.51794860E-45
1.51794860E-45
1.51794860E-45
1.51794860E-45
1.51794860E-45
1.51794860E-45
1.51794860E-45
1.51794860E-45
1.51794860E-45
1.51794860E-45
1.51794860E-45
1.70918598E-45
1.70918598E-45
1.70918598E-45
1.70918598E-45
1.70918598E-45
1.70918598E-45
1.70918598E-45
1.70918598E-45
1.70918598E-45
1.70918598E-45
1.70918598E-45
1.70918598E-45
1.70918598E-45
1.70918598E-45
1.70918598E-45
1.70918598E-45
1.70918598E-45
1.70918598E-45
1.70918598E-45
1.70918598E-45
1.70918598E-45
1.70918598E-45
1.92451622E-45
1.92451622E-45
1.92451622E-45
1.92451622E-45
1.92451622E-45
1.92451622E-45
1.92451622E-45
1.92451622E-45
1.92451622E-45
1.92451622E-45
1.92451622E-45
1.92451622E-45
1.92451622E-45
1.92451622E-45
1.92451622E-45
1.92451622E-45
1.92451622E-45
1.92451622E-45
1.92451622E-45
1.92451622E-45
1.92451622E-45
2.16697464E-45
2.16697464E-45
2.16697464E-45
2.16697464E-45
2.16697464E-45
2.16697464E-45
2.16697464E-45
2.16697464E-45
2.16697464E-45
2.16697464E-45
2.16697464E-45
2.16697464E-45
2.16697464E-45
2.16697464E-45
2.16697464E-45
2.16697464E-45
2.16697464E-45
2.16697464E-45
2.16697464E-45
2.16697464E-45
2.16697464E-45
2.16697464E-45
2.43997897E-45
2.43997897E-45
2.43997897E-45
2.43997897E-45
2.43997897E-45
2.43997897E-45
2.43997897E-45
2.43997897E-45
2.43997897E-45
2.43997897E-45
2.43997897E-45
2.43997897E-45
2.43997897E-45
2.43997897E-45
2.43997897E-45
2.43997897E-45
2.43997897E-45
2.43997897E-45
2.43997897E-45
2.43997897E-45
2.43997897E-45
2.74737750E-45
2.74737750E-45
2.74737750E-45
2.74737750E-45
2.74737750E-45
2.74737750E-45
2.74737750E-45
2.74737750E-45
2.74737750E-45
2.74737750E-45
2.74737750E-45
2.74737750E-45
2.74737750E-45
2.74737750E-45
2.74737750E-45
2.74737750E-45
2.74737750E-45
2.74737750E-45
2.74737750E-45
2.74737750E-45
2.74737750E-45
2.74737750E-45
3.09350335E-45
3.09350335E-45
3.09350335E-45
3.09350335E-45
3.09350335E-45
3.09350335E-45
3.09350335E-45
3.09350335E-45
3.09350335E-45
3.09350335E-45
3.09350335E-45
3.09350335E-45
3.09350335E-45
3.09350335E-45
3.09350335E-45
3.09350335E-45
3.09350335E-45
3.09350335E-45
3.09350335E-45
3.09350335E-45
3.09350335E-45
3.48323555E-45
3.48323555E-45
3.48323555E-45
3.48323555E-45
3.48323555E-45
3.48323555E-45
3.48323555E-45
3.48323555E-45
3.48323555E-45
3.48323555E-45
3.48323555E-45
3.48323555E-45
3.48323555E-45
3.48323555E-45
3.48323555E-45
3.48323555E-45
3.48323555E-45
3.48323555E-45
3.48323555E-45
3.48323555E-45
3.48323555E-45
3.48323555E-45
3.92206782E-45
3.92206782E-45
3.92206782E-45
3.92206782E-45
3.92206782E-45
3.92206782E-45
3.92206782E-45
3.92206782E-45
3.92206782E-45
3.92206782E-45
3.92206782E-45
3.92206782E-45
3.92206782E-45
3.92206782E-45
3.92206782E-45
3.92206782E-45
3.92206782E-45
3.92206782E-45
3.92206782E-45
3.92206782E-45
3.92206782E-45
4.41618596E-45
4.41618596E-45
4.41618596E-45
4.41618596E-45
4.41618596E-45
4.41618596E-45
4.41618596E-45
4.41618596E-45
4.41618596E-45
4.41618596E-45
4.41618596E-45
4.41618596E-45
4.41618596E-45
4.41618596E-45
4.41618596E-45
4.41618596E-45
4.41618596E-45
4.41618596E-45
4.41618596E-45
4.41618596E-45
4.41618596E-45
4.41618596E-45
4.97255513E-45
4.97255513E-45
4.97255513E-45
4.97255513E-45
4.97255513E-45
4.97255513E-45
4.97255513E-45
4.97255513E-45
4.97255513E-45
4.97255513E-45
4.97255513E-45
4.97255513E-45
4.97255513E-45
4.97255513E-45
4.97255513E-45
4.97255513E-45
4.97255513E-45
4.97255513E-45
4.97255513E-45
4.97255513E-45
4.97255513E-45
5.59901796E-45
5.59901796E-45
5.59901796E-45
5.59901796E-45
5.59901796E-45
5.59901796E-45
5.59901796E-45
5.59901796E-45
5.59901796E-45
5.59901796E-45
5.59901796E-45
5.59901796E-45
5.59901796E-45
5.59901796E-45
5.59901796E-45
5.59901796E-45
5.59901796E-45
5.59901796E-45
5.59901796E-45
5.59901796E-45
5.59901796E-45
5.59901796E-45
6.30440514E-45
6.30440514E-45
6.30440514E-45
6.30440514E-45
6.30440514E-45
6.30440514E-45
6.30440514E-45
6.30440514E-45
6.30440514E-45
6.30440514E-45
6.30440514E-45
6.30440514E-45
6.30440514E-45
6.30440514E-45
6.30440514E-45
6.30440514E-45
6.30440514E-45
6.30440514E-45
6.30440514E-45
6.30440514E-45
6.30440514E-45
7.09865988E-45
7.09865988E-45
7.09865988E-45
7.09865988E-45
7.09865988E-45
7.09865988E-45
7.09865988E-45
7.09865988E-45
7.09865988E-45
7.09865988E-45
7.09865988E-45
7.09865988E-45
7.09865988E-45
7.09865988E-45
7.09865988E-45
7.09865988E-45
7.09865988E-45
7.09865988E-45
7.09865988E-45
7.09865988E-45
7.09865988E-45
7.09865988E-45
7.99297809E-45
7.99297809E-45
7.99297809E-45
7.99297809E-45
7.99297809E-45
7.99297809E-45
7.99297809E-45
7.99297809E-45
7.99297809E-45
7.99297809E-45
7.99297809E-45
7.99297809E-45
7.99297809E-45
7.99297809E-45
7.99297809E-45
7.99297809E-45
7.99297809E-45
7.99297809E-45
7.99297809E-45
7.99297809E-45
7.99297809E-45
8.99996616E-45
8.99996616E-45
8.99996616E-45
8.99996616E-45
8.99996616E-45
8.99996616E-45
8.99996616E-45
8.99996616E-45
8.99996616E-45
8.99996616E-45
8.99996616E-45
8.99996616E-45
8.99996616E-45
8.99996616E-45
8.99996616E-45
8.99996616E-45
8.99996616E-45
8.99996616E-45
8.99996616E-45
8.99996616E-45
8.99996616E-45
8.99996616E-45
1.01338187E-44
1.01338187E-44
1.01338187E-44
1.01338187E-44
1.01338187E-44
1.01338187E-44
1.01338187E-44
1.01338187E-44
1.01338187E-44
1.01338187E-44
1.01338187E-44
1.01338187E-44
1.01338187E-44
1.01338187E-44
1.01338187E-44
1.01338187E-44
1.01338187E-44
1.01338187E-44
1.01338187E-44
1.01338187E-44
1.01338187E-44
1.14105186E-44
1.14105186E-44
1.14105186E-44
1.14105186E-44
1.14105186E-44
1.14105186E-44
1.14105186E-44
1.14105186E-44
1.14105186E-44
1.14105186E-44
1.14105186E-44
1.14105186E-44
1.14105186E-44
1.14105186E-44
1.14105186E-44
1.14105186E-44
1.14105186E-44
1.14105186E-44
1.14105186E-44
1.14105186E-44
1.14105186E-44
1.14105186E-44
1.28480624E-44
1.28480624E-44
1.28480624E-44
1.28480624E-44
1.28480624E-44
1.28480624E-44
1.28480624E-44
1.28480624E-44
1.28480624E-44
1.28480624E-44
1.28480624E-44
1.28480624E-44
1.28480624E-44
1.28480624E-44
1.28480624E-44
1.28480624E-44
1.28480624E-44
1.28480624E-44
1.28480624E-44
1.28480624E-44
1.28480624E-44
1.44667139E-44
1.44667139E-44
1.44667139E-44
1.44667139E-44
1.44667139E-44
1.44667139E-44
1.44667139E-44
1.44667139E-44
1.44667139E-44
1.44667139E-44
1.44667139E-44
1.44667139E-44
1.44667139E-44
1.44667139E-44
1.44667139E-44
1.44667139E-44
1.44667139E-44
1.44667139E-44
1.44667139E-44
1.44667139E-44
1.44667139E-44
1.44667139E-44
1.62892897E-44
1.62892897E-44
1.62892897E-44
1.62892897E-44
1.62892897E-44
1.62892897E-44
1.62892897E-44
1.62892897E-44
1.62892897E-44
1.62892897E-44
1.62892897E-44
1.62892897E-44
1.62892897E-44
1.62892897E-44
1.62892897E-44
1.62892897E-44
1.62892897E-44
1.62892897E-44
1.62892897E-44
1.62892897E-44
1.62892897E-44
1.83414810E-44
1.83414810E-44
1.83414810E-44
1.83414810E-44
1.83414810E-44
1.83414810E-44
1.83414810E-44
1.83414810E-44
1.83414810E-44
1.83414810E-44
1.83414810E-44
1.83414810E-44
1.83414810E-44
1.83414810E-44
1.83414810E-44
1.83414810E-44
1.83414810E-44
1.83414810E-44
1.83414810E-44
1.83414810E-44
1.83414810E-44
1.83414810E-44
2.06522158E-44
2.06522158E-44
2.06522158E-44
2.06522158E-44
2.06522158E-44
2.06522158E-44
2.06522158E-44
2.06522158E-44
2.06522158E-44
2.06522158E-44
2.06522158E-44
2.06522158E-44
2.06522158E-44
2.06522158E-44
2.06522158E-44
2.06522158E-44
2.06522158E-44
2.06522158E-44
2.06522158E-44
2.06522158E-44
2.06522158E-44
2.32540664E-44
2.32540664E-44
2.32540664E-44
2.32540664E-44
2.32540664E-44
2.32540664E-44
2.32540664E-44
2.32540664E-44
2.32540664E-44
2.32540664E-44
2.32540664E-44
2.32540664E-44
2.32540664E-44
2.32540664E-44
2.32540664E-44
2.32540664E-44
2.32540664E-44
2.32540664E-44
2.32540664E-44
2.32540664E-44
2.32540664E-44
2.32540664E-44
2.61837088E-44
2.61837088E-44
2.61837088E-44
2.61837088E-44
2.61837088E-44
2.61837088E-44
2.61837088E-44
2.61837088E-44
2.61837088E-44
2.61837088E-44
2.61837088E-44
2.61837088E-44
2.61837088E-44
2.61837088E-44
2.61837088E-44
2.61837088E-44
2.61837088E-44
2.61837088E-44
2.61837088E-44
2.61837088E-44
2.61837088E-44
2.94824395E-44
2.94824395E-44
2.94824395E-44
2.94824395E-44
2.94824395E-44
2.94824395E-44
2.94824395E-44
2.94824395E-44
2.94824395E-44
2.94824395E-44
2.94824395E-44
2.94824395E-44
2.94824395E-44
2.94824395E-44
2.94824395E-44
2.94824395E-44
2.94824395E-44
2.94824395E-44
2.94824395E-44
2.94824395E-44
2.94824395E-44
2.94824395E-44
3.31967578E-44
3.31967578E-44
3.31967578E-44
3.31967578E-44
3.31967578E-44
3.31967578E-44
3.31967578E-44
3.31967578E-44
3.31967578E-44
3.31967578E-44
3.31967578E-44
3.31967578E-44
3.31967578E-44
3.31967578E-44
3.31967578E-44
3.31967578E-44
3.31967578E-44
3.31967578E-44
3.31967578E-44
3.31967578E-44
3.31967578E-44
3.73790211E-44
3.73790211E-44
3.73790211E-44
3.73790211E-44
3.73790211E-44
3.73790211E-44
3.73790211E-44
3.73790211E-44
3.73790211E-44
3.73790211E-44
3.73790211E-44
3.73790211E-44
3.73790211E-44
3.73790211E-44
3.73790211E-44
3.73790211E-44
3.73790211E-44
3.73790211E-44
3.73790211E-44
3.73790211E-44
3.73790211E-44
3.73790211E-44
4.20881831E-44
4.20881831E-44
4.20881831E-44
4.20881831E-44
4.20881831E-44
4.20881831E-44
4.20881831E-44
4.20881831E-44
4.20881831E-44
4.20881831E-44
4.20881831E-44
4.20881831E-44
4.20881831E-44
4.20881831E-44
4.20881831E-44
4.20881831E-44
4.20881831E-44
4.20881831E-44
4.20881831E-44
4.20881831E-44
4.20881831E-44
4.73906245E-44
4.73906245E-44
4.73906245E-44
4.73906245E-44
4.73906245E-44
4.73906245E-44
4.73906245E-44
4.73906245E-44
4.73906245E-44
4.73906245E-44
4.73906245E-44
4.73906245E-44
4.73906245E-44
4.73906245E-44
4.73906245E-44
4.73906245E-44
4.73906245E-44
4.73906245E-44
4.73906245E-44
4.73906245E-44
4.73906245E-44
4.73906245E-44
5.33610892E-44
5.33610892E-44
5.33610892E-44
5.33610892E-44
5.33610892E-44
5.33610892E-44
5.33610892E-44
5.33610892E-44
5.33610892E-44
5.33610892E-44
5.33610892E-44
5.33610892E-44
5.33610892E-44
5.33610892E-44
5.33610892E-44
5.33610892E-44
5.33610892E-44
5.33610892E-44
5.33610892E-44
5.33610892E-44
5.33610892E-44
6.00837375E-44
6.00837375E-44
6.00837375E-44
6.00837375E-44
6.00837375E-44
6.00837375E-44
6.00837375E-44
6.00837375E-44
6.00837375E-44
6.00837375E-44
6.00837375E-44
6.00837375E-44
6.00837375E-44
6.00837375E-44
6.00837375E-44
6.00837375E-44
6.00837375E-44
6.00837375E-44
6.00837375E-44
6.00837375E-44
6.00837375E-44
6.00837375E-44
6.76533325E-44
6.76533325E-44
6.76533325E-44
6.76533325E-44
6.76533325E-44
6.76533325E-44
6.76533325E-44
6.76533325E-44
6.76533325E-44
6.76533325E-44
6.76533325E-44
6.76533325E-44
6.76533325E-44
6.76533325E-44
6.76533325E-44
6.76533325E-44
6.76533325E-44
6.76533325E-44
6.76533325E-44
6.76533325E-44
6.76533325E-44
7.61765760E-44
7.61765760E-44
7.61765760E-44
7.61765760E-44
7.61765760E-44
7.61765760E-44
7.61765760E-44
7.61765760E-44
7.61765760E-44
7.61765760E-44
7.61765760E-44
7.61765760E-44
7.61765760E-44
7.61765760E-44
7.61765760E-44
7.61765760E-44
7.61765760E-44
7.61765760E-44
7.61765760E-44
7.61765760E-44
7.61765760E-44
7.61765760E-44
8.57736126E-44
8.57736126E-44
8.57736126E-44
8.57736126E-44
8.57736126E-44
8.57736126E-44
8.57736126E-44
8.57736126E-44
8.57736126E-44
8.57736126E-44
8.57736126E-44
8.57736126E-44
8.57736126E-44
8.57736126E-44
8.57736126E-44
8.57736126E-44
8.57736126E-44
8.57736126E-44
8.57736126E-44
8.57736126E-44
8.57736126E-44
9.65797231E-44
9.65797231E-44
9.65797231E-44
9.65797231E-44
9.65797231E-44
9.65797231E-44
9.65797231E-44
9.65797231E-44
9.65797231E-44
9.65797231E-44
9.65797231E-44
9.65797231E-44
9.65797231E-44
9.65797231E-44
9.65797231E-44
9.65797231E-44
9.65797231E-44
9.65797231E-44
9.65797231E-44
9.65797231E-44
9.65797231E-44
9.65797231E-44
1.08747232E-43
1.08747232E-43
1.08747232E-43
1.08747232E-43
1.08747232E-43
1.08747232E-43
1.08747232E-43
1.08747232E-43
1.08747232E-43
1.08747232E-43
1.08747232E-43
1.08747232E-43
1.08747232E-43
1.08747232E-43
1.08747232E-43
1.08747232E-43
1.08747232E-43
1.08747232E-43
1.08747232E-43
1.08747232E-43
1.08747232E-43
1.22447653E-43
1.22447653E-43
1.22447653E-43
1.22447653E-43
1.22447653E-43
1.22447653E-43
1.22447653E-43
1.22447653E-43
1.22447653E-43
1.22447653E-43
1.22447653E-43
1.22447653E-43
1.22447653E-43
1.22447653E-43
1.22447653E-43
1.22447653E-43
1.22447653E-43
1.22447653E-43
1.22447653E-43
1.22447653E-43
1.22447653E-43
1.22447653E-43
1.37874109E-43
1.37874109E-43
1.37874109E-43
1.37874109E-43
1.37874109E-43
1.37874109E-43
1.37874109E-43
1.37874109E-43
1.37874109E-43
1.37874109E-43
1.37874109E-43
1.37874109E-43
1.37874109E-43
1.37874109E-43
1.37874109E-43
1.37874109E-43
1.37874109E-43
1.37874109E-43
1.37874109E-43
1.37874109E-43
1.37874109E-43
1.55244053E-43
1.55244053E-43
1.55244053E-43
1.55244053E-43
1.55244053E-43
1.55244053E-43
1.55244053E-43
1.55244053E-43
1.55244053E-43
1.55244053E-43
1.55244053E-43
1.55244053E-43
1.55244053E-43
1.55244053E-43
1.55244053E-43
1.55244053E-43
1.55244053E-43
1.55244053E-43
1.55244053E-43
1.55244053E-43
1.55244053E-43
1.55244053E-43
1.74802333E-43
1.74802333E-43
1.74802333E-43
1.74802333E-43
1.74802333E-43
1.74802333E-43
1.74802333E-43
1.74802333E-43
1.74802333E-43
1.74802333E-43
1.74802333E-43
1.74802333E-43
1.74802333E-43
1.74802333E-43
1.74802333E-43
1.74802333E-43
1.74802333E-43
1.74802333E-43
1.74802333E-43
1.74802333E-43
1.74802333E-43
1.96824646E-43
1.96824646E-43
1.96824646E-43
1.96824646E-43
1.96824646E-43
1.96824646E-43
1.96824646E-43
1.96824646E-43
1.96824646E-43
1.96824646E-43
1.96824646E-43
1.96824646E-43
1.96824646E-43
1.96824646E-43
1.96824646E-43
1.96824646E-43
1.96824646E-43
1.96824646E-43
1.96824646E-43
1.96824646E-43
1.96824646E-43
1.96824646E-43
2.21621420E-43
2.21621420E-43
2.21621420E-43
2.21621420E-43
2.21621420E-43
2.21621420E-43
2.21621420E-43
2.21621420E-43
2.21621420E-43
2.21621420E-43
2.21621420E-43
2.21621420E-43
2.21621420E-43
2.21621420E-43
2.21621420E-43
2.21621420E-43
2.21621420E-43
2.21621420E-43
2.21621420E-43
2.21621420E-43
2.21621420E-43
2.49542193E-43
2.49542193E-43
2.49542193E-43
2.49542193E-43
2.49542193E-43
2.49542193E-43
2.49542193E-43
2.49542193E-43
2.49542193E-43
2.49542193E-43
2.49542193E-43
2.49542193E-43
2.49542193E-43
2.49542193E-43
2.49542193E-43
2.49542193E-43
2.49542193E-43
2.49542193E-43
2.49542193E-43
2.49542193E-43
2.49542193E-43
2.49542193E-43
2.80980539E-43
2.80980539E-43
2.80980539E-43
2.80980539E-43
2.80980539E-43
2.80980539E-43
2.80980539E-43
2.80980539E-43
2.80980539E-43
2.80980539E-43
2.80980539E-43
2.80980539E-43
2.80980539E-43
2.80980539E-43
2.80980539E-43
2.80980539E-43
2.80980539E-43
2.80980539E-43
2.80980539E-43
2.80980539E-43
2.80980539E-43
3.16379617E-43
3.16379617E-43
3.16379617E-43
3.16379617E-43
3.16379617E-43
3.16379617E-43
3.16379617E-43
3.16379617E-43
3.16379617E-43
3.16379617E-43
3.16379617E-43
3.16379617E-43
3.16379617E-43
3.16379617E-43
3.16379617E-43
3.16379617E-43
3.16379617E-43
3.16379617E-43
3.16379617E-43
3.16379617E-43
3.16379617E-43
3.16379617E-43
3.56238415E-43
3.56238415E-43
3.56238415E-43
3.56238415E-43
3.56238415E-43
3.56238415E-43
3.56238415E-43
3.56238415E-43
3.56238415E-43
3.56238415E-43
3.56238415E-43
3.56238415E-43
3.56238415E-43
3.56238415E-43
3.56238415E-43
3.56238415E-43
3.56238415E-43
3.56238415E-43
3.56238415E-43
3.56238415E-43
3.56238415E-43
4.01118787E-43
4.01118787E-43
4.01118787E-43
4.01118787E-43
4.01118787E-43
4.01118787E-43
4.01118787E-43
4.01118787E-43
4.01118787E-43
4.01118787E-43
4.01118787E-43
4.01118787E-43
4.01118787E-43
4.01118787E-43
4.01118787E-43
4.01118787E-43
4.01118787E-43
4.01118787E-43
4.01118787E-43
4.01118787E-43
4.01118787E-43
4.01118787E-43
4.51653373E-43
4.51653373E-43
4.51653373E-43
4.51653373E-43
4.51653373E-43
4.51653373E-43
4.51653373E-43
4.51653373E-43
4.51653373E-43
4.51653373E-43
4.51653373E-43
4.51653373E-43
4.51653373E-43
4.51653373E-43
4.51653373E-43
4.51653373E-43
4.51653373E-43
4.51653373E-43
4.51653373E-43
4.51653373E-43
4.51653373E-43
5.08554512E-43
5.08554512E-43
5.08554512E-43
5.08554512E-43
5.08554512E-43
5.08554512E-43
5.08554512E-43
5.08554512E-43
5.08554512E-43
5.08554512E-43
5.08554512E-43
5.08554512E-43
5.08554512E-43
5.08554512E-43
5.08554512E-43
5.08554512E-43
5.08554512E-43
5.08554512E-43
5.08554512E-43
5.08554512E-43
5.08554512E-43
5.08554512E-43
5.72624289E-43
5.72624289E-43
5.72624289E-43
5.72624289E-43
5.72624289E-43
5.72624289E-43
5.72624289E-43
5.72624289E-43
5.72624289E-43
5.72624289E-43
5.72624289E-43
5.72624289E-43
5.72624289E-43
5.72624289E-43
5.72624289E-43
5.72624289E-43
5.72624289E-43
5.72624289E-43
5.72624289E-43
5.72624289E-43
5.72624289E-43
6.44765839E-43
6.44765839E-43
6.44765839E-43
6.44765839E-43
6.44765839E-43
6.44765839E-43
6.44765839E-43
6.44765839E-43
6.44765839E-43
6.44765839E-43
6.44765839E-43
6.44765839E-43
6.44765839E-43
6.44765839E-43
6.44765839E-43
6.44765839E-43
6.44765839E-43
6.44765839E-43
6.44765839E-43
6.44765839E-43
6.44765839E-43
6.44765839E-43
7.25996076E-43
7.25996076E-43
7.25996076E-43
7.25996076E-43
7.25996076E-43
7.25996076E-43
7.25996076E-43
7.25996076E-43
7.25996076E-43
7.25996076E-43
7.25996076E-43
7.25996076E-43
7.25996076E-43
7.25996076E-43
7.25996076E-43
7.25996076E-43
7.25996076E-43
7.25996076E-43
7.25996076E-43
7.25996076E-43
7.25996076E-43
8.17460031E-43
8.17460031E-43
8.17460031E-43
8.17460031E-43
8.17460031E-43
8.17460031E-43
8.17460031E-43
8.17460031E-43
8.17460031E-43
8.17460031E-43
8.17460031E-43
8.17460031E-43
8.17460031E-43
8.17460031E-43
8.17460031E-43
8.17460031E-43
8.17460031E-43
8.17460031E-43
8.17460031E-43
8.17460031E-43
8.17460031E-43
8.17460031E-43
9.20446989E-43
9.20446989E-43
9.20446989E-43
9.20446989E-43
9.20446989E-43
9.20446989E-43
9.20446989E-43
9.20446989E-43
9.20446989E-43
9.20446989E-43
9.20446989E-43
9.20446989E-43
9.20446989E-43
9.20446989E-43
9.20446989E-43
9.20446989E-43
9.20446989E-43
9.20446989E-43
9.20446989E-43
9.20446989E-43
9.20446989E-43
1.03640866E-42
1.03640866E-42
1.03640866E-42
1.03640866E-42
1.03640866E-42
1.03640866E-42
1.03640866E-42
1.03640866E-42
1.03640866E-42
1.03640866E-42
1.03640866E-42
1.03640866E-42
1.03640866E-42
1.03640866E-42
1.03640866E-42
1.03640866E-42
1.03640866E-42
1.03640866E-42
1.03640866E-42
1.03640866E-42
1.03640866E-42
1.03640866E-42
1.16697967E-42
1.16697967E-42
1.16697967E-42
1.16697967E-42
1.16697967E-42
1.16697967E-42
1.16697967E-42
1.16697967E-42
1.16697967E-42
1.16697967E-42
1.16697967E-42
1.16697967E-42
1.16697967E-42
1.16697967E-42
1.16697967E-42
1.16697967E-42
1.16697967E-42
1.16697967E-42
1.16697967E-42
1.16697967E-42
1.16697967E-42
1.31400054E-42
1.31400054E-42
1.31400054E-42
1.31400054E-42
1.31400054E-42
1.31400054E-42
1.31400054E-42
1.31400054E-42
1.31400054E-42
1.31400054E-42
1.31400054E-42
1.31400054E-42
1.31400054E-42
1.31400054E-42
1.31400054E-42
1.31400054E-42
1.31400054E-42
1.31400054E-42
1.31400054E-42
1.31400054E-42
1.31400054E-42
1.31400054E-42
1.47954370E-42
1.47954370E-42
1.47954370E-42
1.47954370E-42
1.47954370E-42
1.47954370E-42
1.47954370E-42
1.47954370E-42
1.47954370E-42
1.47954370E-42
1.47954370E-42
1.47954370E-42
1.47954370E-42
1.47954370E-42
1.47954370E-42
1.47954370E-42
1.47954370E-42
1.47954370E-42
1.47954370E-42
1.47954370E-42
1.47954370E-42
1.66594267E-42
1.66594267E-42
1.66594267E-42
1.66594267E-42
1.66594267E-42
1.66594267E-42
1.66594267E-42
1.66594267E-42
1.66594267E-42
1.66594267E-42
1.66594267E-42
1.66594267E-42
1.66594267E-42
1.66594267E-42
1.66594267E-42
1.66594267E-42
1.66594267E-42
1.66594267E-42
1.66594267E-42
1.66594267E-42
1.66594267E-42
1.66594267E-42
1.87582494E-42
1.87582494E-42
1.87582494E-42
1.87582494E-42
1.87582494E-42
1.87582494E-42
1.87582494E-42
1.87582494E-42
1.87582494E-42
1.87582494E-42
1.87582494E-42
1.87582494E-42
1.87582494E-42
1.87582494E-42
1.87582494E-42
1.87582494E-42
1.87582494E-42
1.87582494E-42
1.87582494E-42
1.87582494E-42
1.87582494E-42
2.11214903E-42
2.11214903E-42
2.11214903E-42
2.11214903E-42
2.11214903E-42
2.11214903E-42
2.11214903E-42
2.11214903E-42
2.11214903E-42
2.11214903E-42
2.11214903E-42
2.11214903E-42
2.11214903E-42
2.11214903E-42
2.11214903E-42
2.11214903E-42
2.11214903E-42
2.11214903E-42
2.11214903E-42
2.11214903E-42
2.11214903E-42
2.11214903E-42
2.37824621E-42
2.37824621E-42
2.37824621E-42
2.37824621E-42
2.37824621E-42
2.37824621E-42
2.37824621E-42
2.37824621E-42
2.37824621E-42
2.37824621E-42
2.37824621E-42
2.37824621E-42
2.37824621E-42
2.37824621E-42
2.37824621E-42
2.37824621E-42
2.37824621E-42
2.37824621E-42
2.37824621E-42
2.37824621E-42
2.37824621E-42
2.67786739E-42
2.67786739E-42
2.67786739E-42
2.67786739E-42
2.67786739E-42
2.67786739E-42
2.67786739E-42
2.67786739E-42
2.67786739E-42
2.67786739E-42
2.67786739E-42
2.67786739E-42
2.67786739E-42
2.67786739E-42
2.67786739E-42
2.67786739E-42
2.67786739E-42
2.67786739E-42
2.67786739E-42
2.67786739E-42
2.67786739E-42
2.67786739E-42
3.01523608E-42
3.01523608E-42
3.01523608E-42
3.01523608E-42
3.01523608E-42
3.01523608E-42
3.01523608E-42
3.01523608E-42
3.01523608E-42
3.01523608E-42
3.01523608E-42
3.01523608E-42
3.01523608E-42
3.01523608E-42
3.01523608E-42
3.01523608E-42
3.01523608E-42
3.01523608E-42
3.01523608E-42
3.01523608E-42
3.01523608E-42
3.39510785E-42
3.39510785E-42
3.39510785E-42
3.39510785E-42
3.39510785E-42
3.39510785E-42
3.39510785E-42
3.39510785E-42
3.39510785E-42
3.39510785E-42
3.39510785E-42
3.39510785E-42
3.39510785E-42
3.39510785E-42
3.39510785E-42
3.39510785E-42
3.39510785E-42
3.39510785E-42
3.39510785E-42
3.39510785E-42
3.39510785E-42
3.39510785E-42
3.82283742E-42
3.82283742E-42
3.82283742E-42
3.82283742E-42
3.82283742E-42
3.82283742E-42
3.82283742E-42
3.82283742E-42
3.82283742E-42
3.82283742E-42
3.82283742E-42
3.82283742E-42
3.82283742E-42
3.82283742E-42
3.82283742E-42
3.82283742E-42
3.82283742E-42
3.82283742E-42
3.82283742E-42
3.82283742E-42
3.82283742E-42
4.30445412E-42
4.30445412E-42
4.30445412E-42
4.30445412E-42
4.30445412E-42
4.30445412E-42
4.30445412E-42
4.30445412E-42
4.30445412E-42
4.30445412E-42
4.30445412E-42
4.30445412E-42
4.30445412E-42
4.30445412E-42
4.30445412E-42
4.30445412E-42
4.30445412E-42
4.30445412E-42
4.30445412E-42
4.30445412E-42
4.30445412E-42
4.30445412E-42
4.84674685E-42
4.84674685E-42
4.84674685E-42
4.84674685E-42
4.84674685E-42
4.84674685E-42
4.84674685E-42
4.84674685E-42
4.84674685E-42
4.84674685E-42
4.84674685E-42
4.84674685E-42
4.84674685E-42
4.84674685E-42
4.84674685E-42
4.84674685E-42
4.84674685E-42
4.84674685E-42
4.84674685E-42
4.84674685E-42
4.84674685E-42
5.45735984E-42
5.45735984E-42
5.45735984E-42
5.45735984E-42
5.45735984E-42
5.45735984E-42
5.45735984E-42
5.45735984E-42
5.45735984E-42
5.45735984E-42
5.45735984E-42
5.45735984E-42
5.45735984E-42
5.45735984E-42
5.45735984E-42
5.45735984E-42
5.45735984E-42
5.45735984E-42
5.45735984E-42
5.45735984E-42
5.45735984E-42
5.45735984E-42
6.14490036E-42
6.14490036E-42
6.14490036E-42
6.14490036E-42
6.14490036E-42
6.14490036E-42
6.14490036E-42
6.14490036E-42
6.14490036E-42
6.14490036E-42
6.14490036E-42
6.14490036E-42
6.14490036E-42
6.14490036E-42
6.14490036E-42
6.14490036E-42
6.14490036E-42
6.14490036E-42
6.14490036E-42
6.14490036E-42
6.14490036E-42
6.91906003E-42
6.91906003E-42
6.91906003E-42
6.91906003E-42
6.91906003E-42
6.91906003E-42
6.91906003E-42
6.91906003E-42
6.91906003E-42
6.91906003E-42
6.91906003E-42
6.91906003E-42
6.91906003E-42
6.91906003E-42
6.91906003E-42
6.91906003E-42
6.91906003E-42
6.91906003E-42
6.91906003E-42
6.91906003E-42
6.91906003E-42
6.91906003E-42
7.79075152E-42
7.79075152E-42
7.79075152E-42
7.79075152E-42
7.79075152E-42
7.79075152E-42
7.79075152E-42
7.79075152E-42
7.79075152E-42
7.79075152E-42
7.79075152E-42
7.79075152E-42
7.79075152E-42
7.79075152E-42
7.79075152E-42
7.79075152E-42
7.79075152E-42
7.79075152E-42
7.79075152E-42
7.79075152E-42
7.79075152E-42
8.77226226E-42
8.77226226E-42
8.77226226E-42
8.77226226E-42
8.77226226E-42
8.77226226E-42
8.77226226E-42
8.77226226E-42
8.77226226E-42
8.77226226E-42
8.77226226E-42
8.77226226E-42
8.77226226E-42
8.77226226E-42
8.77226226E-42
8.77226226E-42
8.77226226E-42
8.77226226E-42
8.77226226E-42
8.77226226E-42
8.77226226E-42
8.77226226E-42
9.87742773E-42
9.87742773E-42
9.87742773E-42
9.87742773E-42
9.87742773E-42
9.87742773E-42
9.87742773E-42
9.87742773E-42
9.87742773E-42
9.87742773E-42
9.87742773E-42
9.87742773E-42
9.87742773E-42
9.87742773E-42
9.87742773E-42
9.87742773E-42
9.87742773E-42
9.87742773E-42
9.87742773E-42
9.87742773E-42
9.87742773E-42
1.11218265E-41
1.11218265E-41
1.11218265E-41
1.11218265E-41
1.11218265E-41
1.11218265E-41
1.11218265E-41
1.11218265E-41
1.11218265E-41
1.11218265E-41
1.11218265E-41
1.11218265E-41
1.11218265E-41
1.11218265E-41
1.11218265E-41
1.11218265E-41
1.11218265E-41
1.11218265E-41
1.11218265E-41
1.11218265E-41
1.11218265E-41
1.11218265E-41
1.25229997E-41
1.25229997E-41
1.25229997E-41
1.25229997E-41
1.25229997E-41
1.25229997E-41
1.25229997E-41
1.25229997E-41
1.25229997E-41
1.25229997E-41
1.25229997E-41
1.25229997E-41
1.25229997E-41
1.25229997E-41
1.25229997E-41
1.25229997E-41
1.25229997E-41
1.25229997E-41
1.25229997E-41
1.25229997E-41
1.25229997E-41
1.41006984E-41
1.41006984E-41
1.41006984E-41
1.41006984E-41
1.41006984E-41
1.41006984E-41
1.41006984E-41
1.41006984E-41
1.41006984E-41
1.41006984E-41
1.41006984E-41
1.41006984E-41
1.41006984E-41
1.41006984E-41
1.41006984E-41
1.41006984E-41
1.41006984E-41
1.41006984E-41
1.41006984E-41
1.41006984E-41
1.41006984E-41
1.41006984E-41
1.58771620E-41
1.58771620E-41
1.58771620E-41
1.58771620E-41
1.58771620E-41
1.58771620E-41
1.58771620E-41
1.58771620E-41
1.58771620E-41
1.58771620E-41
1.58771620E-41
1.58771620E-41
1.58771620E-41
1.58771620E-41
1.58771620E-41
1.58771620E-41
1.58771620E-41
1.58771620E-41
1.58771620E-41
1.58771620E-41
1.58771620E-41
1.78774318E-41
1.78774318E-41
1.78774318E-41
1.78774318E-41
1.78774318E-41
1.78774318E-41
1.78774318E-41
1.78774318E-41
1.78774318E-41
1.78774318E-41
1.78774318E-41
1.78774318E-41
1.78774318E-41
1.78774318E-41
1.78774318E-41
1.78774318E-41
1.78774318E-41
1.78774318E-41
1.78774318E-41
1.78774318E-41
1.78774318E-41
1.78774318E-41
2.01297038E-41
2.01297038E-41
2.01297038E-41
2.01297038E-41
2.01297038E-41
2.01297038E-41
2.01297038E-41
2.01297038E-41
2.01297038E-41
2.01297038E-41
2.01297038E-41
2.01297038E-41
2.01297038E-41
2.01297038E-41
2.01297038E-41
2.01297038E-41
2.01297038E-41
2.01297038E-41
2.01297038E-41
2.01297038E-41
2.01297038E-41
2.26657262E-41
2.26657262E-41
2.26657262E-41
2.26657262E-41
2.26657262E-41
2.26657262E-41
2.26657262E-41
2.26657262E-41
2.26657262E-41
2.26657262E-41
2.26657262E-41
2.26657262E-41
2.26657262E-41
2.26657262E-41
2.26657262E-41
2.26657262E-41
2.26657262E-41
2.26657262E-41
2.26657262E-41
2.26657262E-41
2.26657262E-41
2.26657262E-41
2.55212471E-41
2.55212471E-41
2.55212471E-41
2.55212471E-41
2.55212471E-41
2.55212471E-41
2.55212471E-41
2.55212471E-41
2.55212471E-41
2.55212471E-41
2.55212471E-41
2.55212471E-41
2.55212471E-41
2.55212471E-41
2.55212471E-41
2.55212471E-41
2.55212471E-41
2.55212471E-41
2.55212471E-41
2.55212471E-41
2.55212471E-41
2.87365182E-41
2.87365182E-41
2.87365182E-41
2.87365182E-41
2.87365182E-41
2.87365182E-41
2.87365182E-41
2.87365182E-41
2.87365182E-41
2.87365182E-41
2.87365182E-41
2.87365182E-41
2.87365182E-41
2.87365182E-41
2.87365182E-41
2.87365182E-41
2.87365182E-41
2.87365182E-41
2.87365182E-41
2.87365182E-41
2.87365182E-41
2.87365182E-41
3.23568623E-41
3.23568623E-41
3.23568623E-41
3.23568623E-41
3.23568623E-41
3.23568623E-41
3.23568623E-41
3.23568623E-41
3.23568623E-41
3.23568623E-41
3.23568623E-41
3.23568623E-41
3.23568623E-41
3.23568623E-41
3.23568623E-41
3.23568623E-41
3.23568623E-41
3.23568623E-41
3.23568623E-41
3.23568623E-41
3.23568623E-41
3.64333121E-41
3.64333121E-41
3.64333121E-41
3.64333121E-41
3.64333121E-41
3.64333121E-41
3.64333121E-41
3.64333121E-41
3.64333121E-41
3.64333121E-41
3.64333121E-41
3.64333121E-41
3.64333121E-41
3.64333121E-41
3.64333121E-41
3.64333121E-41
3.64333121E-41
3.64333121E-41
3.64333121E-41
3.64333121E-41
3.64333121E-41
3.64333121E-41
4.10233298E-41
4.10233298E-41
4.10233298E-41
4.10233298E-41
4.10233298E-41
4.10233298E-41
4.10233298E-41
4.10233298E-41
4.10233298E-41
4.10233298E-41
4.10233298E-41
4.10233298E-41
4.10233298E-41
4.10233298E-41
4.10233298E-41
4.10233298E-41
4.10233298E-41
4.10233298E-41
4.10233298E-41
4.10233298E-41
4.10233298E-41
4.61916167E-41
4.61916167E-41
4.61916167E-41
4.61916167E-41
4.61916167E-41
4.61916167E-41
4.61916167E-41
4.61916167E-41
4.61916167E-41
4.61916167E-41
4.61916167E-41
4.61916167E-41
4.61916167E-41
4.61916167E-41
4.61916167E-41
4.61916167E-41
4.61916167E-41
4.61916167E-41
4.61916167E-41
4.61916167E-41
4.61916167E-41
4.61916167E-41
5.20110254E-41
5.20110254E-41
5.20110254E-41
5.20110254E-41
5.20110254E-41
5.20110254E-41
5.20110254E-41
5.20110254E-41
5.20110254E-41
5.20110254E-41
5.20110254E-41
5.20110254E-41
5.20110254E-41
5.20110254E-41
5.20110254E-41
5.20110254E-41
5.20110254E-41
5.20110254E-41
5.20110254E-41
5.20110254E-41
5.20110254E-41
5.85635872E-41
5.85635872E-41
5.85635872E-41
5.85635872E-41
5.85635872E-41
5.85635872E-41
5.85635872E-41
5.85635872E-41
5.85635872E-41
5.85635872E-41
5.85635872E-41
5.85635872E-41
5.85635872E-41
5.85635872E-41
5.85635872E-41
5.85635872E-41
5.85635872E-41
5.85635872E-41
5.85635872E-41
5.85635872E-41
5.85635872E-41
5.85635872E-41
6.59416674E-41
6.59416674E-41
6.59416674E-41
6.59416674E-41
6.59416674E-41
6.59416674E-41
6.59416674E-41
6.59416674E-41
6.59416674E-41
6.59416674E-41
6.59416674E-41
6.59416674E-41
6.59416674E-41
6.59416674E-41
6.59416674E-41
6.59416674E-41
6.59416674E-41
6.59416674E-41
6.59416674E-41
6.59416674E-41
6.59416674E-41
7.42492683E-41
7.42492683E-41
7.42492683E-41
7.42492683E-41
7.42492683E-41
7.42492683E-41
7.42492683E-41
7.42492683E-41
7.42492683E-41
7.42492683E-41
7.42492683E-41
7.42492683E-41
7.42492683E-41
7.42492683E-41
7.42492683E-41
7.42492683E-41
7.42492683E-41
7.42492683E-41
7.42492683E-41
7.42492683E-41
7.42492683E-41
7.42492683E-41
8.36034948E-41
8.36034948E-41
8.36034948E-41
8.36034948E-41
8.36034948E-41
8.36034948E-41
8.36034948E-41
8.36034948E-41
8.36034948E-41
8.36034948E-41
8.36034948E-41
8.36034948E-41
8.36034948E-41
8.36034948E-41
8.36034948E-41
8.36034948E-41
8.36034948E-41
8.36034948E-41
8.36034948E-41
8.36034948E-41
8.36034948E-41
9.41362050E-41
9.41362050E-41
9.41362050E-41
9.41362050E-41
9.41362050E-41
9.41362050E-41
9.41362050E-41
9.41362050E-41
9.41362050E-41
9.41362050E-41
9.41362050E-41
9.41362050E-41
9.41362050E-41
9.41362050E-41
9.41362050E-41
9.41362050E-41
9.41362050E-41
9.41362050E-41
9.41362050E-41
9.41362050E-41
9.41362050E-41
9.41362050E-41
1.05995869E-40
1.05995869E-40
1.05995869E-40
1.05995869E-40
1.05995869E-40
1.05995869E-40
1.05995869E-40
1.05995869E-40
1.05995869E-40
1.05995869E-40
1.05995869E-40
1.05995869E-40
1.05995869E-40
1.05995869E-40
1.05995869E-40
1.05995869E-40
1.05995869E-40
1.05995869E-40
1.05995869E-40
1.05995869E-40
1.05995869E-40
1.19349662E-40
1.19349662E-40
1.19349662E-40
1.19349662E-40
1.19349662E-40
1.19349662E-40
1.19349662E-40
1.19349662E-40
1.19349662E-40
1.19349662E-40
1.19349662E-40
1.19349662E-40
1.19349662E-40
1.19349662E-40
1.19349662E-40
1.19349662E-40
1.19349662E-40
1.19349662E-40
1.19349662E-40
1.19349662E-40
1.19349662E-40
1.19349662E-40
1.34385821E-40
1.34385821E-40
1.34385821E-40
1.34385821E-40
1.34385821E-40
1.34385821E-40
1.34385821E-40
1.34385821E-40
1.34385821E-40
1.34385821E-40
1.34385821E-40
1.34385821E-40
1.34385821E-40
1.34385821E-40
1.34385821E-40
1.34385821E-40
1.34385821E-40
1.34385821E-40
1.34385821E-40
1.34385821E-40
1.34385821E-40
1.51316296E-40
1.51316296E-40
1.51316296E-40
1.51316296E-40
1.51316296E-40
1.51316296E-40
1.51316296E-40
1.51316296E-40
1.51316296E-40
1.51316296E-40
1.51316296E-40
1.51316296E-40
1.51316296E-40
1.51316296E-40
1.51316296E-40
1.51316296E-40
1.51316296E-40
1.51316296E-40
1.51316296E-40
1.51316296E-40
1.51316296E-40
1.51316296E-40
1.70379742E-40
1.70379742E-40
1.70379742E-40
1.70379742E-40
1.70379742E-40
1.70379742E-40
1.70379742E-40
1.70379742E-40
1.70379742E-40
1.70379742E-40
1.70379742E-40
1.70379742E-40
1.70379742E-40
1.70379742E-40
1.70379742E-40
1.70379742E-40
1.70379742E-40
1.70379742E-40
1.70379742E-40
1.70379742E-40
1.70379742E-40
1.91844879E-40
1.91844879E-40
1.91844879E-40
1.91844879E-40
1.91844879E-40
1.91844879E-40
1.91844879E-40
1.91844879E-40
1.91844879E-40
1.91844879E-40
1.91844879E-40
1.91844879E-40
1.91844879E-40
1.91844879E-40
1.91844879E-40
1.91844879E-40
1.91844879E-40
1.91844879E-40
1.91844879E-40
1.91844879E-40
1.91844879E-40
1.91844879E-40
2.16014281E-40
2.16014281E-40
2.16014281E-40
2.16014281E-40
2.16014281E-40
2.16014281E-40
2.16014281E-40
2.16014281E-40
2.16014281E-40
2.16014281E-40
2.16014281E-40
2.16014281E-40
2.16014281E-40
2.16014281E-40
2.16014281E-40
2.16014281E-40
2.16014281E-40
2.16014281E-40
2.16014281E-40
2.16014281E-40
2.16014281E-40
2.43228644E-40
2.43228644E-40
2.43228644E-40
2.43228644E-40
2.43228644E-40
2.43228644E-40
2.43228644E-40
2.43228644E-40
2.43228644E-40
2.43228644E-40
2.43228644E-40
2.43228644E-40
2.43228644E-40
2.43228644E-40
2.43228644E-40
2.43228644E-40
2.43228644E-40
2.43228644E-40
2.43228644E-40
2.43228644E-40
2.43228644E-40
2.43228644E-40
2.73871583E-40
2.73871583E-40
2.73871583E-40
2.73871583E-40
2.73871583E-40
2.73871583E-40
2.73871583E-40
2.73871583E-40
2.73871583E-40
2.73871583E-40
2.73871583E-40
2.73871583E-40
2.73871583E-40
2.73871583E-40
2.73871583E-40
2.73871583E-40
2.73871583E-40
2.73871583E-40
2.73871583E-40
2.73871583E-40
2.73871583E-40
3.08375045E-40
3.08375045E-40
3.08375045E-40
3.08375045E-40
3.08375045E-40
3.08375045E-40
3.08375045E-40
3.08375045E-40
3.08375045E-40
3.08375045E-40
3.08375045E-40
3.08375045E-40
3.08375045E-40
3.08375045E-40
3.08375045E-40
3.08375045E-40
3.08375045E-40
3.08375045E-40
3.08375045E-40
3.08375045E-40
3.08375045E-40
3.08375045E-40
3.47225394E-40
3.47225394E-40
3.47225394E-40
3.47225394E-40
3.47225394E-40
3.47225394E-40
3.47225394E-40
3.47225394E-40
3.47225394E-40
3.47225394E-40
3.47225394E-40
3.47225394E-40
3.47225394E-40
3.47225394E-40
3.47225394E-40
3.47225394E-40
3.47225394E-40
3.47225394E-40
3.47225394E-40
3.47225394E-40
3.47225394E-40
3.90970270E-40
3.90970270E-40
3.90970270E-40
3.90970270E-40
3.90970270E-40
3.90970270E-40
3.90970270E-40
3.90970270E-40
3.90970270E-40
3.90970270E-40
3.90970270E-40
3.90970270E-40
3.90970270E-40
3.90970270E-40
3.90970270E-40
3.90970270E-40
3.90970270E-40
3.90970270E-40
3.90970270E-40
3.90970270E-40
3.90970270E-40
3.90970270E-40
4.40226303E-40
4.40226303E-40
4.40226303E-40
4.40226303E-40
4.40226303E-40
4.40226303E-40
4.40226303E-40
4.40226303E-40
4.40226303E-40
4.40226303E-40
4.40226303E-40
4.40226303E-40
4.40226303E-40
4.40226303E-40
4.40226303E-40
4.40226303E-40
4.40226303E-40
4.40226303E-40
4.40226303E-40
4.40226303E-40
4.40226303E-40
4.95687813E-40
4.95687813E-40
4.95687813E-40
4.95687813E-40
4.95687813E-40
4.95687813E-40
4.95687813E-40
4.95687813E-40
4.95687813E-40
4.95687813E-40
4.95687813E-40
4.95687813E-40
4.95687813E-40
4.95687813E-40
4.95687813E-40
4.95687813E-40
4.95687813E-40
4.95687813E-40
4.95687813E-40
4.95687813E-40
4.95687813E-40
4.95687813E-40
5.58136592E-40
5.58136592E-40
5.58136592E-40
5.58136592E-40
5.58136592E-40
5.58136592E-40
5.58136592E-40
5.58136592E-40
5.58136592E-40
5.58136592E-40
5.58136592E-40
5.58136592E-40
5.58136592E-40
5.58136592E-40
5.58136592E-40
5.58136592E-40
5.58136592E-40
5.58136592E-40
5.58136592E-40
5.58136592E-40
5.58136592E-40
6.28452922E-40
6.28452922E-40
6.28452922E-40
6.28452922E-40
6.28452922E-40
6.28452922E-40
6.28452922E-40
6.28452922E-40
6.28452922E-40
6.28452922E-40
6.28452922E-40
6.28452922E-40
6.28452922E-40
6.28452922E-40
6.28452922E-40
6.28452922E-40
6.28452922E-40
6.28452922E-40
6.28452922E-40
6.28452922E-40
6.28452922E-40
6.28452922E-40
7.07627991E-40
7.07627991E-40
7.07627991E-40
7.07627991E-40
7.07627991E-40
7.07627991E-40
7.07627991E-40
7.07627991E-40
7.07627991E-40
7.07627991E-40
7.07627991E-40
7.07627991E-40
7.07627991E-40
7.07627991E-40
7.07627991E-40
7.07627991E-40
7.07627991E-40
7.07627991E-40
7.07627991E-40
7.07627991E-40
7.07627991E-40
7.96777860E-40
7.96777860E-40
7.96777860E-40
7.96777860E-40
7.96777860E-40
7.96777860E-40
7.96777860E-40
7.96777860E-40
7.96777860E-40
7.96777860E-40
7.96777860E-40
7.96777860E-40
7.96777860E-40
7.96777860E-40
7.96777860E-40
7.96777860E-40
7.96777860E-40
7.96777860E-40
7.96777860E-40
7.96777860E-40
7.96777860E-40
7.96777860E-40
8.97159193E-40
8.97159193E-40
8.97159193E-40
8.97159193E-40
8.97159193E-40
8.97159193E-40
8.97159193E-40
8.97159193E-40
8.97159193E-40
8.97159193E-40
8.97159193E-40
8.97159193E-40
8.97159193E-40
8.97159193E-40
8.97159193E-40
8.97159193E-40
8.97159193E-40
8.97159193E-40
8.97159193E-40
8.97159193E-40
8.97159193E-40
1.01018698E-39
1.01018698E-39
1.01018698E-39
1.01018698E-39
1.01018698E-39
1.01018698E-39
1.01018698E-39
1.01018698E-39
1.01018698E-39
1.01018698E-39
1.01018698E-39
1.01018698E-39
1.01018698E-39
1.01018698E-39
1.01018698E-39
1.01018698E-39
1.01018698E-39
1.01018698E-39
1.01018698E-39
1.01018698E-39
1.01018698E-39
1.01018698E-39
1.13745446E-39
1.13745446E-39
1.13745446E-39
1.13745446E-39
1.13745446E-39
1.13745446E-39
1.13745446E-39
1.13745446E-39
1.13745446E-39
1.13745446E-39
1.13745446E-39
1.13745446E-39
1.13745446E-39
1.13745446E-39
1.13745446E-39
1.13745446E-39
1.13745446E-39
1.13745446E-39
1.13745446E-39
1.13745446E-39
1.13745446E-39
1.28075563E-39
1.28075563E-39
1.28075563E-39
1.28075563E-39
1.28075563E-39
1.28075563E-39
1.28075563E-39
1.28075563E-39
1.28075563E-39
1.28075563E-39
1.28075563E-39
1.28075563E-39
1.28075563E-39
1.28075563E-39
1.28075563E-39
1.28075563E-39
1.28075563E-39
1.28075563E-39
1.28075563E-39
1.28075563E-39
1.28075563E-39
1.28075563E-39
1.44211046E-39
1.44211046E-39
1.44211046E-39
1.44211046E-39
1.44211046E-39
1.44211046E-39
1.44211046E-39
1.44211046E-39
1.44211046E-39
1.44211046E-39
1.44211046E-39
1.44211046E-39
1.44211046E-39
1.44211046E-39
1.44211046E-39
1.44211046E-39
1.44211046E-39
1.44211046E-39
1.44211046E-39
1.44211046E-39
1.44211046E-39
1.62379344E-39
1.62379344E-39
1.62379344E-39
1.62379344E-39
1.62379344E-39
1.62379344E-39
1.62379344E-39
1.62379344E-39
1.62379344E-39
1.62379344E-39
1.62379344E-39
1.62379344E-39
1.62379344E-39
1.62379344E-39
1.62379344E-39
1.62379344E-39
1.62379344E-39
1.62379344E-39
1.62379344E-39
1.62379344E-39
1.62379344E-39
1.62379344E-39
1.82836557E-39
1.82836557E-39
1.82836557E-39
1.82836557E-39
1.82836557E-39
1.82836557E-39
1.82836557E-39
1.82836557E-39
1.82836557E-39
1.82836557E-39
1.82836557E-39
1.82836557E-39
1.82836557E-39
1.82836557E-39
1.82836557E-39
1.82836557E-39
1.82836557E-39
1.82836557E-39
1.82836557E-39
1.82836557E-39
1.82836557E-39
2.05871055E-39
2.05871055E-39
2.05871055E-39
2.05871055E-39
2.05871055E-39
2.05871055E-39
2.05871055E-39
2.05871055E-39
2.05871055E-39
2.05871055E-39
2.05871055E-39
2.05871055E-39
2.05871055E-39
2.05871055E-39
2.05871055E-39
2.05871055E-39
2.05871055E-39
2.05871055E-39
2.05871055E-39
2.05871055E-39
2.05871055E-39
2.05871055E-39
2.31807532E-39
2.31807532E-39
2.31807532E-39
2.31807532E-39
2.31807532E-39
2.31807532E-39
2.31807532E-39
2.31807532E-39
2.31807532E-39
2.31807532E-39
2.31807532E-39
2.31807532E-39
2.31807532E-39
2.31807532E-39
2.31807532E-39
2.31807532E-39
2.31807532E-39
2.31807532E-39
2.31807532E-39
2.31807532E-39
2.31807532E-39
2.61011593E-39
2.61011593E-39
2.61011593E-39
2.61011593E-39
2.61011593E-39
2.61011593E-39
2.61011593E-39
2.61011593E-39
2.61011593E-39
2.61011593E-39
2.61011593E-39
2.61011593E-39
2.61011593E-39
2.61011593E-39
2.61011593E-39
2.61011593E-39
2.61011593E-39
2.61011593E-39
2.61011593E-39
2.61011593E-39
2.61011593E-39
2.61011593E-39
2.93894901E-39
2.93894901E-39
2.93894901E-39
2.93894901E-39
2.93894901E-39
2.93894901E-39
2.93894901E-39
2.93894901E-39
2.93894901E-39
2.93894901E-39
2.93894901E-39
2.93894901E-39
2.93894901E-39
2.93894901E-39
2.93894901E-39
2.93894901E-39
2.93894901E-39
2.93894901E-39
2.93894901E-39
2.93894901E-39
2.93894901E-39
3.30920983E-39
3.30920983E-39
3.30920983E-39
3.30920983E-39
3.30920983E-39
3.30920983E-39
3.30920983E-39
3.30920983E-39
3.30920983E-39
3.30920983E-39
3.30920983E-39
3.30920983E-39
3.30920983E-39
3.30920983E-39
3.30920983E-39
3.30920983E-39
3.30920983E-39
3.30920983E-39
3.30920983E-39
3.30920983E-39
3.30920983E-39
3.30920983E-39
3.72611762E-39
3.72611762E-39
3.72611762E-39
3.72611762E-39
3.72611762E-39
3.72611762E-39
3.72611762E-39
3.72611762E-39
3.72611762E-39
3.72611762E-39
3.72611762E-39
3.72611762E-39
3.72611762E-39
3.72611762E-39
3.72611762E-39
3.72611762E-39
3.72611762E-39
3.72611762E-39
3.72611762E-39
3.72611762E-39
3.72611762E-39
4.19554915E-39
4.19554915E-39
4.19554915E-39
4.19554915E-39
4.19554915E-39
4.19554915E-39
4.19554915E-39
4.19554915E-39
4.19554915E-39
4.19554915E-39
4.19554915E-39
4.19554915E-39
4.19554915E-39
4.19554915E-39
4.19554915E-39
4.19554915E-39
4.19554915E-39
4.19554915E-39
4.19554915E-39
4.19554915E-39
4.19554915E-39
4.19554915E-39
4.72412159E-39
4.72412159E-39
4.72412159E-39
4.72412159E-39
4.72412159E-39
4.72412159E-39
4.72412159E-39
4.72412159E-39
4.72412159E-39
4.72412159E-39
4.72412159E-39
4.72412159E-39
4.72412159E-39
4.72412159E-39
4.72412159E-39
4.72412159E-39
4.72412159E-39
4.72412159E-39
4.72412159E-39
4.72412159E-39
4.72412159E-39
5.31928575E-39
5.31928575E-39
5.31928575E-39
5.31928575E-39
5.31928575E-39
5.31928575E-39
5.31928575E-39
5.31928575E-39
5.31928575E-39
5.31928575E-39
5.31928575E-39
5.31928575E-39
5.31928575E-39
5.31928575E-39
5.31928575E-39
5.31928575E-39
5.31928575E-39
5.31928575E-39
5.31928575E-39
5.31928575E-39
5.31928575E-39
5.31928575E-39
5.98943113E-39
5.98943113E-39
5.98943113E-39
5.98943113E-39
5.98943113E-39
5.98943113E-39
5.98943113E-39
5.98943113E-39
5.98943113E-39
5.98943113E-39
5.98943113E-39
5.98943113E-39
5.98943113E-39
5.98943113E-39
5.98943113E-39
5.98943113E-39
5.98943113E-39
5.98943113E-39
5.98943113E-39
5.98943113E-39
5.98943113E-39
6.74400416E-39
6.74400416E-39
6.74400416E-39
6.74400416E-39
6.74400416E-39
6.74400416E-39
6.74400416E-39
6.74400416E-39
6.74400416E-39
6.74400416E-39
6.74400416E-39
6.74400416E-39
6.74400416E-39
6.74400416E-39
6.74400416E-39
6.74400416E-39
6.74400416E-39
6.74400416E-39
6.74400416E-39
6.74400416E-39
6.74400416E-39
6.74400416E-39
7.59364138E-39
7.59364138E-39
7.59364138E-39
7.59364138E-39
7.59364138E-39
7.59364138E-39
7.59364138E-39
7.59364138E-39
7.59364138E-39
7.59364138E-39
7.59364138E-39
7.59364138E-39
7.59364138E-39
7.59364138E-39
7.59364138E-39
7.59364138E-39
7.59364138E-39
7.59364138E-39
7.59364138E-39
7.59364138E-39
7.59364138E-39
8.55031938E-39
8.55031938E-39
8.55031938E-39
8.55031938E-39
8.55031938E-39
8.55031938E-39
8.55031938E-39
8.55031938E-39
8.55031938E-39
8.55031938E-39
8.55031938E-39
8.55031938E-39
8.55031938E-39
8.55031938E-39
8.55031938E-39
8.55031938E-39
8.55031938E-39
8.55031938E-39
8.55031938E-39
8.55031938E-39
8.55031938E-39
8.55031938E-39
9.62752359E-39
9.62752359E-39
9.62752359E-39
9.62752359E-39
9.62752359E-39
9.62752359E-39
9.62752359E-39
9.62752359E-39
9.62752359E-39
9.62752359E-39
9.62752359E-39
9.62752359E-39
9.62752359E-39
9.62752359E-39
9.62752359E-39
9.62752359E-39
9.62752359E-39
9.62752359E-39
9.62752359E-39
9.62752359E-39
9.62752359E-39
1.08404384E-38
1.08404384E-38
1.08404384E-38
1.08404384E-38
1.08404384E-38
1.08404384E-38
1.08404384E-38
1.08404384E-38
1.08404384E-38
1.08404384E-38
1.08404384E-38
1.08404384E-38
1.08404384E-38
1.08404384E-38
1.08404384E-38
1.08404384E-38
1.08404384E-38
1.08404384E-38
1.08404384E-38
1.08404384E-38
1.08404384E-38
1.08404384E-38
1.22061611E-38
1.22061611E-38
1.22061611E-38
1.22061611E-38
1.22061611E-38
1.22061611E-38
1.22061611E-38
1.22061611E-38
1.22061611E-38
1.22061611E-38
1.22061611E-38
1.22061611E-38
1.22061611E-38
1.22061611E-38
1.22061611E-38
1.22061611E-38
1.22061611E-38
1.22061611E-38
1.22061611E-38
1.22061611E-38
1.22061611E-38
1.37439432E-38
1.37439432E-38
1.37439432E-38
1.37439432E-38
1.37439432E-38
1.37439432E-38
1.37439432E-38
1.37439432E-38
1.37439432E-38
1.37439432E-38
1.37439432E-38
1.37439432E-38
1.37439432E-38
1.37439432E-38
1.37439432E-38
1.37439432E-38
1.37439432E-38
1.37439432E-38
1.37439432E-38
1.37439432E-38
1.37439432E-38
1.37439432E-38
1.54754614E-38
1.54754614E-38
1.54754614E-38
1.54754614E-38
1.54754614E-38
1.54754614E-38
1.54754614E-38
1.54754614E-38
1.54754614E-38
1.54754614E-38
1.54754614E-38
1.54754614E-38
1.54754614E-38
1.54754614E-38
1.54754614E-38
1.54754614E-38
1.54754614E-38
1.54754614E-38
1.54754614E-38
1.54754614E-38
1.54754614E-38
1.74251233E-38
1.74251233E-38
1.74251233E-38
1.74251233E-38
1.74251233E-38
1.74251233E-38
1.74251233E-38
1.74251233E-38
1.74251233E-38
1.74251233E-38
1.74251233E-38
1.74251233E-38
1.74251233E-38
1.74251233E-38
1.74251233E-38
1.74251233E-38
1.74251233E-38
1.74251233E-38
1.74251233E-38
1.74251233E-38
1.74251233E-38
1.74251233E-38
1.96204116E-38
1.96204116E-38
1.96204116E-38
1.96204116E-38
1.96204116E-38
1.96204116E-38
1.96204116E-38
1.96204116E-38
1.96204116E-38
1.96204116E-38
1.96204116E-38
1.96204116E-38
1.96204116E-38
1.96204116E-38
1.96204116E-38
1.96204116E-38
1.96204116E-38
1.96204116E-38
1.96204116E-38
1.96204116E-38
1.96204116E-38
2.20922714E-38
2.20922714E-38
2.20922714E-38
2.20922714E-38
2.20922714E-38
2.20922714E-38
2.20922714E-38
2.20922714E-38
2.20922714E-38
2.20922714E-38
2.20922714E-38
2.20922714E-38
2.20922714E-38
2.20922714E-38
2.20922714E-38
2.20922714E-38
2.20922714E-38
2.20922714E-38
2.20922714E-38
2.20922714E-38
2.20922714E-38
2.20922714E-38
2.48755461E-38
2.48755461E-38
2.48755461E-38
2.48755461E-38
2.48755461E-38
2.48755461E-38
2.48755461E-38
2.48755461E-38
2.48755461E-38
2.48755461E-38
2.48755461E-38
2.48755461E-38
2.48755461E-38
2.48755461E-38
2.48755461E-38
2.48755461E-38
2.48755461E-38
2.48755461E-38
2.48755461E-38
2.48755461E-38
2.48755461E-38
2.80094691E-38
2.80094691E-38
2.80094691E-38
2.80094691E-38
2.80094691E-38
2.80094691E-38
2.80094691E-38
2.80094691E-38
2.80094691E-38
2.80094691E-38
2.80094691E-38
2.80094691E-38
2.80094691E-38
2.80094691E-38
2.80094691E-38
2.80094691E-38
2.80094691E-38
2.80094691E-38
2.80094691E-38
2.80094691E-38
2.80094691E-38
2.80094691E-38
3.15382166E-38
3.15382166E-38
3.15382166E-38
3.15382166E-38
3.15382166E-38
3.15382166E-38
3.15382166E-38
3.15382166E-38
3.15382166E-38
3.15382166E-38
3.15382166E-38
3.15382166E-38
3.15382166E-38
3.15382166E-38
3.15382166E-38
3.15382166E-38
3.15382166E-38
3.15382166E-38
3.15382166E-38
3.15382166E-38
3.15382166E-38
3.55115301E-38
3.55115301E-38
3.55115301E-38
3.55115301E-38
3.55115301E-38
3.55115301E-38
3.55115301E-38
3.55115301E-38
3.55115301E-38
3.55115301E-38
3.55115301E-38
3.55115301E-38
3.55115301E-38
3.55115301E-38
3.55115301E-38
3.55115301E-38
3.55115301E-38
3.55115301E-38
3.55115301E-38
3.55115301E-38
3.55115301E-38
3.55115301E-38
3.99854179E-38
3.99854179E-38
3.99854179E-38
3.99854179E-38
3.99854179E-38
3.99854179E-38
3.99854179E-38
3.99854179E-38
3.99854179E-38
3.99854179E-38
3.99854179E-38
3.99854179E-38
3.99854179E-38
3.99854179E-38
3.99854179E-38
3.99854179E-38
3.99854179E-38
3.99854179E-38
3.99854179E-38
3.99854179E-38
3.99854179E-38
4.50229443E-38
4.50229443E-38
4.50229443E-38
4.50229443E-38
4.50229443E-38
4.50229443E-38
4.50229443E-38
4.50229443E-38
4.50229443E-38
4.50229443E-38
4.50229443E-38
4.50229443E-38
4.50229443E-38
4.50229443E-38
4.50229443E-38
4.50229443E-38
4.50229443E-38
4.50229443E-38
4.50229443E-38
4.50229443E-38
4.50229443E-38
4.50229443E-38
5.06951190E-38
5.06951190E-38
5.06951190E-38
5.06951190E-38
5.06951190E-38
5.06951190E-38
5.06951190E-38
5.06951190E-38
5.06951190E-38
5.06951190E-38
5.06951190E-38
5.06951190E-38
5.06951190E-38
5.06951190E-38
5.06951190E-38
5.06951190E-38
5.06951190E-38
5.06951190E-38
5.06951190E-38
5.06951190E-38
5.06951190E-38
5.70818974E-38
5.70818974E-38
5.70818974E-38
5.70818974E-38
5.70818974E-38
5.70818974E-38
5.70818974E-38
5.70818974E-38
5.70818974E-38
5.70818974E-38
5.70818974E-38
5.70818974E-38
5.70818974E-38
5.70818974E-38
5.70818974E-38
5.70818974E-38
5.70818974E-38
5.70818974E-38
5.70818974E-38
5.70818974E-38
5.70818974E-38
5.70818974E-38
6.42733083E-38
6.42733083E-38
6.42733083E-38
6.42733083E-38
6.42733083E-38
6.42733083E-38
6.42733083E-38
6.42733083E-38
6.42733083E-38
6.42733083E-38
6.42733083E-38
6.42733083E-38
6.42733083E-38
6.42733083E-38
6.42733083E-38
6.42733083E-38
6.42733083E-38
6.42733083E-38
6.42733083E-38
6.42733083E-38
6.42733083E-38
7.23707225E-38
7.23707225E-38
7.23707225E-38
7.23707225E-38
7.23707225E-38
7.23707225E-38
7.23707225E-38
7.23707225E-38
7.23707225E-38
7.23707225E-38
7.23707225E-38
7.23707225E-38
7.23707225E-38
7.23707225E-38
7.23707225E-38
7.23707225E-38
7.23707225E-38
7.23707225E-38
7.23707225E-38
7.23707225E-38
7.23707225E-38
7.23707225E-38
8.14882822E-38
8.14882822E-38
8.14882822E-38
8.14882822E-38
8.14882822E-38
8.14882822E-38
8.14882822E-38
8.14882822E-38
8.14882822E-38
8.14882822E-38
8.14882822E-38
8.14882822E-38
8.14882822E-38
8.14882822E-38
8.14882822E-38
8.14882822E-38
8.14882822E-38
8.14882822E-38
8.14882822E-38
8.14882822E-38
8.14882822E-38
9.17545093E-38
9.17545093E-38
9.17545093E-38
9.17545093E-38
9.17545093E-38
9.17545093E-38
9.17545093E-38
9.17545093E-38
9.17545093E-38
9.17545093E-38
9.17545093E-38
9.17545093E-38
9.17545093E-38
9.17545093E-38
9.17545093E-38
9.17545093E-38
9.17545093E-38
9.17545093E-38
9.17545093E-38
9.17545093E-38
9.17545093E-38
9.17545093E-38
1.03314118E-37
1.03314118E-37
1.03314118E-37
1.03314118E-37
1.03314118E-37
1.03314118E-37
1.03314118E-37
1.03314118E-37
1.03314118E-37
1.03314118E-37
1.03314118E-37
1.03314118E-37
1.03314118E-37
1.03314118E-37
1.03314118E-37
1.03314118E-37
1.03314118E-37
1.03314118E-37
1.03314118E-37
1.03314118E-37
1.03314118E-37
1.16330053E-37
1.16330053E-37
1.16330053E-37
1.16330053E-37
1.16330053E-37
1.16330053E-37
1.16330053E-37
1.16330053E-37
1.16330053E-37
1.16330053E-37
1.16330053E-37
1.16330053E-37
1.16330053E-37
1.16330053E-37
1.16330053E-37
1.16330053E-37
1.16330053E-37
1.16330053E-37
1.16330053E-37
1.16330053E-37
1.16330053E-37
1.16330053E-37
1.30985788E-37
1.30985788E-37
1.30985788E-37
1.30985788E-37
1.30985788E-37
1.30985788E-37
1.30985788E-37
1.30985788E-37
1.30985788E-37
1.30985788E-37
1.30985788E-37
1.30985788E-37
1.30985788E-37
1.30985788E-37
1.30985788E-37
1.30985788E-37
1.30985788E-37
1.30985788E-37
1.30985788E-37
1.30985788E-37
1.30985788E-37
1.47487914E-37
1.47487914E-37
1.47487914E-37
1.47487914E-37
1.47487914E-37
1.47487914E-37
1.47487914E-37
1.47487914E-37
1.47487914E-37
1.47487914E-37
1.47487914E-37
1.47487914E-37
1.47487914E-37
1.47487914E-37
1.47487914E-37
1.47487914E-37
1.47487914E-37
1.47487914E-37
1.47487914E-37
1.47487914E-37
1.47487914E-37
1.47487914E-37
1.66069044E-37
1.66069044E-37
1.66069044E-37
1.66069044E-37
1.66069044E-37
1.66069044E-37
1.66069044E-37
1.66069044E-37
1.66069044E-37
1.66069044E-37
1.66069044E-37
1.66069044E-37
1.66069044E-37
1.66069044E-37
1.66069044E-37
1.66069044E-37
1.66069044E-37
1.66069044E-37
1.66069044E-37
1.66069044E-37
1.66069044E-37
1.86991102E-37
1.86991102E-37
1.86991102E-37
1.86991102E-37
1.86991102E-37
1.86991102E-37
1.86991102E-37
1.86991102E-37
1.86991102E-37
1.86991102E-37
1.86991102E-37
1.86991102E-37
1.86991102E-37
1.86991102E-37
1.86991102E-37
1.86991102E-37
1.86991102E-37
1.86991102E-37
1.86991102E-37
1.86991102E-37
1.86991102E-37
1.86991102E-37
2.10549006E-37
2.10549006E-37
2.10549006E-37
2.10549006E-37
2.10549006E-37
2.10549006E-37
2.10549006E-37
2.10549006E-37
2.10549006E-37
2.10549006E-37
2.10549006E-37
2.10549006E-37
2.10549006E-37
2.10549006E-37
2.10549006E-37
2.10549006E-37
2.10549006E-37
2.10549006E-37
2.10549006E-37
2.10549006E-37
2.10549006E-37
2.37074830E-37
2.37074830E-37
2.37074830E-37
2.37074830E-37
2.37074830E-37
2.37074830E-37
2.37074830E-37
2.37074830E-37
2.37074830E-37
2.37074830E-37
2.37074830E-37
2.37074830E-37
2.37074830E-37
2.37074830E-37
2.37074830E-37
2.37074830E-37
2.37074830E-37
2.37074830E-37
2.37074830E-37
2.37074830E-37
2.37074830E-37
2.37074830E-37
2.66942487E-37
2.66942487E-37
2.66942487E-37
2.66942487E-37
2.66942487E-37
2.66942487E-37
2.66942487E-37
2.66942487E-37
2.66942487E-37
2.66942487E-37
2.66942487E-37
2.66942487E-37
2.66942487E-37
2.66942487E-37
2.66942487E-37
2.66942487E-37
2.66942487E-37
2.66942487E-37
2.66942487E-37
2.66942487E-37
2.66942487E-37
3.00572993E-37
3.00572993E-37
3.00572993E-37
3.00572993E-37
3.00572993E-37
3.00572993E-37
3.00572993E-37
3.00572993E-37
3.00572993E-37
3.00572993E-37
3.00572993E-37
3.00572993E-37
3.00572993E-37
3.00572993E-37
3.00572993E-37
3.00572993E-37
3.00572993E-37
3.00572993E-37
3.00572993E-37
3.00572993E-37
3.00572993E-37
3.00572993E-37
3.38440408E-37
3.38440408E-37
3.38440408E-37
3.38440408E-37
3.38440408E-37
3.38440408E-37
3.38440408E-37
3.38440408E-37
3.38440408E-37
3.38440408E-37
3.38440408E-37
3.38440408E-37
3.38440408E-37
3.38440408E-37
3.38440408E-37
3.38440408E-37
3.38440408E-37
3.38440408E-37
3.38440408E-37
3.38440408E-37
3.38440408E-37
3.81078515E-37
3.81078515E-37
3.81078515E-37
3.81078515E-37
3.81078515E-37
3.81078515E-37
3.81078515E-37
3.81078515E-37
3.81078515E-37
3.81078515E-37
3.81078515E-37
3.81078515E-37
3.81078515E-37
3.81078515E-37
3.81078515E-37
3.81078515E-37
3.81078515E-37
3.81078515E-37
3.81078515E-37
3.81078515E-37
3.81078515E-37
3.81078515E-37
4.29088345E-37
4.29088345E-37
4.29088345E-37
4.29088345E-37
4.29088345E-37
4.29088345E-37
4.29088345E-37
4.29088345E-37
4.29088345E-37
4.29088345E-37
4.29088345E-37
4.29088345E-37
4.29088345E-37
4.29088345E-37
4.29088345E-37
4.29088345E-37
4.29088345E-37
4.29088345E-37
4.29088345E-37
4.29088345E-37
4.29088345E-37
4.83146650E-37
4.83146650E-37
4.83146650E-37
4.83146650E-37
4.83146650E-37
4.83146650E-37
4.83146650E-37
4.83146650E-37
4.83146650E-37
4.83146650E-37
4.83146650E-37
4.83146650E-37
4.83146650E-37
4.83146650E-37
4.83146650E-37
4.83146650E-37
4.83146650E-37
4.83146650E-37
4.83146650E-37
4.83146650E-37
4.83146650E-37
4.83146650E-37
5.44015441E-37
5.44015441E-37
5.44015441E-37
5.44015441E-37
5.44015441E-37
5.44015441E-37
5.44015441E-37
5.44015441E-37
5.44015441E-37
5.44015441E-37
5.44015441E-37
5.44015441E-37
5.44015441E-37
5.44015441E-37
5.44015441E-37
5.44015441E-37
5.44015441E-37
5.44015441E-37
5.44015441E-37
5.44015441E-37
5.44015441E-37
6.12552731E-37
6.12552731E-37
6.12552731E-37
6.12552731E-37
6.12552731E-37
6.12552731E-37
6.12552731E-37
6.12552731E-37
6.12552731E-37
6.12552731E-37
6.12552731E-37
6.12552731E-37
6.12552731E-37
6.12552731E-37
6.12552731E-37
6.12552731E-37
6.12552731E-37
6.12552731E-37
6.12552731E-37
6.12552731E-37
6.12552731E-37
6.12552731E-37
6.89724629E-37
6.89724629E-37
6.89724629E-37
6.89724629E-37
6.89724629E-37
6.89724629E-37
6.89724629E-37
6.89724629E-37
6.89724629E-37
6.89724629E-37
6.89724629E-37
6.89724629E-37
6.89724629E-37
6.89724629E-37
6.89724629E-37
6.89724629E-37
6.89724629E-37
6.89724629E-37
6.89724629E-37
6.89724629E-37
6.89724629E-37
7.76618959E-37
7.76618959E-37
7.76618959E-37
7.76618959E-37
7.76618959E-37
7.76618959E-37
7.76618959E-37
7.76618959E-37
7.76618959E-37
7.76618959E-37
7.76618959E-37
7.76618959E-37
7.76618959E-37
7.76618959E-37
7.76618959E-37
7.76618959E-37
7.76618959E-37
7.76618959E-37
7.76618959E-37
7.76618959E-37
7.76618959E-37
7.76618959E-37
8.74460591E-37
8.74460591E-37
8.74460591E-37
8.74460591E-37
8.74460591E-37
8.74460591E-37
8.74460591E-37
8.74460591E-37
8.74460591E-37
8.74460591E-37
8.74460591E-37
8.74460591E-37
8.74460591E-37
8.74460591E-37
8.74460591E-37
8.74460591E-37
8.74460591E-37
8.74460591E-37
8.74460591E-37
8.74460591E-37
8.74460591E-37
9.84628713E-37
9.84628713E-37
9.84628713E-37
9.84628713E-37
9.84628713E-37
9.84628713E-37
9.84628713E-37
9.84628713E-37
9.84628713E-37
9.84628713E-37
9.84628713E-37
9.84628713E-37
9.84628713E-37
9.84628713E-37
9.84628713E-37
9.84628713E-37
9.84628713E-37
9.84628713E-37
9.84628713E-37
9.84628713E-37
9.84628713E-37
9.84628713E-37
1.10867627E-36
1.10867627E-36
1.10867627E-36
1.10867627E-36
1.10867627E-36
1.10867627E-36
1.10867627E-36
1.10867627E-36
1.10867627E-36
1.10867627E-36
1.10867627E-36
1.10867627E-36
1.10867627E-36
1.10867627E-36
1.10867627E-36
1.10867627E-36
1.10867627E-36
1.10867627E-36
1.10867627E-36
1.10867627E-36
1.10867627E-36
1.24835184E-36
1.24835184E-36
1.24835184E-36
1.24835184E-36
1.24835184E-36
1.24835184E-36
1.24835184E-36
1.24835184E-36
1.24835184E-36
1.24835184E-36
1.24835184E-36
1.24835184E-36
1.24835184E-36
1.24835184E-36
1.24835184E-36
1.24835184E-36
1.24835184E-36
1.24835184E-36
1.24835184E-36
1.24835184E-36
1.24835184E-36
1.24835184E-36
1.40562430E-36
1.40562430E-36
1.40562430E-36
1.40562430E-36
1.40562430E-36
1.40562430E-36
1.40562430E-36
1.40562430E-36
1.40562430E-36
1.40562430E-36
1.40562430E-36
1.40562430E-36
1.40562430E-36
1.40562430E-36
1.40562430E-36
1.40562430E-36
1.40562430E-36
1.40562430E-36
1.40562430E-36
1.40562430E-36
1.40562430E-36
1.58271060E-36
1.58271060E-36
1.58271060E-36
1.58271060E-36
1.58271060E-36
1.58271060E-36
1.58271060E-36
1.58271060E-36
1.58271060E-36
1.58271060E-36
1.58271060E-36
1.58271060E-36
1.58271060E-36
1.58271060E-36
1.58271060E-36
1.58271060E-36
1.58271060E-36
1.58271060E-36
1.58271060E-36
1.58271060E-36
1.58271060E-36
1.58271060E-36
1.78210696E-36
1.78210696E-36
1.78210696E-36
1.78210696E-36
1.78210696E-36
1.78210696E-36
1.78210696E-36
1.78210696E-36
1.78210696E-36
1.78210696E-36
1.78210696E-36
1.78210696E-36
1.78210696E-36
1.78210696E-36
1.78210696E-36
1.78210696E-36
1.78210696E-36
1.78210696E-36
1.78210696E-36
1.78210696E-36
1.78210696E-36
2.00662408E-36
2.00662408E-36
2.00662408E-36
2.00662408E-36
2.00662408E-36
2.00662408E-36
2.00662408E-36
2.00662408E-36
2.00662408E-36
2.00662408E-36
2.00662408E-36
2.00662408E-36
2.00662408E-36
2.00662408E-36
2.00662408E-36
2.00662408E-36
2.00662408E-36
2.00662408E-36
2.00662408E-36
2.00662408E-36
2.00662408E-36
2.00662408E-36
2.25942679E-36
2.25942679E-36
2.25942679E-36
2.25942679E-36
2.25942679E-36
2.25942679E-36
2.25942679E-36
2.25942679E-36
2.25942679E-36
2.25942679E-36
2.25942679E-36
2.25942679E-36
2.25942679E-36
2.25942679E-36
2.25942679E-36
2.25942679E-36
2.25942679E-36
2.25942679E-36
2.25942679E-36
2.25942679E-36
2.25942679E-36
2.54407862E-36
2.54407862E-36
2.54407862E-36
2.54407862E-36
2.54407862E-36
2.54407862E-36
2.54407862E-36
2.54407862E-36
2.54407862E-36
2.54407862E-36
2.54407862E-36
2.54407862E-36
2.54407862E-36
2.54407862E-36
2.54407862E-36
2.54407862E-36
2.54407862E-36
2.54407862E-36
2.54407862E-36
2.54407862E-36
2.54407862E-36
2.54407862E-36
2.86459205E-36
2.86459205E-36
2.86459205E-36
2.86459205E-36
2.86459205E-36
2.86459205E-36
2.86459205E-36
2.86459205E-36
2.86459205E-36
2.86459205E-36
2.86459205E-36
2.86459205E-36
2.86459205E-36
2.86459205E-36
2.86459205E-36
2.86459205E-36
2.86459205E-36
2.86459205E-36
2.86459205E-36
2.86459205E-36
2.86459205E-36
3.22548507E-36
3.22548507E-36
3.22548507E-36
3.22548507E-36
3.22548507E-36
3.22548507E-36
3.22548507E-36
3.22548507E-36
3.22548507E-36
3.22548507E-36
3.22548507E-36
3.22548507E-36
3.22548507E-36
3.22548507E-36
3.22548507E-36
3.22548507E-36
3.22548507E-36
3.22548507E-36
3.22548507E-36
3.22548507E-36
3.22548507E-36
3.22548507E-36
3.63184487E-36
3.63184487E-36
3.63184487E-36
3.63184487E-36
3.63184487E-36
3.63184487E-36
3.63184487E-36
3.63184487E-36
3.63184487E-36
3.63184487E-36
3.63184487E-36
3.63184487E-36
3.63184487E-36
3.63184487E-36
3.63184487E-36
3.63184487E-36
3.63184487E-36
3.63184487E-36
3.63184487E-36
3.63184487E-36
3.63184487E-36
4.08939954E-36
4.08939954E-36
4.08939954E-36
4.08939954E-36
4.08939954E-36
4.08939954E-36
4.08939954E-36
4.08939954E-36
4.08939954E-36
4.08939954E-36
4.08939954E-36
4.08939954E-36
4.08939954E-36
4.08939954E-36
4.08939954E-36
4.08939954E-36
4.08939954E-36
4.08939954E-36
4.08939954E-36
4.08939954E-36
4.08939954E-36
4.08939954E-36
4.60459882E-36
4.60459882E-36
4.60459882E-36
4.60459882E-36
4.60459882E-36
4.60459882E-36
4.60459882E-36
4.60459882E-36
4.60459882E-36
4.60459882E-36
4.60459882E-36
4.60459882E-36
4.60459882E-36
4.60459882E-36
4.60459882E-36
4.60459882E-36
4.60459882E-36
4.60459882E-36
4.60459882E-36
4.60459882E-36
4.60459882E-36
5.18470501E-36
5.18470501E-36
5.18470501E-36
5.18470501E-36
5.18470501E-36
5.18470501E-36
5.18470501E-36
5.18470501E-36
5.18470501E-36
5.18470501E-36
5.18470501E-36
5.18470501E-36
5.18470501E-36
5.18470501E-36
5.18470501E-36
5.18470501E-36
5.18470501E-36
5.18470501E-36
5.18470501E-36
5.18470501E-36
5.18470501E-36
5.18470501E-36
5.83789535E-36
5.83789535E-36
5.83789535E-36
5.83789535E-36
5.83789535E-36
5.83789535E-36
5.83789535E-36
5.83789535E-36
5.83789535E-36
5.83789535E-36
5.83789535E-36
5.83789535E-36
5.83789535E-36
5.83789535E-36
5.83789535E-36
5.83789535E-36
5.83789535E-36
5.83789535E-36
5.83789535E-36
5.83789535E-36
5.83789535E-36
6.57337728E-36
6.57337728E-36
6.57337728E-36
6.57337728E-36
6.57337728E-36
6.57337728E-36
6.57337728E-36
6.57337728E-36
6.57337728E-36
6.57337728E-36
6.57337728E-36
6.57337728E-36
6.57337728E-36
6.57337728E-36
6.57337728E-36
6.57337728E-36
6.57337728E-36
6.57337728E-36
6.57337728E-36
6.57337728E-36
6.57337728E-36
6.57337728E-36
7.40151824E-36
7.40151824E-36
7.40151824E-36
7.40151824E-36
7.40151824E-36
7.40151824E-36
7.40151824E-36
7.40151824E-36
7.40151824E-36
7.40151824E-36
7.40151824E-36
7.40151824E-36
7.40151824E-36
7.40151824E-36
7.40151824E-36
7.40151824E-36
7.40151824E-36
7.40151824E-36
7.40151824E-36
7.40151824E-36
7.40151824E-36
8.33399178E-36
8.33399178E-36
8.33399178E-36
8.33399178E-36
8.33399178E-36
8.33399178E-36
8.33399178E-36
8.33399178E-36
8.33399178E-36
8.33399178E-36
8.33399178E-36
8.33399178E-36
8.33399178E-36
8.33399178E-36
8.33399178E-36
8.33399178E-36
8.33399178E-36
8.33399178E-36
8.33399178E-36
8.33399178E-36
8.33399178E-36
8.33399178E-36
9.38394215E-36
9.38394215E-36
9.38394215E-36
9.38394215E-36
9.38394215E-36
9.38394215E-36
9.38394215E-36
9.38394215E-36
9.38394215E-36
9.38394215E-36
9.38394215E-36
9.38394215E-36
9.38394215E-36
9.38394215E-36
9.38394215E-36
9.38394215E-36
9.38394215E-36
9.38394215E-36
9.38394215E-36
9.38394215E-36
9.38394215E-36
1.05661696E-35
1.05661696E-35
1.05661696E-35
1.05661696E-35
1.05661696E-35
1.05661696E-35
1.05661696E-35
1.05661696E-35
1.05661696E-35
1.05661696E-35
1.05661696E-35
1.05661696E-35
1.05661696E-35
1.05661696E-35
1.05661696E-35
1.05661696E-35
1.05661696E-35
1.05661696E-35
1.05661696E-35
1.05661696E-35
1.05661696E-35
1.05661696E-35
1.18973388E-35
1.18973388E-35
1.18973388E-35
1.18973388E-35
1.18973388E-35
1.18973388E-35
1.18973388E-35
1.18973388E-35
1.18973388E-35
1.18973388E-35
1.18973388E-35
1.18973388E-35
1.18973388E-35
1.18973388E-35
1.18973388E-35
1.18973388E-35
1.18973388E-35
1.18973388E-35
1.18973388E-35
1.18973388E-35
1.18973388E-35
1.33962142E-35
1.33962142E-35
1.33962142E-35
1.33962142E-35
1.33962142E-35
1.33962142E-35
1.33962142E-35
1.33962142E-35
1.33962142E-35
1.33962142E-35
1.33962142E-35
1.33962142E-35
1.33962142E-35
1.33962142E-35
1.33962142E-35
1.33962142E-35
1.33962142E-35
1.33962142E-35
1.33962142E-35
1.33962142E-35
1.33962142E-35
1.33962142E-35
1.50839241E-35
1.50839241E-35
1.50839241E-35
1.50839241E-35
1.50839241E-35
1.50839241E-35
1.50839241E-35
1.50839241E-35
1.50839241E-35
1.50839241E-35
1.50839241E-35
1.50839241E-35
1.50839241E-35
1.50839241E-35
1.50839241E-35
1.50839241E-35
1.50839241E-35
1.50839241E-35
1.50839241E-35
1.50839241E-35
1.50839241E-35
1.69842585E-35
1.69842585E-35
1.69842585E-35
1.69842585E-35
1.69842585E-35
1.69842585E-35
1.69842585E-35
1.69842585E-35
1.69842585E-35
1.69842585E-35
1.69842585E-35
1.69842585E-35
1.69842585E-35
1.69842585E-35
1.69842585E-35
1.69842585E-35
1.69842585E-35
1.69842585E-35
1.69842585E-35
1.69842585E-35
1.69842585E-35
1.69842585E-35
1.91240049E-35
1.91240049E-35
1.91240049E-35
1.91240049E-35
1.91240049E-35
1.91240049E-35
1.91240049E-35
1.91240049E-35
1.91240049E-35
1.91240049E-35
1.91240049E-35
1.91240049E-35
1.91240049E-35
1.91240049E-35
1.91240049E-35
1.91240049E-35
1.91240049E-35
1.91240049E-35
1.91240049E-35
1.91240049E-35
1.91240049E-35
2.15333252E-35
2.15333252E-35
2.15333252E-35
2.15333252E-35
2.15333252E-35
2.15333252E-35
2.15333252E-35
2.15333252E-35
2.15333252E-35
2.15333252E-35
2.15333252E-35
2.15333252E-35
2.15333252E-35
2.15333252E-35
2.15333252E-35
2.15333252E-35
2.15333252E-35
2.15333252E-35
2.15333252E-35
2.15333252E-35
2.15333252E-35
2.15333252E-35
2.42461816E-35
2.42461816E-35
2.42461816E-35
2.42461816E-35
2.42461816E-35
2.42461816E-35
2.42461816E-35
2.42461816E-35
2.42461816E-35
2.42461816E-35
2.42461816E-35
2.42461816E-35
2.42461816E-35
2.42461816E-35
2.42461816E-35
2.42461816E-35
2.42461816E-35
2.42461816E-35
2.42461816E-35
2.42461816E-35
2.42461816E-35
2.73008147E-35
2.73008147E-35
2.73008147E-35
2.73008147E-35
2.73008147E-35
2.73008147E-35
2.73008147E-35
2.73008147E-35
2.73008147E-35
2.73008147E-35
2.73008147E-35
2.73008147E-35
2.73008147E-35
2.73008147E-35
2.73008147E-35
2.73008147E-35
2.73008147E-35
2.73008147E-35
2.73008147E-35
2.73008147E-35
2.73008147E-35
2.73008147E-35
3.07402830E-35
3.07402830E-35
3.07402830E-35
3.07402830E-35
3.07402830E-35
3.07402830E-35
3.07402830E-35
3.07402830E-35
3.07402830E-35
3.07402830E-35
3.07402830E-35
3.07402830E-35
3.07402830E-35
3.07402830E-35
3.07402830E-35
3.07402830E-35
3.07402830E-35
3.07402830E-35
3.07402830E-35
3.07402830E-35
3.07402830E-35
3.46130696E-35
3.46130696E-35
3.46130696E-35
3.46130696E-35
3.46130696E-35
3.46130696E-35
3.46130696E-35
3.46130696E-35
3.46130696E-35
3.46130696E-35
3.46130696E-35
3.46130696E-35
3.46130696E-35
3.46130696E-35
3.46130696E-35
3.46130696E-35
3.46130696E-35
3.46130696E-35
3.46130696E-35
3.46130696E-35
3.46130696E-35
3.46130696E-35
3.89737656E-35
3.89737656E-35
3.89737656E-35
3.89737656E-35
3.89737656E-35
3.89737656E-35
3.89737656E-35
3.89737656E-35
3.89737656E-35
3.89737656E-35
3.89737656E-35
3.89737656E-35
3.89737656E-35
3.89737656E-35
3.89737656E-35
3.89737656E-35
3.89737656E-35
3.89737656E-35
3.89737656E-35
3.89737656E-35
3.89737656E-35
4.38838400E-35
4.38838400E-35
4.38838400E-35
4.38838400E-35
4.38838400E-35
4.38838400E-35
4.38838400E-35
4.38838400E-35
4.38838400E-35
4.38838400E-35
4.38838400E-35
4.38838400E-35
4.38838400E-35
4.38838400E-35
4.38838400E-35
4.38838400E-35
4.38838400E-35
4.38838400E-35
4.38838400E-35
4.38838400E-35
4.38838400E-35
4.38838400E-35
4.94125057E-35
4.94125057E-35
4.94125057E-35
4.94125057E-35
4.94125057E-35
4.94125057E-35
4.94125057E-35
4.94125057E-35
4.94125057E-35
4.94125057E-35
4.94125057E-35
4.94125057E-35
4.94125057E-35
4.94125057E-35
4.94125057E-35
4.94125057E-35
4.94125057E-35
4.94125057E-35
4.94125057E-35
4.94125057E-35
4.94125057E-35
5.56376952E-35
5.56376952E-35
5.56376952E-35
5.56376952E-35
5.56376952E-35
5.56376952E-35
5.56376952E-35
5.56376952E-35
5.56376952E-35
5.56376952E-35
5.56376952E-35
5.56376952E-35
5.56376952E-35
5.56376952E-35
5.56376952E-35
5.56376952E-35
5.56376952E-35
5.56376952E-35
5.56376952E-35
5.56376952E-35
5.56376952E-35
5.56376952E-35
6.26471596E-35
6.26471596E-35
6.26471596E-35
6.26471596E-35
6.26471596E-35
6.26471596E-35
6.26471596E-35
6.26471596E-35
6.26471596E-35
6.26471596E-35
6.26471596E-35
6.26471596E-35
6.26471596E-35
6.26471596E-35
6.26471596E-35
6.26471596E-35
6.26471596E-35
6.26471596E-35
6.26471596E-35
6.26471596E-35
6.26471596E-35
7.05397050E-35
7.05397050E-35
7.05397050E-35
7.05397050E-35
7.05397050E-35
7.05397050E-35
7.05397050E-35
7.05397050E-35
7.05397050E-35
7.05397050E-35
7.05397050E-35
7.05397050E-35
7.05397050E-35
7.05397050E-35
7.05397050E-35
7.05397050E-35
7.05397050E-35
7.05397050E-35
7.05397050E-35
7.05397050E-35
7.05397050E-35
7.05397050E-35
7.94265855E-35
7.94265855E-35
7.94265855E-35
7.94265855E-35
7.94265855E-35
7.94265855E-35
7.94265855E-35
7.94265855E-35
7.94265855E-35
7.94265855E-35
7.94265855E-35
7.94265855E-35
7.94265855E-35
7.94265855E-35
7.94265855E-35
7.94265855E-35
7.94265855E-35
7.94265855E-35
7.94265855E-35
7.94265855E-35
7.94265855E-35
8.94330716E-35
8.94330716E-35
8.94330716E-35
8.94330716E-35
8.94330716E-35
8.94330716E-35
8.94330716E-35
8.94330716E-35
8.94330716E-35
8.94330716E-35
8.94330716E-35
8.94330716E-35
8.94330716E-35
8.94330716E-35
8.94330716E-35
8.94330716E-35
8.94330716E-35
8.94330716E-35
8.94330716E-35
8.94330716E-35
8.94330716E-35
8.94330716E-35
1.00700216E-34
1.00700216E-34
1.00700216E-34
1.00700216E-34
1.00700216E-34
1.00700216E-34
1.00700216E-34
1.00700216E-34
1.00700216E-34
1.00700216E-34
1.00700216E-34
1.00700216E-34
1.00700216E-34
1.00700216E-34
1.00700216E-34
1.00700216E-34
1.00700216E-34
1.00700216E-34
1.00700216E-34
1.00700216E-34
1.00700216E-34
1.13386841E-34
1.13386841E-34
1.13386841E-34
1.13386841E-34
1.13386841E-34
1.13386841E-34
1.13386841E-34
1.13386841E-34
1.13386841E-34
1.13386841E-34
1.13386841E-34
1.13386841E-34
1.13386841E-34
1.13386841E-34
1.13386841E-34
1.13386841E-34
1.13386841E-34
1.13386841E-34
1.13386841E-34
1.13386841E-34
1.13386841E-34
1.13386841E-34
1.27671779E-34
1.27671779E-34
1.27671779E-34
1.27671779E-34
1.27671779E-34
1.27671779E-34
1.27671779E-34
1.27671779E-34
1.27671779E-34
1.27671779E-34
1.27671779E-34
1.27671779E-34
1.27671779E-34
1.27671779E-34
1.27671779E-34
1.27671779E-34
1.27671779E-34
1.27671779E-34
1.27671779E-34
1.27671779E-34
1.27671779E-34
1.43756392E-34
1.43756392E-34
1.43756392E-34
1.43756392E-34
1.43756392E-34
1.43756392E-34
1.43756392E-34
1.43756392E-34
1.43756392E-34
1.43756392E-34
1.43756392E-34
1.43756392E-34
1.43756392E-34
1.43756392E-34
1.43756392E-34
1.43756392E-34
1.43756392E-34
1.43756392E-34
1.43756392E-34
1.43756392E-34
1.43756392E-34
1.43756392E-34
1.61867410E-34
1.61867410E-34
1.61867410E-34
1.61867410E-34
1.61867410E-34
1.61867410E-34
1.61867410E-34
1.61867410E-34
1.61867410E-34
1.61867410E-34
1.61867410E-34
1.61867410E-34
1.61867410E-34
1.61867410E-34
1.61867410E-34
1.61867410E-34
1.61867410E-34
1.61867410E-34
1.61867410E-34
1.61867410E-34
1.61867410E-34
1.82260128E-34
1.82260128E-34
1.82260128E-34
1.82260128E-34
1.82260128E-34
1.82260128E-34
1.82260128E-34
1.82260128E-34
1.82260128E-34
1.82260128E-34
1.82260128E-34
1.82260128E-34
1.82260128E-34
1.82260128E-34
1.82260128E-34
1.82260128E-34
1.82260128E-34
1.82260128E-34
1.82260128E-34
1.82260128E-34
1.82260128E-34
1.82260128E-34
2.05222004E-34
2.05222004E-34
2.05222004E-34
2.05222004E-34
2.05222004E-34
2.05222004E-34
2.05222004E-34
2.05222004E-34
2.05222004E-34
2.05222004E-34
2.05222004E-34
2.05222004E-34
2.05222004E-34
2.05222004E-34
2.05222004E-34
2.05222004E-34
2.05222004E-34
2.05222004E-34
2.05222004E-34
2.05222004E-34
2.05222004E-34
2.31076712E-34
2.31076712E-34
2.31076712E-34
2.31076712E-34
2.31076712E-34
2.31076712E-34
2.31076712E-34
2.31076712E-34
2.31076712E-34
2.31076712E-34
2.31076712E-34
2.31076712E-34
2.31076712E-34
2.31076712E-34
2.31076712E-34
2.31076712E-34
2.31076712E-34
2.31076712E-34
2.31076712E-34
2.31076712E-34
2.31076712E-34
2.31076712E-34
2.60188701E-34
2.60188701E-34
2.60188701E-34
2.60188701E-34
2.60188701E-34
2.60188701E-34
2.60188701E-34
2.60188701E-34
2.60188701E-34
2.60188701E-34
2.60188701E-34
2.60188701E-34
2.60188701E-34
2.60188701E-34
2.60188701E-34
2.60188701E-34
2.60188701E-34
2.60188701E-34
2.60188701E-34
2.60188701E-34
2.60188701E-34
2.92968338E-34
2.92968338E-34
2.92968338E-34
2.92968338E-34
2.92968338E-34
2.92968338E-34
2.92968338E-34
2.92968338E-34
2.92968338E-34
2.92968338E-34
2.92968338E-34
2.92968338E-34
2.92968338E-34
2.92968338E-34
2.92968338E-34
2.92968338E-34
2.92968338E-34
2.92968338E-34
2.92968338E-34
2.92968338E-34
2.92968338E-34
2.92968338E-34
3.29877687E-34
3.29877687E-34
3.29877687E-34
3.29877687E-34
3.29877687E-34
3.29877687E-34
3.29877687E-34
3.29877687E-34
3.29877687E-34
3.29877687E-34
3.29877687E-34
3.29877687E-34
3.29877687E-34
3.29877687E-34
3.29877687E-34
3.29877687E-34
3.29877687E-34
3.29877687E-34
3.29877687E-34
3.29877687E-34
3.29877687E-34
3.71437027E-34
3.71437027E-34
3.71437027E-34
3.71437027E-34
3.71437027E-34
3.71437027E-34
3.71437027E-34
3.71437027E-34
3.71437027E-34
3.71437027E-34
3.71437027E-34
3.71437027E-34
3.71437027E-34
3.71437027E-34
3.71437027E-34
3.71437027E-34
3.71437027E-34
3.71437027E-34
3.71437027E-34
3.71437027E-34
3.71437027E-34
3.71437027E-34
4.18232183E-34
4.18232183E-34
4.18232183E-34
4.18232183E-34
4.18232183E-34
4.18232183E-34
4.18232183E-34
4.18232183E-34
4.18232183E-34
4.18232183E-34
4.18232183E-34
4.18232183E-34
4.18232183E-34
4.18232183E-34
4.18232183E-34
4.18232183E-34
4.18232183E-34
4.18232183E-34
4.18232183E-34
4.18232183E-34
4.18232183E-34
4.70922784E-34
4.70922784E-34
4.70922784E-34
4.70922784E-34
4.70922784E-34
4.70922784E-34
4.70922784E-34
4.70922784E-34
4.70922784E-34
4.70922784E-34
4.70922784E-34
4.70922784E-34
4.70922784E-34
4.70922784E-34
4.70922784E-34
4.70922784E-34
4.70922784E-34
4.70922784E-34
4.70922784E-34
4.70922784E-34
4.70922784E-34
4.70922784E-34
5.30251562E-34
5.30251562E-34
5.30251562E-34
5.30251562E-34
5.30251562E-34
5.30251562E-34
5.30251562E-34
5.30251562E-34
5.30251562E-34
5.30251562E-34
5.30251562E-34
5.30251562E-34
5.30251562E-34
5.30251562E-34
5.30251562E-34
5.30251562E-34
5.30251562E-34
5.30251562E-34
5.30251562E-34
5.30251562E-34
5.30251562E-34
5.97054823E-34
5.97054823E-34
5.97054823E-34
5.97054823E-34
5.97054823E-34
5.97054823E-34
5.97054823E-34
5.97054823E-34
5.97054823E-34
5.97054823E-34
5.97054823E-34
5.97054823E-34
5.97054823E-34
5.97054823E-34
5.97054823E-34
5.97054823E-34
5.97054823E-34
5.97054823E-34
5.97054823E-34
5.97054823E-34
5.97054823E-34
5.97054823E-34
6.72274231E-34
6.72274231E-34
6.72274231E-34
6.72274231E-34
6.72274231E-34
6.72274231E-34
6.72274231E-34
6.72274231E-34
6.72274231E-34
6.72274231E-34
6.72274231E-34
6.72274231E-34
6.72274231E-34
6.72274231E-34
6.72274231E-34
6.72274231E-34
6.72274231E-34
6.72274231E-34
6.72274231E-34
6.72274231E-34
6.72274231E-34
7.56970088E-34
7.56970088E-34
7.56970088E-34
7.56970088E-34
7.56970088E-34
7.56970088E-34
7.56970088E-34
7.56970088E-34
7.56970088E-34
7.56970088E-34
7.56970088E-34
7.56970088E-34
7.56970088E-34
7.56970088E-34
7.56970088E-34
7.56970088E-34
7.56970088E-34
7.56970088E-34
7.56970088E-34
7.56970088E-34
7.56970088E-34
7.56970088E-34
8.52336276E-34
8.52336276E-34
8.52336276E-34
8.52336276E-34
8.52336276E-34
8.52336276E-34
8.52336276E-34
8.52336276E-34
8.52336276E-34
8.52336276E-34
8.52336276E-34
8.52336276E-34
8.52336276E-34
8.52336276E-34
8.52336276E-34
8.52336276E-34
8.52336276E-34
8.52336276E-34
8.52336276E-34
8.52336276E-34
8.52336276E-34
9.59717086E-34
9.59717086E-34
9.59717086E-34
9.59717086E-34
9.59717086E-34
9.59717086E-34
9.59717086E-34
9.59717086E-34
9.59717086E-34
9.59717086E-34
9.59717086E-34
9.59717086E-34
9.59717086E-34
9.59717086E-34
9.59717086E-34
9.59717086E-34
9.59717086E-34
9.59717086E-34
9.59717086E-34
9.59717086E-34
9.59717086E-34
9.59717086E-34
1.08062617E-33
1.08062617E-33
1.08062617E-33
1.08062617E-33
1.08062617E-33
1.08062617E-33
1.08062617E-33
1.08062617E-33
1.08062617E-33
1.08062617E-33
1.08062617E-33
1.08062617E-33
1.08062617E-33
1.08062617E-33
1.08062617E-33
1.08062617E-33
1.08062617E-33
1.08062617E-33
1.08062617E-33
1.08062617E-33
1.08062617E-33
1.21676787E-33
1.21676787E-33
1.21676787E-33
1.21676787E-33
1.21676787E-33
1.21676787E-33
1.21676787E-33
1.21676787E-33
1.21676787E-33
1.21676787E-33
1.21676787E-33
1.21676787E-33
1.21676787E-33
1.21676787E-33
1.21676787E-33
1.21676787E-33
1.21676787E-33
1.21676787E-33
1.21676787E-33
1.21676787E-33
1.21676787E-33
1.21676787E-33
1.37006127E-33
1.37006127E-33
1.37006127E-33
1.37006127E-33
1.37006127E-33
1.37006127E-33
1.37006127E-33
1.37006127E-33
1.37006127E-33
1.37006127E-33
1.37006127E-33
1.37006127E-33
1.37006127E-33
1.37006127E-33
1.37006127E-33
1.37006127E-33
1.37006127E-33
1.37006127E-33
1.37006127E-33
1.37006127E-33
1.37006127E-33
1.54266719E-33
1.54266719E-33
1.54266719E-33
1.54266719E-33
1.54266719E-33
1.54266719E-33
1.54266719E-33
1.54266719E-33
1.54266719E-33
1.54266719E-33
1.54266719E-33
1.54266719E-33
1.54266719E-33
1.54266719E-33
1.54266719E-33
1.54266719E-33
1.54266719E-33
1.54266719E-33
1.54266719E-33
1.54266719E-33
1.54266719E-33
1.54266719E-33
1.73701871E-33
1.73701871E-33
1.73701871E-33
1.73701871E-33
1.73701871E-33
1.73701871E-33
1.73701871E-33
1.73701871E-33
1.73701871E-33
1.73701871E-33
1.73701871E-33
1.73701871E-33
1.73701871E-33
1.73701871E-33
1.73701871E-33
1.73701871E-33
1.73701871E-33
1.73701871E-33
1.73701871E-33
1.73701871E-33
1.73701871E-33
1.95585543E-33
1.95585543E-33
1.95585543E-33
1.95585543E-33
1.95585543E-33
1.95585543E-33
1.95585543E-33
1.95585543E-33
1.95585543E-33
1.95585543E-33
1.95585543E-33
1.95585543E-33
1.95585543E-33
1.95585543E-33
1.95585543E-33
1.95585543E-33
1.95585543E-33
1.95585543E-33
1.95585543E-33
1.95585543E-33
1.95585543E-33
1.95585543E-33
2.20226210E-33
2.20226210E-33
2.20226210E-33
2.20226210E-33
2.20226210E-33
2.20226210E-33
2.20226210E-33
2.20226210E-33
2.20226210E-33
2.20226210E-33
2.20226210E-33
2.20226210E-33
2.20226210E-33
2.20226210E-33
2.20226210E-33
2.20226210E-33
2.20226210E-33
2.20226210E-33
2.20226210E-33
2.20226210E-33
2.20226210E-33
2.47971208E-33
2.47971208E-33
2.47971208E-33
2.47971208E-33
2.47971208E-33
2.47971208E-33
2.47971208E-33
2.47971208E-33
2.47971208E-33
2.47971208E-33
2.47971208E-33
2.47971208E-33
2.47971208E-33
2.47971208E-33
2.47971208E-33
2.47971208E-33
2.47971208E-33
2.47971208E-33
2.47971208E-33
2.47971208E-33
2.47971208E-33
2.47971208E-33
2.79211635E-33
2.79211635E-33
2.79211635E-33
2.79211635E-33
2.79211635E-33
2.79211635E-33
2.79211635E-33
2.79211635E-33
2.79211635E-33
2.79211635E-33
2.79211635E-33
2.79211635E-33
2.79211635E-33
2.79211635E-33
2.79211635E-33
2.79211635E-33
2.79211635E-33
2.79211635E-33
2.79211635E-33
2.79211635E-33
2.79211635E-33
3.14387859E-33
3.14387859E-33
3.14387859E-33
3.14387859E-33
3.14387859E-33
3.14387859E-33
3.14387859E-33
3.14387859E-33
3.14387859E-33
3.14387859E-33
3.14387859E-33
3.14387859E-33
3.14387859E-33
3.14387859E-33
3.14387859E-33
3.14387859E-33
3.14387859E-33
3.14387859E-33
3.14387859E-33
3.14387859E-33
3.14387859E-33
3.14387859E-33
3.53995727E-33
3.53995727E-33
3.53995727E-33
3.53995727E-33
3.53995727E-33
3.53995727E-33
3.53995727E-33
3.53995727E-33
3.53995727E-33
3.53995727E-33
3.53995727E-33
3.53995727E-33
3.53995727E-33
3.53995727E-33
3.53995727E-33
3.53995727E-33
3.53995727E-33
3.53995727E-33
3.53995727E-33
3.53995727E-33
3.53995727E-33
3.98593557E-33
3.98593557E-33
3.98593557E-33
3.98593557E-33
3.98593557E-33
3.98593557E-33
3.98593557E-33
3.98593557E-33
3.98593557E-33
3.98593557E-33
3.98593557E-33
3.98593557E-33
3.98593557E-33
3.98593557E-33
3.98593557E-33
3.98593557E-33
3.98593557E-33
3.98593557E-33
3.98593557E-33
3.98593557E-33
3.98593557E-33
3.98593557E-33
4.48810003E-33
4.48810003E-33
4.48810003E-33
4.48810003E-33
4.48810003E-33
4.48810003E-33
4.48810003E-33
4.48810003E-33
4.48810003E-33
4.48810003E-33
4.48810003E-33
4.48810003E-33
4.48810003E-33
4.48810003E-33
4.48810003E-33
4.48810003E-33
4.48810003E-33
4.48810003E-33
4.48810003E-33
4.48810003E-33
4.48810003E-33
5.05352923E-33
5.05352923E-33
5.05352923E-33
5.05352923E-33
5.05352923E-33
5.05352923E-33
5.05352923E-33
5.05352923E-33
5.05352923E-33
5.05352923E-33
5.05352923E-33
5.05352923E-33
5.05352923E-33
5.05352923E-33
5.05352923E-33
5.05352923E-33
5.05352923E-33
5.05352923E-33
5.05352923E-33
5.05352923E-33
5.05352923E-33
5.05352923E-33
5.69019351E-33
5.69019351E-33
5.69019351E-33
5.69019351E-33
5.69019351E-33
5.69019351E-33
5.69019351E-33
5.69019351E-33
5.69019351E-33
5.69019351E-33
5.69019351E-33
5.69019351E-33
5.69019351E-33
5.69019351E-33
5.69019351E-33
5.69019351E-33
5.69019351E-33
5.69019351E-33
5.69019351E-33
5.69019351E-33
5.69019351E-33
6.40706736E-33
6.40706736E-33
6.40706736E-33
6.40706736E-33
6.40706736E-33
6.40706736E-33
6.40706736E-33
6.40706736E-33
6.40706736E-33
6.40706736E-33
6.40706736E-33
6.40706736E-33
6.40706736E-33
6.40706736E-33
6.40706736E-33
6.40706736E-33
6.40706736E-33
6.40706736E-33
6.40706736E-33
6.40706736E-33
6.40706736E-33
6.40706736E-33
7.21425591E-33
7.21425591E-33
7.21425591E-33
7.21425591E-33
7.21425591E-33
7.21425591E-33
7.21425591E-33
7.21425591E-33
7.21425591E-33
7.21425591E-33
7.21425591E-33
7.21425591E-33
7.21425591E-33
7.21425591E-33
7.21425591E-33
7.21425591E-33
7.21425591E-33
7.21425591E-33
7.21425591E-33
7.21425591E-33
7.21425591E-33
8.12313738E-33
8.12313738E-33
8.12313738E-33
8.12313738E-33
8.12313738E-33
8.12313738E-33
8.12313738E-33
8.12313738E-33
8.12313738E-33
8.12313738E-33
8.12313738E-33
8.12313738E-33
8.12313738E-33
8.12313738E-33
8.12313738E-33
8.12313738E-33
8.12313738E-33
8.12313738E-33
8.12313738E-33
8.12313738E-33
8.12313738E-33
8.12313738E-33
9.14652345E-33
9.14652345E-33
9.14652345E-33
9.14652345E-33
9.14652345E-33
9.14652345E-33
9.14652345E-33
9.14652345E-33
9.14652345E-33
9.14652345E-33
9.14652345E-33
9.14652345E-33
9.14652345E-33
9.14652345E-33
9.14652345E-33
9.14652345E-33
9.14652345E-33
9.14652345E-33
9.14652345E-33
9.14652345E-33
9.14652345E-33
1.02988399E-32
1.02988399E-32
1.02988399E-32
1.02988399E-32
1.02988399E-32
1.02988399E-32
1.02988399E-32
1.02988399E-32
1.02988399E-32
1.02988399E-32
1.02988399E-32
1.02988399E-32
1.02988399E-32
1.02988399E-32
1.02988399E-32
1.02988399E-32
1.02988399E-32
1.02988399E-32
1.02988399E-32
1.02988399E-32
1.02988399E-32
1.02988399E-32
1.15963298E-32
1.15963298E-32
1.15963298E-32
1.15963298E-32
1.15963298E-32
1.15963298E-32
1.15963298E-32
1.15963298E-32
1.15963298E-32
1.15963298E-32
1.15963298E-32
1.15963298E-32
1.15963298E-32
1.15963298E-32
1.15963298E-32
1.15963298E-32
1.15963298E-32
1.15963298E-32
1.15963298E-32
1.15963298E-32
1.15963298E-32
1.30572829E-32
1.30572829E-32
1.30572829E-32
1.30572829E-32
1.30572829E-32
1.30572829E-32
1.30572829E-32
1.30572829E-32
1.30572829E-32
1.30572829E-32
1.30572829E-32
1.30572829E-32
1.30572829E-32
1.30572829E-32
1.30572829E-32
1.30572829E-32
1.30572829E-32
1.30572829E-32
1.30572829E-32
1.30572829E-32
1.30572829E-32
1.30572829E-32
1.47022928E-32
1.47022928E-32
1.47022928E-32
1.47022928E-32
1.47022928E-32
1.47022928E-32
1.47022928E-32
1.47022928E-32
1.47022928E-32
1.47022928E-32
1.47022928E-32
1.47022928E-32
1.47022928E-32
1.47022928E-32
1.47022928E-32
1.47022928E-32
1.47022928E-32
1.47022928E-32
1.47022928E-32
1.47022928E-32
1.47022928E-32
1.65545478E-32
1.65545478E-32
1.65545478E-32
1.65545478E-32
1.65545478E-32
1.65545478E-32
1.65545478E-32
1.65545478E-32
1.65545478E-32
1.65545478E-32
1.65545478E-32
1.65545478E-32
1.65545478E-32
1.65545478E-32
1.65545478E-32
1.65545478E-32
1.65545478E-32
1.65545478E-32
1.65545478E-32
1.65545478E-32
1.65545478E-32
1.65545478E-32
1.86401574E-32
1.86401574E-32
1.86401574E-32
1.86401574E-32
1.86401574E-32
1.86401574E-32
1.86401574E-32
1.86401574E-32
1.86401574E-32
1.86401574E-32
1.86401574E-32
1.86401574E-32
1.86401574E-32
1.86401574E-32
1.86401574E-32
1.86401574E-32
1.86401574E-32
1.86401574E-32
1.86401574E-32
1.86401574E-32
1.86401574E-32
2.09885207E-32
2.09885207E-32
2.09885207E-32
2.09885207E-32
2.09885207E-32
2.09885207E-32
2.09885207E-32
2.09885207E-32
2.09885207E-32
2.09885207E-32
2.09885207E-32
2.09885207E-32
2.09885207E-32
2.09885207E-32
2.09885207E-32
2.09885207E-32
2.09885207E-32
2.09885207E-32
2.09885207E-32
2.09885207E-32
2.09885207E-32
2.09885207E-32
2.36327404E-32
2.36327404E-32
2.36327404E-32
2.36327404E-32
2.36327404E-32
2.36327404E-32
2.36327404E-32
2.36327404E-32
2.36327404E-32
2.36327404E-32
2.36327404E-32
2.36327404E-32
2.36327404E-32
2.36327404E-32
2.36327404E-32
2.36327404E-32
2.36327404E-32
2.36327404E-32
2.36327404E-32
2.36327404E-32
2.36327404E-32
2.66100896E-32
2.66100896E-32
2.66100896E-32
2.66100896E-32
2.66100896E-32
2.66100896E-32
2.66100896E-32
2.66100896E-32
2.66100896E-32
2.66100896E-32
2.66100896E-32
2.66100896E-32
2.66100896E-32
2.66100896E-32
2.66100896E-32
2.66100896E-32
2.66100896E-32
2.66100896E-32
2.66100896E-32
2.66100896E-32
2.66100896E-32
2.66100896E-32
2.99625376E-32
2.99625376E-32
2.99625376E-32
2.99625376E-32
2.99625376E-32
2.99625376E-32
2.99625376E-32
2.99625376E-32
2.99625376E-32
2.99625376E-32
2.99625376E-32
2.99625376E-32
2.99625376E-32
2.99625376E-32
2.99625376E-32
2.99625376E-32
2.99625376E-32
2.99625376E-32
2.99625376E-32
2.99625376E-32
2.99625376E-32
3.37373406E-32
3.37373406E-32
3.37373406E-32
3.37373406E-32
3.37373406E-32
3.37373406E-32
3.37373406E-32
3.37373406E-32
3.37373406E-32
3.37373406E-32
3.37373406E-32
3.37373406E-32
3.37373406E-32
3.37373406E-32
3.37373406E-32
3.37373406E-32
3.37373406E-32
3.37373406E-32
3.37373406E-32
3.37373406E-32
3.37373406E-32
3.37373406E-32
3.79877088E-32
3.79877088E-32
3.79877088E-32
3.79877088E-32
3.79877088E-32
3.79877088E-32
3.79877088E-32
3.79877088E-32
3.79877088E-32
3.79877088E-32
3.79877088E-32
3.79877088E-32
3.79877088E-32
3.79877088E-32
3.79877088E-32
3.79877088E-32
3.79877088E-32
3.79877088E-32
3.79877088E-32
3.79877088E-32
3.79877088E-32
4.27735557E-32
4.27735557E-32
4.27735557E-32
4.27735557E-32
4.27735557E-32
4.27735557E-32
4.27735557E-32
4.27735557E-32
4.27735557E-32
4.27735557E-32
4.27735557E-32
4.27735557E-32
4.27735557E-32
4.27735557E-32
4.27735557E-32
4.27735557E-32
4.27735557E-32
4.27735557E-32
4.27735557E-32
4.27735557E-32
4.27735557E-32
4.27735557E-32
4.81623431E-32
4.81623431E-32
4.81623431E-32
4.81623431E-32
4.81623431E-32
4.81623431E-32
4.81623431E-32
4.81623431E-32
4.81623431E-32
4.81623431E-32
4.81623431E-32
4.81623431E-32
4.81623431E-32
4.81623431E-32
4.81623431E-32
4.81623431E-32
4.81623431E-32
4.81623431E-32
4.81623431E-32
4.81623431E-32
4.81623431E-32
5.42300321E-32
5.42300321E-32
5.42300321E-32
5.42300321E-32
5.42300321E-32
5.42300321E-32
5.42300321E-32
5.42300321E-32
5.42300321E-32
5.42300321E-32
5.42300321E-32
5.42300321E-32
5.42300321E-32
5.42300321E-32
5.42300321E-32
5.42300321E-32
5.42300321E-32
5.42300321E-32
5.42300321E-32
5.42300321E-32
5.42300321E-32
5.42300321E-32
6.10621534E-32
6.10621534E-32
6.10621534E-32
6.10621534E-32
6.10621534E-32
6.10621534E-32
6.10621534E-32
6.10621534E-32
6.10621534E-32
6.10621534E-32
6.10621534E-32
6.10621534E-32
6.10621534E-32
6.10621534E-32
6.10621534E-32
6.10621534E-32
6.10621534E-32
6.10621534E-32
6.10621534E-32
6.10621534E-32
6.10621534E-32
6.87550131E-32
6.87550131E-32
6.87550131E-32
6.87550131E-32
6.87550131E-32
6.87550131E-32
6.87550131E-32
6.87550131E-32
6.87550131E-32
6.87550131E-32
6.87550131E-32
6.87550131E-32
6.87550131E-32
6.87550131E-32
6.87550131E-32
6.87550131E-32
6.87550131E-32
6.87550131E-32
6.87550131E-32
6.87550131E-32
6.87550131E-32
6.87550131E-32
7.74170509E-32
7.74170509E-32
7.74170509E-32
7.74170509E-32
7.74170509E-32
7.74170509E-32
7.74170509E-32
7.74170509E-32
7.74170509E-32
7.74170509E-32
7.74170509E-32
7.74170509E-32
7.74170509E-32
7.74170509E-32
7.74170509E-32
7.74170509E-32
7.74170509E-32
7.74170509E-32
7.74170509E-32
7.74170509E-32
7.74170509E-32
8.71703676E-32
8.71703676E-32
8.71703676E-32
8.71703676E-32
8.71703676E-32
8.71703676E-32
8.71703676E-32
8.71703676E-32
8.71703676E-32
8.71703676E-32
8.71703676E-32
8.71703676E-32
8.71703676E-32
8.71703676E-32
8.71703676E-32
8.71703676E-32
8.71703676E-32
8.71703676E-32
8.71703676E-32
8.71703676E-32
8.71703676E-32
8.71703676E-32
9.81524470E-32
9.81524470E-32
9.81524470E-32
9.81524470E-32
9.81524470E-32
9.81524470E-32
9.81524470E-32
9.81524470E-32
9.81524470E-32
9.81524470E-32
9.81524470E-32
9.81524470E-32
9.81524470E-32
9.81524470E-32
9.81524470E-32
9.81524470E-32
9.81524470E-32
9.81524470E-32
9.81524470E-32
9.81524470E-32
9.81524470E-32
1.10518094E-31
1.10518094E-31
1.10518094E-31
1.10518094E-31
1.10518094E-31
1.10518094E-31
1.10518094E-31
1.10518094E-31
1.10518094E-31
1.10518094E-31
1.10518094E-31
1.10518094E-31
1.10518094E-31
1.10518094E-31
1.10518094E-31
1.10518094E-31
1.10518094E-31
1.10518094E-31
1.10518094E-31
1.10518094E-31
1.10518094E-31
1.10518094E-31
1.24441615E-31
1.24441615E-31
1.24441615E-31
1.24441615E-31
1.24441615E-31
1.24441615E-31
1.24441615E-31
1.24441615E-31
1.24441615E-31
1.24441615E-31
1.24441615E-31
1.24441615E-31
1.24441615E-31
1.24441615E-31
1.24441615E-31
1.24441615E-31
1.24441615E-31
1.24441615E-31
1.24441615E-31
1.24441615E-31
1.24441615E-31
1.40119279E-31
1.40119279E-31
1.40119279E-31
1.40119279E-31
1.40119279E-31
1.40119279E-31
1.40119279E-31
1.40119279E-31
1.40119279E-31
1.40119279E-31
1.40119279E-31
1.40119279E-31
1.40119279E-31
1.40119279E-31
1.40119279E-31
1.40119279E-31
1.40119279E-31
1.40119279E-31
1.40119279E-31
1.40119279E-31
1.40119279E-31
1.40119279E-31
1.57772079E-31
1.57772079E-31
1.57772079E-31
1.57772079E-31
1.57772079E-31
1.57772079E-31
1.57772079E-31
1.57772079E-31
1.57772079E-31
1.57772079E-31
1.57772079E-31
1.57772079E-31
1.57772079E-31
1.57772079E-31
1.57772079E-31
1.57772079E-31
1.57772079E-31
1.57772079E-31
1.57772079E-31
1.57772079E-31
1.57772079E-31
1.77648850E-31
1.77648850E-31
1.77648850E-31
1.77648850E-31
1.77648850E-31
1.77648850E-31
1.77648850E-31
1.77648850E-31
1.77648850E-31
1.77648850E-31
1.77648850E-31
1.77648850E-31
1.77648850E-31
1.77648850E-31
1.77648850E-31
1.77648850E-31
1.77648850E-31
1.77648850E-31
1.77648850E-31
1.77648850E-31
1.77648850E-31
1.77648850E-31
2.00029779E-31
2.00029779E-31
2.00029779E-31
2.00029779E-31
2.00029779E-31
2.00029779E-31
2.00029779E-31
2.00029779E-31
2.00029779E-31
2.00029779E-31
2.00029779E-31
2.00029779E-31
2.00029779E-31
2.00029779E-31
2.00029779E-31
2.00029779E-31
2.00029779E-31
2.00029779E-31
2.00029779E-31
2.00029779E-31
2.00029779E-31
2.25230349E-31
2.25230349E-31
2.25230349E-31
2.25230349E-31
2.25230349E-31
2.25230349E-31
2.25230349E-31
2.25230349E-31
2.25230349E-31
2.25230349E-31
2.25230349E-31
2.25230349E-31
2.25230349E-31
2.25230349E-31
2.25230349E-31
2.25230349E-31
2.25230349E-31
2.25230349E-31
2.25230349E-31
2.25230349E-31
2.25230349E-31
2.25230349E-31
2.53605789E-31
2.53605789E-31
2.53605789E-31
2.53605789E-31
2.53605789E-31
2.53605789E-31
2.53605789E-31
2.53605789E-31
2.53605789E-31
2.53605789E-31
2.53605789E-31
2.53605789E-31
2.53605789E-31
2.53605789E-31
2.53605789E-31
2.53605789E-31
2.53605789E-31
2.53605789E-31
2.53605789E-31
2.53605789E-31
2.53605789E-31
2.85556084E-31
2.85556084E-31
2.85556084E-31
2.85556084E-31
2.85556084E-31
2.85556084E-31
2.85556084E-31
2.85556084E-31
2.85556084E-31
2.85556084E-31
2.85556084E-31
2.85556084E-31
2.85556084E-31
2.85556084E-31
2.85556084E-31
2.85556084E-31
2.85556084E-31
2.85556084E-31
2.85556084E-31
2.85556084E-31
2.85556084E-31
2.85556084E-31
3.21531607E-31
3.21531607E-31
3.21531607E-31
3.21531607E-31
3.21531607E-31
3.21531607E-31
3.21531607E-31
3.21531607E-31
3.21531607E-31
3.21531607E-31
3.21531607E-31
3.21531607E-31
3.21531607E-31
3.21531607E-31
3.21531607E-31
3.21531607E-31
3.21531607E-31
3.21531607E-31
3.21531607E-31
3.21531607E-31
3.21531607E-31
3.62039474E-31
3.62039474E-31
3.62039474E-31
3.62039474E-31
3.62039474E-31
3.62039474E-31
3.62039474E-31
3.62039474E-31
3.62039474E-31
3.62039474E-31
3.62039474E-31
3.62039474E-31
3.62039474E-31
3.62039474E-31
3.62039474E-31
3.62039474E-31
3.62039474E-31
3.62039474E-31
3.62039474E-31
3.62039474E-31
3.62039474E-31
3.62039474E-31
4.07650688E-31
4.07650688E-31
4.07650688E-31
4.07650688E-31
4.07650688E-31
4.07650688E-31
4.07650688E-31
4.07650688E-31
4.07650688E-31
4.07650688E-31
4.07650688E-31
4.07650688E-31
4.07650688E-31
4.07650688E-31
4.07650688E-31
4.07650688E-31
4.07650688E-31
4.07650688E-31
4.07650688E-31
4.07650688E-31
4.07650688E-31
4.59008188E-31
4.59008188E-31
4.59008188E-31
4.59008188E-31
4.59008188E-31
4.59008188E-31
4.59008188E-31
4.59008188E-31
4.59008188E-31
4.59008188E-31
4.59008188E-31
4.59008188E-31
4.59008188E-31
4.59008188E-31
4.59008188E-31
4.59008188E-31
4.59008188E-31
4.59008188E-31
4.59008188E-31
4.59008188E-31
4.59008188E-31
4.59008188E-31
5.16835917E-31
5.16835917E-31
5.16835917E-31
5.16835917E-31
5.16835917E-31
5.16835917E-31
5.16835917E-31
5.16835917E-31
5.16835917E-31
5.16835917E-31
5.16835917E-31
5.16835917E-31
5.16835917E-31
5.16835917E-31
5.16835917E-31
5.16835917E-31
5.16835917E-31
5.16835917E-31
5.16835917E-31
5.16835917E-31
5.16835917E-31
5.81949020E-31
5.81949020E-31
5.81949020E-31
5.81949020E-31
5.81949020E-31
5.81949020E-31
5.81949020E-31
5.81949020E-31
5.81949020E-31
5.81949020E-31
5.81949020E-31
5.81949020E-31
5.81949020E-31
5.81949020E-31
5.81949020E-31
5.81949020E-31
5.81949020E-31
5.81949020E-31
5.81949020E-31
5.81949020E-31
5.81949020E-31
5.81949020E-31
6.55265337E-31
6.55265337E-31
6.55265337E-31
6.55265337E-31
6.55265337E-31
6.55265337E-31
6.55265337E-31
6.55265337E-31
6.55265337E-31
6.55265337E-31
6.55265337E-31
6.55265337E-31
6.55265337E-31
6.55265337E-31
6.55265337E-31
6.55265337E-31
6.55265337E-31
6.55265337E-31
6.55265337E-31
6.55265337E-31
6.55265337E-31
7.37818345E-31
7.37818345E-31
7.37818345E-31
7.37818345E-31
7.37818345E-31
7.37818345E-31
7.37818345E-31
7.37818345E-31
7.37818345E-31
7.37818345E-31
7.37818345E-31
7.37818345E-31
7.37818345E-31
7.37818345E-31
7.37818345E-31
7.37818345E-31
7.37818345E-31
7.37818345E-31
7.37818345E-31
7.37818345E-31
7.37818345E-31
7.37818345E-31
8.30771717E-31
8.30771717E-31
8.30771717E-31
8.30771717E-31
8.30771717E-31
8.30771717E-31
8.30771717E-31
8.30771717E-31
8.30771717E-31
8.30771717E-31
8.30771717E-31
8.30771717E-31
8.30771717E-31
8.30771717E-31
8.30771717E-31
8.30771717E-31
8.30771717E-31
8.30771717E-31
8.30771717E-31
8.30771717E-31
8.30771717E-31
9.35435736E-31
9.35435736E-31
9.35435736E-31
9.35435736E-31
9.35435736E-31
9.35435736E-31
9.35435736E-31
9.35435736E-31
9.35435736E-31
9.35435736E-31
9.35435736E-31
9.35435736E-31
9.35435736E-31
9.35435736E-31
9.35435736E-31
9.35435736E-31
9.35435736E-31
9.35435736E-31
9.35435736E-31
9.35435736E-31
9.35435736E-31
9.35435736E-31
1.05328576E-30
1.05328576E-30
1.05328576E-30
1.05328576E-30
1.05328576E-30
1.05328576E-30
1.05328576E-30
1.05328576E-30
1.05328576E-30
1.05328576E-30
1.05328576E-30
1.05328576E-30
1.05328576E-30
1.05328576E-30
1.05328576E-30
1.05328576E-30
1.05328576E-30
1.05328576E-30
1.05328576E-30
1.05328576E-30
1.05328576E-30
1.18598300E-30
1.18598300E-30
1.18598300E-30
1.18598300E-30
1.18598300E-30
1.18598300E-30
1.18598300E-30
1.18598300E-30
1.18598300E-30
1.18598300E-30
1.18598300E-30
1.18598300E-30
1.18598300E-30
1.18598300E-30
1.18598300E-30
1.18598300E-30
1.18598300E-30
1.18598300E-30
1.18598300E-30
1.18598300E-30
1.18598300E-30
1.18598300E-30
1.33539799E-30
1.33539799E-30
1.33539799E-30
1.33539799E-30
1.33539799E-30
1.33539799E-30
1.33539799E-30
1.33539799E-30
1.33539799E-30
1.33539799E-30
1.33539799E-30
1.33539799E-30
1.33539799E-30
1.33539799E-30
1.33539799E-30
1.33539799E-30
1.33539799E-30
1.33539799E-30
1.33539799E-30
1.33539799E-30
1.33539799E-30
1.50363689E-30
1.50363689E-30
1.50363689E-30
1.50363689E-30
1.50363689E-30
1.50363689E-30
1.50363689E-30
1.50363689E-30
1.50363689E-30
1.50363689E-30
1.50363689E-30
1.50363689E-30
1.50363689E-30
1.50363689E-30
1.50363689E-30
1.50363689E-30
1.50363689E-30
1.50363689E-30
1.50363689E-30
1.50363689E-30
1.50363689E-30
1.50363689E-30
1.69307122E-30
1.69307122E-30
1.69307122E-30
1.69307122E-30
1.69307122E-30
1.69307122E-30
1.69307122E-30
1.69307122E-30
1.69307122E-30
1.69307122E-30
1.69307122E-30
1.69307122E-30
1.69307122E-30
1.69307122E-30
1.69307122E-30
1.69307122E-30
1.69307122E-30
1.69307122E-30
1.69307122E-30
1.69307122E-30
1.69307122E-30
1.90637125E-30
1.90637125E-30
1.90637125E-30
1.90637125E-30
1.90637125E-30
1.90637125E-30
1.90637125E-30
1.90637125E-30
1.90637125E-30
1.90637125E-30
1.90637125E-30
1.90637125E-30
1.90637125E-30
1.90637125E-30
1.90637125E-30
1.90637125E-30
1.90637125E-30
1.90637125E-30
1.90637125E-30
1.90637125E-30
1.90637125E-30
1.90637125E-30
2.14654370E-30
2.14654370E-30
2.14654370E-30
2.14654370E-30
2.14654370E-30
2.14654370E-30
2.14654370E-30
2.14654370E-30
2.14654370E-30
2.14654370E-30
2.14654370E-30
2.14654370E-30
2.14654370E-30
2.14654370E-30
2.14654370E-30
2.14654370E-30
2.14654370E-30
2.14654370E-30
2.14654370E-30
2.14654370E-30
2.14654370E-30
2.41697406E-30
2.41697406E-30
2.41697406E-30
2.41697406E-30
2.41697406E-30
2.41697406E-30
2.41697406E-30
2.41697406E-30
2.41697406E-30
2.41697406E-30
2.41697406E-30
2.41697406E-30
2.41697406E-30
2.41697406E-30
2.41697406E-30
2.41697406E-30
2.41697406E-30
2.41697406E-30
2.41697406E-30
2.41697406E-30
2.41697406E-30
2.41697406E-30
2.72147433E-30
2.72147433E-30
2.72147433E-30
2.72147433E-30
2.72147433E-30
2.72147433E-30
2.72147433E-30
2.72147433E-30
2.72147433E-30
2.72147433E-30
2.72147433E-30
2.72147433E-30
2.72147433E-30
2.72147433E-30
2.72147433E-30
2.72147433E-30
2.72147433E-30
2.72147433E-30
2.72147433E-30
2.72147433E-30
2.72147433E-30
3.06433680E-30
3.06433680E-30
3.06433680E-30
3.06433680E-30
3.06433680E-30
3.06433680E-30
3.06433680E-30
3.06433680E-30
3.06433680E-30
3.06433680E-30
3.06433680E-30
3.06433680E-30
3.06433680E-30
3.06433680E-30
3.06433680E-30
3.06433680E-30
3.06433680E-30
3.06433680E-30
3.06433680E-30
3.06433680E-30
3.06433680E-30
3.06433680E-30
3.45039448E-30
3.45039448E-30
3.45039448E-30
3.45039448E-30
3.45039448E-30
3.45039448E-30
3.45039448E-30
3.45039448E-30
3.45039448E-30
3.45039448E-30
3.45039448E-30
3.45039448E-30
3.45039448E-30
3.45039448E-30
3.45039448E-30
3.45039448E-30
3.45039448E-30
3.45039448E-30
3.45039448E-30
3.45039448E-30
3.45039448E-30
3.88508929E-30
3.88508929E-30
3.88508929E-30
3.88508929E-30
3.88508929E-30
3.88508929E-30
3.88508929E-30
3.88508929E-30
3.88508929E-30
3.88508929E-30
3.88508929E-30
3.88508929E-30
3.88508929E-30
3.88508929E-30
3.88508929E-30
3.88508929E-30
3.88508929E-30
3.88508929E-30
3.88508929E-30
3.88508929E-30
3.88508929E-30
3.88508929E-30
4.37454873E-30
4.37454873E-30
4.37454873E-30
4.37454873E-30
4.37454873E-30
4.37454873E-30
4.37454873E-30
4.37454873E-30
4.37454873E-30
4.37454873E-30
4.37454873E-30
4.37454873E-30
4.37454873E-30
4.37454873E-30
4.37454873E-30
4.37454873E-30
4.37454873E-30
4.37454873E-30
4.37454873E-30
4.37454873E-30
4.37454873E-30
4.92567227E-30
4.92567227E-30
4.92567227E-30
4.92567227E-30
4.92567227E-30
4.92567227E-30
4.92567227E-30
4.92567227E-30
4.92567227E-30
4.92567227E-30
4.92567227E-30
4.92567227E-30
4.92567227E-30
4.92567227E-30
4.92567227E-30
4.92567227E-30
4.92567227E-30
4.92567227E-30
4.92567227E-30
4.92567227E-30
4.92567227E-30
4.92567227E-30
5.54622861E-30
5.54622861E-30
5.54622861E-30
5.54622861E-30
5.54622861E-30
5.54622861E-30
5.54622861E-30
5.54622861E-30
5.54622861E-30
5.54622861E-30
5.54622861E-30
5.54622861E-30
5.54622861E-30
5.54622861E-30
5.54622861E-30
5.54622861E-30
5.54622861E-30
5.54622861E-30
5.54622861E-30
5.54622861E-30
5.54622861E-30
6.24496517E-30
6.24496517E-30
6.24496517E-30
6.24496517E-30
6.24496517E-30
6.24496517E-30
6.24496517E-30
6.24496517E-30
6.24496517E-30
6.24496517E-30
6.24496517E-30
6.24496517E-30
6.24496517E-30
6.24496517E-30
6.24496517E-30
6.24496517E-30
6.24496517E-30
6.24496517E-30
6.24496517E-30
6.24496517E-30
6.24496517E-30
6.24496517E-30
7.03173142E-30
7.03173142E-30
7.03173142E-30
7.03173142E-30
7.03173142E-30
7.03173142E-30
7.03173142E-30
7.03173142E-30
7.03173142E-30
7.03173142E-30
7.03173142E-30
7.03173142E-30
7.03173142E-30
7.03173142E-30
7.03173142E-30
7.03173142E-30
7.03173142E-30
7.03173142E-30
7.03173142E-30
7.03173142E-30
7.03173142E-30
7.91761771E-30
7.91761771E-30
7.91761771E-30
7.91761771E-30
7.91761771E-30
7.91761771E-30
7.91761771E-30
7.91761771E-30
7.91761771E-30
7.91761771E-30
7.91761771E-30
7.91761771E-30
7.91761771E-30
7.91761771E-30
7.91761771E-30
7.91761771E-30
7.91761771E-30
7.91761771E-30
7.91761771E-30
7.91761771E-30
7.91761771E-30
7.91761771E-30
8.91511157E-30
8.91511157E-30
8.91511157E-30
8.91511157E-30
8.91511157E-30
8.91511157E-30
8.91511157E-30
8.91511157E-30
8.91511157E-30
8.91511157E-30
8.91511157E-30
8.91511157E-30
8.91511157E-30
8.91511157E-30
8.91511157E-30
8.91511157E-30
8.91511157E-30
8.91511157E-30
8.91511157E-30
8.91511157E-30
8.91511157E-30
1.00382738E-29
1.00382738E-29
1.00382738E-29
1.00382738E-29
1.00382738E-29
1.00382738E-29
1.00382738E-29
1.00382738E-29
1.00382738E-29
1.00382738E-29
1.00382738E-29
1.00382738E-29
1.00382738E-29
1.00382738E-29
1.00382738E-29
1.00382738E-29
1.00382738E-29
1.00382738E-29
1.00382738E-29
1.00382738E-29
1.00382738E-29
1.00382738E-29
1.13029366E-29
1.13029366E-29
1.13029366E-29
1.13029366E-29
1.13029366E-29
1.13029366E-29
1.13029366E-29
1.13029366E-29
1.13029366E-29
1.13029366E-29
1.13029366E-29
1.13029366E-29
1.13029366E-29
1.13029366E-29
1.13029366E-29
1.13029366E-29
1.13029366E-29
1.13029366E-29
1.13029366E-29
1.13029366E-29
1.13029366E-29
1.27269267E-29
1.27269267E-29
1.27269267E-29
1.27269267E-29
1.27269267E-29
1.27269267E-29
1.27269267E-29
1.27269267E-29
1.27269267E-29
1.27269267E-29
1.27269267E-29
1.27269267E-29
1.27269267E-29
1.27269267E-29
1.27269267E-29
1.27269267E-29
1.27269267E-29
1.27269267E-29
1.27269267E-29
1.27269267E-29
1.27269267E-29
1.27269267E-29
1.43303170E-29
1.43303170E-29
1.43303170E-29
1.43303170E-29
1.43303170E-29
1.43303170E-29
1.43303170E-29
1.43303170E-29
1.43303170E-29
1.43303170E-29
1.43303170E-29
1.43303170E-29
1.43303170E-29
1.43303170E-29
1.43303170E-29
1.43303170E-29
1.43303170E-29
1.43303170E-29
1.43303170E-29
1.43303170E-29
1.43303170E-29
1.61357090E-29
1.61357090E-29
1.61357090E-29
1.61357090E-29
1.61357090E-29
1.61357090E-29
1.61357090E-29
1.61357090E-29
1.61357090E-29
1.61357090E-29
1.61357090E-29
1.61357090E-29
1.61357090E-29
1.61357090E-29
1.61357090E-29
1.61357090E-29
1.61357090E-29
1.61357090E-29
1.61357090E-29
1.61357090E-29
1.61357090E-29
1.61357090E-29
1.81685516E-29
1.81685516E-29
1.81685516E-29
1.81685516E-29
1.81685516E-29
1.81685516E-29
1.81685516E-29
1.81685516E-29
1.81685516E-29
1.81685516E-29
1.81685516E-29
1.81685516E-29
1.81685516E-29
1.81685516E-29
1.81685516E-29
1.81685516E-29
1.81685516E-29
1.81685516E-29
1.81685516E-29
1.81685516E-29
1.81685516E-29
2.04575000E-29
2.04575000E-29
2.04575000E-29
2.04575000E-29
2.04575000E-29
2.04575000E-29
2.04575000E-29
2.04575000E-29
2.04575000E-29
2.04575000E-29
2.04575000E-29
2.04575000E-29
2.04575000E-29
2.04575000E-29
2.04575000E-29
2.04575000E-29
2.04575000E-29
2.04575000E-29
2.04575000E-29
2.04575000E-29
2.04575000E-29
2.04575000E-29
2.30348195E-29
2.30348195E-29
2.30348195E-29
2.30348195E-29
2.30348195E-29
2.30348195E-29
2.30348195E-29
2.30348195E-29
2.30348195E-29
2.30348195E-29
2.30348195E-29
2.30348195E-29
2.30348195E-29
2.30348195E-29
2.30348195E-29
2.30348195E-29
2.30348195E-29
2.30348195E-29
2.30348195E-29
2.30348195E-29
2.30348195E-29
2.59368403E-29
2.59368403E-29
2.59368403E-29
2.59368403E-29
2.59368403E-29
2.59368403E-29
2.59368403E-29
2.59368403E-29
2.59368403E-29
2.59368403E-29
2.59368403E-29
2.59368403E-29
2.59368403E-29
2.59368403E-29
2.59368403E-29
2.59368403E-29
2.59368403E-29
2.59368403E-29
2.59368403E-29
2.59368403E-29
2.59368403E-29
2.59368403E-29
2.92044695E-29
2.92044695E-29
2.92044695E-29
2.92044695E-29
2.92044695E-29
2.92044695E-29
2.92044695E-29
2.92044695E-29
2.92044695E-29
2.92044695E-29
2.92044695E-29
2.92044695E-29
2.92044695E-29
2.92044695E-29
2.92044695E-29
2.92044695E-29
2.92044695E-29
2.92044695E-29
2.92044695E-29
2.92044695E-29
2.92044695E-29
3.28837680E-29
3.28837680E-29
3.28837680E-29
3.28837680E-29
3.28837680E-29
3.28837680E-29
3.28837680E-29
3.28837680E-29
3.28837680E-29
3.28837680E-29
3.28837680E-29
3.28837680E-29
3.28837680E-29
3.28837680E-29
3.28837680E-29
3.28837680E-29
3.28837680E-29
3.28837680E-29
3.28837680E-29
3.28837680E-29
3.28837680E-29
3.28837680E-29
3.70265996E-29
3.70265996E-29
3.70265996E-29
3.70265996E-29
3.70265996E-29
3.70265996E-29
3.70265996E-29
3.70265996E-29
3.70265996E-29
3.70265996E-29
3.70265996E-29
3.70265996E-29
3.70265996E-29
3.70265996E-29
3.70265996E-29
3.70265996E-29
3.70265996E-29
3.70265996E-29
3.70265996E-29
3.70265996E-29
3.70265996E-29
4.16913621E-29
4.16913621E-29
4.16913621E-29
4.16913621E-29
4.16913621E-29
4.16913621E-29
4.16913621E-29
4.16913621E-29
4.16913621E-29
4.16913621E-29
4.16913621E-29
4.16913621E-29
4.16913621E-29
4.16913621E-29
4.16913621E-29
4.16913621E-29
4.16913621E-29
4.16913621E-29
4.16913621E-29
4.16913621E-29
4.16913621E-29
4.16913621E-29
4.69438104E-29
4.69438104E-29
4.69438104E-29
4.69438104E-29
4.69438104E-29
4.69438104E-29
4.69438104E-29
4.69438104E-29
4.69438104E-29
4.69438104E-29
4.69438104E-29
4.69438104E-29
4.69438104E-29
4.69438104E-29
4.69438104E-29
4.69438104E-29
4.69438104E-29
4.69438104E-29
4.69438104E-29
4.69438104E-29
4.69438104E-29
5.28579836E-29
5.28579836E-29
5.28579836E-29
5.28579836E-29
5.28579836E-29
5.28579836E-29
5.28579836E-29
5.28579836E-29
5.28579836E-29
5.28579836E-29
5.28579836E-29
5.28579836E-29
5.28579836E-29
5.28579836E-29
5.28579836E-29
5.28579836E-29
5.28579836E-29
5.28579836E-29
5.28579836E-29
5.28579836E-29
5.28579836E-29
5.28579836E-29
5.95172486E-29
5.95172486E-29
5.95172486E-29
5.95172486E-29
5.95172486E-29
5.95172486E-29
5.95172486E-29
5.95172486E-29
5.95172486E-29
5.95172486E-29
5.95172486E-29
5.95172486E-29
5.95172486E-29
5.95172486E-29
5.95172486E-29
5.95172486E-29
5.95172486E-29
5.95172486E-29
5.95172486E-29
5.95172486E-29
5.95172486E-29
6.70154750E-29
6.70154750E-29
6.70154750E-29
6.70154750E-29
6.70154750E-29
6.70154750E-29
6.70154750E-29
6.70154750E-29
6.70154750E-29
6.70154750E-29
6.70154750E-29
6.70154750E-29
6.70154750E-29
6.70154750E-29
6.70154750E-29
6.70154750E-29
6.70154750E-29
6.70154750E-29
6.70154750E-29
6.70154750E-29
6.70154750E-29
6.70154750E-29
7.54583586E-29
7.54583586E-29
7.54583586E-29
7.54583586E-29
7.54583586E-29
7.54583586E-29
7.54583586E-29
7.54583586E-29
7.54583586E-29
7.54583586E-29
7.54583586E-29
7.54583586E-29
7.54583586E-29
7.54583586E-29
7.54583586E-29
7.54583586E-29
7.54583586E-29
7.54583586E-29
7.54583586E-29
7.54583586E-29
7.54583586E-29
8.49649112E-29
8.49649112E-29
8.49649112E-29
8.49649112E-29
8.49649112E-29
8.49649112E-29
8.49649112E-29
8.49649112E-29
8.49649112E-29
8.49649112E-29
8.49649112E-29
8.49649112E-29
8.49649112E-29
8.49649112E-29
8.49649112E-29
8.49649112E-29
8.49649112E-29
8.49649112E-29
8.49649112E-29
8.49649112E-29
8.49649112E-29
8.49649112E-29
9.56691382E-29
9.56691382E-29
9.56691382E-29
9.56691382E-29
9.56691382E-29
9.56691382E-29
9.56691382E-29
9.56691382E-29
9.56691382E-29
9.56691382E-29
9.56691382E-29
9.56691382E-29
9.56691382E-29
9.56691382E-29
9.56691382E-29
9.56691382E-29
9.56691382E-29
9.56691382E-29
9.56691382E-29
9.56691382E-29
9.56691382E-29
1.07721928E-28
1.07721928E-28
1.07721928E-28
1.07721928E-28
1.07721928E-28
1.07721928E-28
1.07721928E-28
1.07721928E-28
1.07721928E-28
1.07721928E-28
1.07721928E-28
1.07721928E-28
1.07721928E-28
1.07721928E-28
1.07721928E-28
1.07721928E-28
1.07721928E-28
1.07721928E-28
1.07721928E-28
1.07721928E-28
1.07721928E-28
1.07721928E-28
1.21293177E-28
1.21293177E-28
1.21293177E-28
1.21293177E-28
1.21293177E-28
1.21293177E-28
1.21293177E-28
1.21293177E-28
1.21293177E-28
1.21293177E-28
1.21293177E-28
1.21293177E-28
1.21293177E-28
1.21293177E-28
1.21293177E-28
1.21293177E-28
1.21293177E-28
1.21293177E-28
1.21293177E-28
1.21293177E-28
1.21293177E-28
1.36574187E-28
1.36574187E-28
1.36574187E-28
1.36574187E-28
1.36574187E-28
1.36574187E-28
1.36574187E-28
1.36574187E-28
1.36574187E-28
1.36574187E-28
1.36574187E-28
1.36574187E-28
1.36574187E-28
1.36574187E-28
1.36574187E-28
1.36574187E-28
1.36574187E-28
1.36574187E-28
1.36574187E-28
1.36574187E-28
1.36574187E-28
1.36574187E-28
1.53780362E-28
1.53780362E-28
1.53780362E-28
1.53780362E-28
1.53780362E-28
1.53780362E-28
1.53780362E-28
1.53780362E-28
1.53780362E-28
1.53780362E-28
1.53780362E-28
1.53780362E-28
1.53780362E-28
1.53780362E-28
1.53780362E-28
1.53780362E-28
1.53780362E-28
1.53780362E-28
1.53780362E-28
1.53780362E-28
1.53780362E-28
1.73154241E-28
1.73154241E-28
1.73154241E-28
1.73154241E-28
1.73154241E-28
1.73154241E-28
1.73154241E-28
1.73154241E-28
1.73154241E-28
1.73154241E-28
1.73154241E-28
1.73154241E-28
1.73154241E-28
1.73154241E-28
1.73154241E-28
1.73154241E-28
1.73154241E-28
1.73154241E-28
1.73154241E-28
1.73154241E-28
1.73154241E-28
1.73154241E-28
1.94968920E-28
1.94968920E-28
1.94968920E-28
1.94968920E-28
1.94968920E-28
1.94968920E-28
1.94968920E-28
1.94968920E-28
1.94968920E-28
1.94968920E-28
1.94968920E-28
1.94968920E-28
1.94968920E-28
1.94968920E-28
1.94968920E-28
1.94968920E-28
1.94968920E-28
1.94968920E-28
1.94968920E-28
1.94968920E-28
1.94968920E-28
2.19531902E-28
2.19531902E-28
2.19531902E-28
2.19531902E-28
2.19531902E-28
2.19531902E-28
2.19531902E-28
2.19531902E-28
2.19531902E-28
2.19531902E-28
2.19531902E-28
2.19531902E-28
2.19531902E-28
2.19531902E-28
2.19531902E-28
2.19531902E-28
2.19531902E-28
2.19531902E-28
2.19531902E-28
2.19531902E-28
2.19531902E-28
2.19531902E-28
2.47189429E-28
2.47189429E-28
2.47189429E-28
2.47189429E-28
2.47189429E-28
2.47189429E-28
2.47189429E-28
2.47189429E-28
2.47189429E-28
2.47189429E-28
2.47189429E-28
2.47189429E-28
2.47189429E-28
2.47189429E-28
2.47189429E-28
2.47189429E-28
2.47189429E-28
2.47189429E-28
2.47189429E-28
2.47189429E-28
2.47189429E-28
2.78331364E-28
2.78331364E-28
2.78331364E-28
2.78331364E-28
2.78331364E-28
2.78331364E-28
2.78331364E-28
2.78331364E-28
2.78331364E-28
2.78331364E-28
2.78331364E-28
2.78331364E-28
2.78331364E-28
2.78331364E-28
2.78331364E-28
2.78331364E-28
2.78331364E-28
2.78331364E-28
2.78331364E-28
2.78331364E-28
2.78331364E-28
2.78331364E-28
3.13396687E-28
3.13396687E-28
3.13396687E-28
3.13396687E-28
3.13396687E-28
3.13396687E-28
3.13396687E-28
3.13396687E-28
3.13396687E-28
3.13396687E-28
3.13396687E-28
3.13396687E-28
3.13396687E-28
3.13396687E-28
3.13396687E-28
3.13396687E-28
3.13396687E-28
3.13396687E-28
3.13396687E-28
3.13396687E-28
3.13396687E-28
3.52879684E-28
3.52879684E-28
3.52879684E-28
3.52879684E-28
3.52879684E-28
3.52879684E-28
3.52879684E-28
3.52879684E-28
3.52879684E-28
3.52879684E-28
3.52879684E-28
3.52879684E-28
3.52879684E-28
3.52879684E-28
3.52879684E-28
3.52879684E-28
3.52879684E-28
3.52879684E-28
3.52879684E-28
3.52879684E-28
3.52879684E-28
3.52879684E-28
3.97336910E-28
3.97336910E-28
3.97336910E-28
3.97336910E-28
3.97336910E-28
3.97336910E-28
3.97336910E-28
3.97336910E-28
3.97336910E-28
3.97336910E-28
3.97336910E-28
3.97336910E-28
3.97336910E-28
3.97336910E-28
3.97336910E-28
3.97336910E-28
3.97336910E-28
3.97336910E-28
3.97336910E-28
3.97336910E-28
3.97336910E-28
4.47395038E-28
4.47395038E-28
4.47395038E-28
4.47395038E-28
4.47395038E-28
4.47395038E-28
4.47395038E-28
4.47395038E-28
4.47395038E-28
4.47395038E-28
4.47395038E-28
4.47395038E-28
4.47395038E-28
4.47395038E-28
4.47395038E-28
4.47395038E-28
4.47395038E-28
4.47395038E-28
4.47395038E-28
4.47395038E-28
4.47395038E-28
4.47395038E-28
5.03759695E-28
5.03759695E-28
5.03759695E-28
5.03759695E-28
5.03759695E-28
5.03759695E-28
5.03759695E-28
5.03759695E-28
5.03759695E-28
5.03759695E-28
5.03759695E-28
5.03759695E-28
5.03759695E-28
5.03759695E-28
5.03759695E-28
5.03759695E-28
5.03759695E-28
5.03759695E-28
5.03759695E-28
5.03759695E-28
5.03759695E-28
5.67225402E-28
5.67225402E-28
5.67225402E-28
5.67225402E-28
5.67225402E-28
5.67225402E-28
5.67225402E-28
5.67225402E-28
5.67225402E-28
5.67225402E-28
5.67225402E-28
5.67225402E-28
5.67225402E-28
5.67225402E-28
5.67225402E-28
5.67225402E-28
5.67225402E-28
5.67225402E-28
5.67225402E-28
5.67225402E-28
5.67225402E-28
5.67225402E-28
6.38686778E-28
6.38686778E-28
6.38686778E-28
6.38686778E-28
6.38686778E-28
6.38686778E-28
6.38686778E-28
6.38686778E-28
6.38686778E-28
6.38686778E-28
6.38686778E-28
6.38686778E-28
6.38686778E-28
6.38686778E-28
6.38686778E-28
6.38686778E-28
6.38686778E-28
6.38686778E-28
6.38686778E-28
6.38686778E-28
6.38686778E-28
7.19151150E-28
7.19151150E-28
7.19151150E-28
7.19151150E-28
7.19151150E-28
7.19151150E-28
7.19151150E-28
7.19151150E-28
7.19151150E-28
7.19151150E-28
7.19151150E-28
7.19151150E-28
7.19151150E-28
7.19151150E-28
7.19151150E-28
7.19151150E-28
7.19151150E-28
7.19151150E-28
7.19151150E-28
7.19151150E-28
7.19151150E-28
7.19151150E-28
8.09752753E-28
8.09752753E-28
8.09752753E-28
8.09752753E-28
8.09752753E-28
8.09752753E-28
8.09752753E-28
8.09752753E-28
8.09752753E-28
8.09752753E-28
8.09752753E-28
8.09752753E-28
8.09752753E-28
8.09752753E-28
8.09752753E-28
8.09752753E-28
8.09752753E-28
8.09752753E-28
8.09752753E-28
8.09752753E-28
8.09752753E-28
9.11768717E-28
9.11768717E-28
9.11768717E-28
9.11768717E-28
9.11768717E-28
9.11768717E-28
9.11768717E-28
9.11768717E-28
9.11768717E-28
9.11768717E-28
9.11768717E-28
9.11768717E-28
9.11768717E-28
9.11768717E-28
9.11768717E-28
9.11768717E-28
9.11768717E-28
9.11768717E-28
9.11768717E-28
9.11768717E-28
9.11768717E-28
9.11768717E-28
1.02663707E-27
1.02663707E-27
1.02663707E-27
1.02663707E-27
1.02663707E-27
1.02663707E-27
1.02663707E-27
1.02663707E-27
1.02663707E-27
1.02663707E-27
1.02663707E-27
1.02663707E-27
1.02663707E-27
1.02663707E-27
1.02663707E-27
1.02663707E-27
1.02663707E-27
1.02663707E-27
1.02663707E-27
1.02663707E-27
1.02663707E-27
1.15597701E-27
1.15597701E-27
1.15597701E-27
1.15597701E-27
1.15597701E-27
1.15597701E-27
1.15597701E-27
1.15597701E-27
1.15597701E-27
1.15597701E-27
1.15597701E-27
1.15597701E-27
1.15597701E-27
1.15597701E-27
1.15597701E-27
1.15597701E-27
1.15597701E-27
1.15597701E-27
1.15597701E-27
1.15597701E-27
1.15597701E-27
1.15597701E-27
1.30161172E-27
1.30161172E-27
1.30161172E-27
1.30161172E-27
1.30161172E-27
1.30161172E-27
1.30161172E-27
1.30161172E-27
1.30161172E-27
1.30161172E-27
1.30161172E-27
1.30161172E-27
1.30161172E-27
1.30161172E-27
1.30161172E-27
1.30161172E-27
1.30161172E-27
1.30161172E-27
1.30161172E-27
1.30161172E-27
1.30161172E-27
1.46559408E-27
1.46559408E-27
1.46559408E-27
1.46559408E-27
1.46559408E-27
1.46559408E-27
1.46559408E-27
1.46559408E-27
1.46559408E-27
1.46559408E-27
1.46559408E-27
1.46559408E-27
1.46559408E-27
1.46559408E-27
1.46559408E-27
1.46559408E-27
1.46559408E-27
1.46559408E-27
1.46559408E-27
1.46559408E-27
1.46559408E-27
1.46559408E-27
1.65023562E-27
1.65023562E-27
1.65023562E-27
1.65023562E-27
1.65023562E-27
1.65023562E-27
1.65023562E-27
1.65023562E-27
1.65023562E-27
1.65023562E-27
1.65023562E-27
1.65023562E-27
1.65023562E-27
1.65023562E-27
1.65023562E-27
1.65023562E-27
1.65023562E-27
1.65023562E-27
1.65023562E-27
1.65023562E-27
1.65023562E-27
1.85813905E-27
1.85813905E-27
1.85813905E-27
1.85813905E-27
1.85813905E-27
1.85813905E-27
1.85813905E-27
1.85813905E-27
1.85813905E-27
1.85813905E-27
1.85813905E-27
1.85813905E-27
1.85813905E-27
1.85813905E-27
1.85813905E-27
1.85813905E-27
1.85813905E-27
1.85813905E-27
1.85813905E-27
1.85813905E-27
1.85813905E-27
1.85813905E-27
2.09223501E-27
2.09223501E-27
2.09223501E-27
2.09223501E-27
2.09223501E-27
2.09223501E-27
2.09223501E-27
2.09223501E-27
2.09223501E-27
2.09223501E-27
2.09223501E-27
2.09223501E-27
2.09223501E-27
2.09223501E-27
2.09223501E-27
2.09223501E-27
2.09223501E-27
2.09223501E-27
2.09223501E-27
2.09223501E-27
2.09223501E-27
2.35582333E-27
2.35582333E-27
2.35582333E-27
2.35582333E-27
2.35582333E-27
2.35582333E-27
2.35582333E-27
2.35582333E-27
2.35582333E-27
2.35582333E-27
2.35582333E-27
2.35582333E-27
2.35582333E-27
2.35582333E-27
2.35582333E-27
2.35582333E-27
2.35582333E-27
2.35582333E-27
2.35582333E-27
2.35582333E-27
2.35582333E-27
2.35582333E-27
2.65261959E-27
2.65261959E-27
2.65261959E-27
2.65261959E-27
2.65261959E-27
2.65261959E-27
2.65261959E-27
2.65261959E-27
2.65261959E-27
2.65261959E-27
2.65261959E-27
2.65261959E-27
2.65261959E-27
2.65261959E-27
2.65261959E-27
2.65261959E-27
2.65261959E-27
2.65261959E-27
2.65261959E-27
2.65261959E-27
2.65261959E-27
2.98680746E-27
2.98680746E-27
2.98680746E-27
2.98680746E-27
2.98680746E-27
2.98680746E-27
2.98680746E-27
2.98680746E-27
2.98680746E-27
2.98680746E-27
2.98680746E-27
2.98680746E-27
2.98680746E-27
2.98680746E-27
2.98680746E-27
2.98680746E-27
2.98680746E-27
2.98680746E-27
2.98680746E-27
2.98680746E-27
2.98680746E-27
2.98680746E-27
3.36309768E-27
3.36309768E-27
3.36309768E-27
3.36309768E-27
3.36309768E-27
3.36309768E-27
3.36309768E-27
3.36309768E-27
3.36309768E-27
3.36309768E-27
3.36309768E-27
3.36309768E-27
3.36309768E-27
3.36309768E-27
3.36309768E-27
3.36309768E-27
3.36309768E-27
3.36309768E-27
3.36309768E-27
3.36309768E-27
3.36309768E-27
3.78679448E-27
3.78679448E-27
3.78679448E-27
3.78679448E-27
3.78679448E-27
3.78679448E-27
3.78679448E-27
3.78679448E-27
3.78679448E-27
3.78679448E-27
3.78679448E-27
3.78679448E-27
3.78679448E-27
3.78679448E-27
3.78679448E-27
3.78679448E-27
3.78679448E-27
3.78679448E-27
3.78679448E-27
3.78679448E-27
3.78679448E-27
3.78679448E-27
4.26387033E-27
4.26387033E-27
4.26387033E-27
4.26387033E-27
4.26387033E-27
4.26387033E-27
4.26387033E-27
4.26387033E-27
4.26387033E-27
4.26387033E-27
4.26387033E-27
4.26387033E-27
4.26387033E-27
4.26387033E-27
4.26387033E-27
4.26387033E-27
4.26387033E-27
4.26387033E-27
4.26387033E-27
4.26387033E-27
4.26387033E-27
4.80105015E-27
4.80105015E-27
4.80105015E-27
4.80105015E-27
4.80105015E-27
4.80105015E-27
4.80105015E-27
4.80105015E-27
4.80105015E-27
4.80105015E-27
4.80105015E-27
4.80105015E-27
4.80105015E-27
4.80105015E-27
4.80105015E-27
4.80105015E-27
4.80105015E-27
4.80105015E-27
4.80105015E-27
4.80105015E-27
4.80105015E-27
4.80105015E-27
5.40590609E-27
5.40590609E-27
5.40590609E-27
5.40590609E-27
5.40590609E-27
5.40590609E-27
5.40590609E-27
5.40590609E-27
5.40590609E-27
5.40590609E-27
5.40590609E-27
5.40590609E-27
5.40590609E-27
5.40590609E-27
5.40590609E-27
5.40590609E-27
5.40590609E-27
5.40590609E-27
5.40590609E-27
5.40590609E-27
5.40590609E-27
6.08696425E-27
6.08696425E-27
6.08696425E-27
6.08696425E-27
6.08696425E-27
6.08696425E-27
6.08696425E-27
6.08696425E-27
6.08696425E-27
6.08696425E-27
6.08696425E-27
6.08696425E-27
6.08696425E-27
6.08696425E-27
6.08696425E-27
6.08696425E-27
6.08696425E-27
6.08696425E-27
6.08696425E-27
6.08696425E-27
6.08696425E-27
6.08696425E-27
6.85382490E-27
6.85382490E-27
6.85382490E-27
6.85382490E-27
6.85382490E-27
6.85382490E-27
6.85382490E-27
6.85382490E-27
6.85382490E-27
6.85382490E-27
6.85382490E-27
6.85382490E-27
6.85382490E-27
6.85382490E-27
6.85382490E-27
6.85382490E-27
6.85382490E-27
6.85382490E-27
6.85382490E-27
6.85382490E-27
6.85382490E-27
7.71729779E-27
7.71729779E-27
7.71729779E-27
7.71729779E-27
7.71729779E-27
7.71729779E-27
7.71729779E-27
7.71729779E-27
7.71729779E-27
7.71729779E-27
7.71729779E-27
7.71729779E-27
7.71729779E-27
7.71729779E-27
7.71729779E-27
7.71729779E-27
7.71729779E-27
7.71729779E-27
7.71729779E-27
7.71729779E-27
7.71729779E-27
7.71729779E-27
8.68955453E-27
8.68955453E-27
8.68955453E-27
8.68955453E-27
8.68955453E-27
8.68955453E-27
8.68955453E-27
8.68955453E-27
8.68955453E-27
8.68955453E-27
8.68955453E-27
8.68955453E-27
8.68955453E-27
8.68955453E-27
8.68955453E-27
8.68955453E-27
8.68955453E-27
8.68955453E-27
8.68955453E-27
8.68955453E-27
8.68955453E-27
9.78430015E-27
9.78430015E-27
9.78430015E-27
9.78430015E-27
9.78430015E-27
9.78430015E-27
9.78430015E-27
9.78430015E-27
9.78430015E-27
9.78430015E-27
9.78430015E-27
9.78430015E-27
9.78430015E-27
9.78430015E-27
9.78430015E-27
9.78430015E-27
9.78430015E-27
9.78430015E-27
9.78430015E-27
9.78430015E-27
9.78430015E-27
9.78430015E-27
1.10169663E-26
1.10169663E-26
1.10169663E-26
1.10169663E-26
1.10169663E-26
1.10169663E-26
1.10169663E-26
1.10169663E-26
1.10169663E-26
1.10169663E-26
1.10169663E-26
1.10169663E-26
1.10169663E-26
1.10169663E-26
1.10169663E-26
1.10169663E-26
1.10169663E-26
1.10169663E-26
1.10169663E-26
1.10169663E-26
1.10169663E-26
1.24049288E-26
1.24049288E-26
1.24049288E-26
1.24049288E-26
1.24049288E-26
1.24049288E-26
1.24049288E-26
1.24049288E-26
1.24049288E-26
1.24049288E-26
1.24049288E-26
1.24049288E-26
1.24049288E-26
1.24049288E-26
1.24049288E-26
1.24049288E-26
1.24049288E-26
1.24049288E-26
1.24049288E-26
1.24049288E-26
1.24049288E-26
1.24049288E-26
1.39677524E-26
1.39677524E-26
1.39677524E-26
1.39677524E-26
1.39677524E-26
1.39677524E-26
1.39677524E-26
1.39677524E-26
1.39677524E-26
1.39677524E-26
1.39677524E-26
1.39677524E-26
1.39677524E-26
1.39677524E-26
1.39677524E-26
1.39677524E-26
1.39677524E-26
1.39677524E-26
1.39677524E-26
1.39677524E-26
1.39677524E-26
1.57274670E-26
1.57274670E-26
1.57274670E-26
1.57274670E-26
1.57274670E-26
1.57274670E-26
1.57274670E-26
1.57274670E-26
1.57274670E-26
1.57274670E-26
1.57274670E-26
1.57274670E-26
1.57274670E-26
1.57274670E-26
1.57274670E-26
1.57274670E-26
1.57274670E-26
1.57274670E-26
1.57274670E-26
1.57274670E-26
1.57274670E-26
1.57274670E-26
1.77088776E-26
1.77088776E-26
1.77088776E-26
1.77088776E-26
1.77088776E-26
1.77088776E-26
1.77088776E-26
1.77088776E-26
1.77088776E-26
1.77088776E-26
1.77088776E-26
1.77088776E-26
1.77088776E-26
1.77088776E-26
1.77088776E-26
1.77088776E-26
1.77088776E-26
1.77088776E-26
1.77088776E-26
1.77088776E-26
1.77088776E-26
1.99399144E-26
1.99399144E-26
1.99399144E-26
1.99399144E-26
1.99399144E-26
1.99399144E-26
1.99399144E-26
1.99399144E-26
1.99399144E-26
1.99399144E-26
1.99399144E-26
1.99399144E-26
1.99399144E-26
1.99399144E-26
1.99399144E-26
1.99399144E-26
1.99399144E-26
1.99399144E-26
1.99399144E-26
1.99399144E-26
1.99399144E-26
1.99399144E-26
2.24520264E-26
2.24520264E-26
2.24520264E-26
2.24520264E-26
2.24520264E-26
2.24520264E-26
2.24520264E-26
2.24520264E-26
2.24520264E-26
2.24520264E-26
2.24520264E-26
2.24520264E-26
2.24520264E-26
2.24520264E-26
2.24520264E-26
2.24520264E-26
2.24520264E-26
2.24520264E-26
2.24520264E-26
2.24520264E-26
2.24520264E-26
2.52806245E-26
2.52806245E-26
2.52806245E-26
2.52806245E-26
2.52806245E-26
2.52806245E-26
2.52806245E-26
2.52806245E-26
2.52806245E-26
2.52806245E-26
2.52806245E-26
2.52806245E-26
2.52806245E-26
2.52806245E-26
2.52806245E-26
2.52806245E-26
2.52806245E-26
2.52806245E-26
2.52806245E-26
2.52806245E-26
2.52806245E-26
2.52806245E-26
2.84655810E-26
2.84655810E-26
2.84655810E-26
2.84655810E-26
2.84655810E-26
2.84655810E-26
2.84655810E-26
2.84655810E-26
2.84655810E-26
2.84655810E-26
2.84655810E-26
2.84655810E-26
2.84655810E-26
2.84655810E-26
2.84655810E-26
2.84655810E-26
2.84655810E-26
2.84655810E-26
2.84655810E-26
2.84655810E-26
2.84655810E-26
3.20517913E-26
3.20517913E-26
3.20517913E-26
3.20517913E-26
3.20517913E-26
3.20517913E-26
3.20517913E-26
3.20517913E-26
3.20517913E-26
3.20517913E-26
3.20517913E-26
3.20517913E-26
3.20517913E-26
3.20517913E-26
3.20517913E-26
3.20517913E-26
3.20517913E-26
3.20517913E-26
3.20517913E-26
3.20517913E-26
3.20517913E-26
3.20517913E-26
3.60898071E-26
3.60898071E-26
3.60898071E-26
3.60898071E-26
3.60898071E-26
3.60898071E-26
3.60898071E-26
3.60898071E-26
3.60898071E-26
3.60898071E-26
3.60898071E-26
3.60898071E-26
3.60898071E-26
3.60898071E-26
3.60898071E-26
3.60898071E-26
3.60898071E-26
3.60898071E-26
3.60898071E-26
3.60898071E-26
3.60898071E-26
4.06365486E-26
4.06365486E-26
4.06365486E-26
4.06365486E-26
4.06365486E-26
4.06365486E-26
4.06365486E-26
4.06365486E-26
4.06365486E-26
4.06365486E-26
4.06365486E-26
4.06365486E-26
4.06365486E-26
4.06365486E-26
4.06365486E-26
4.06365486E-26
4.06365486E-26
4.06365486E-26
4.06365486E-26
4.06365486E-26
4.06365486E-26
4.06365486E-26
4.57561072E-26
4.57561072E-26
4.57561072E-26
4.57561072E-26
4.57561072E-26
4.57561072E-26
4.57561072E-26
4.57561072E-26
4.57561072E-26
4.57561072E-26
4.57561072E-26
4.57561072E-26
4.57561072E-26
4.57561072E-26
4.57561072E-26
4.57561072E-26
4.57561072E-26
4.57561072E-26
4.57561072E-26
4.57561072E-26
4.57561072E-26
5.15206487E-26
5.15206487E-26
5.15206487E-26
5.15206487E-26
5.15206487E-26
5.15206487E-26
5.15206487E-26
5.15206487E-26
5.15206487E-26
5.15206487E-26
5.15206487E-26
5.15206487E-26
5.15206487E-26
5.15206487E-26
5.15206487E-26
5.15206487E-26
5.15206487E-26
5.15206487E-26
5.15206487E-26
5.15206487E-26
5.15206487E-26
5.15206487E-26
5.80114307E-26
5.80114307E-26
5.80114307E-26
5.80114307E-26
5.80114307E-26
5.80114307E-26
5.80114307E-26
5.80114307E-26
5.80114307E-26
5.80114307E-26
5.80114307E-26
5.80114307E-26
5.80114307E-26
5.80114307E-26
5.80114307E-26
5.80114307E-26
5.80114307E-26
5.80114307E-26
5.80114307E-26
5.80114307E-26
5.80114307E-26
6.53199480E-26
6.53199480E-26
6.53199480E-26
6.53199480E-26
6.53199480E-26
6.53199480E-26
6.53199480E-26
6.53199480E-26
6.53199480E-26
6.53199480E-26
6.53199480E-26
6.53199480E-26
6.53199480E-26
6.53199480E-26
6.53199480E-26
6.53199480E-26
6.53199480E-26
6.53199480E-26
6.53199480E-26
6.53199480E-26
6.53199480E-26
6.53199480E-26
7.35492222E-26
7.35492222E-26
7.35492222E-26
7.35492222E-26
7.35492222E-26
7.35492222E-26
7.35492222E-26
7.35492222E-26
7.35492222E-26
7.35492222E-26
7.35492222E-26
7.35492222E-26
7.35492222E-26
7.35492222E-26
7.35492222E-26
7.35492222E-26
7.35492222E-26
7.35492222E-26
7.35492222E-26
7.35492222E-26
7.35492222E-26
8.28152540E-26
8.28152540E-26
8.28152540E-26
8.28152540E-26
8.28152540E-26
8.28152540E-26
8.28152540E-26
8.28152540E-26
8.28152540E-26
8.28152540E-26
8.28152540E-26
8.28152540E-26
8.28152540E-26
8.28152540E-26
8.28152540E-26
8.28152540E-26
8.28152540E-26
8.28152540E-26
8.28152540E-26
8.28152540E-26
8.28152540E-26
8.28152540E-26
9.32486584E-26
9.32486584E-26
9.32486584E-26
9.32486584E-26
9.32486584E-26
9.32486584E-26
9.32486584E-26
9.32486584E-26
9.32486584E-26
9.32486584E-26
9.32486584E-26
9.32486584E-26
9.32486584E-26
9.32486584E-26
9.32486584E-26
9.32486584E-26
9.32486584E-26
9.32486584E-26
9.32486584E-26
9.32486584E-26
9.32486584E-26
1.04996506E-25
1.04996506E-25
1.04996506E-25
1.04996506E-25
1.04996506E-25
1.04996506E-25
1.04996506E-25
1.04996506E-25
1.04996506E-25
1.04996506E-25
1.04996506E-25
1.04996506E-25
1.04996506E-25
1.04996506E-25
1.04996506E-25
1.04996506E-25
1.04996506E-25
1.04996506E-25
1.04996506E-25
1.04996506E-25
1.04996506E-25
1.04996506E-25
1.18224395E-25
1.18224395E-25
1.18224395E-25
1.18224395E-25
1.18224395E-25
1.18224395E-25
1.18224395E-25
1.18224395E-25
1.18224395E-25
1.18224395E-25
1.18224395E-25
1.18224395E-25
1.18224395E-25
1.18224395E-25
1.18224395E-25
1.18224395E-25
1.18224395E-25
1.18224395E-25
1.18224395E-25
1.18224395E-25
1.18224395E-25
1.33118788E-25
1.33118788E-25
1.33118788E-25
1.33118788E-25
1.33118788E-25
1.33118788E-25
1.33118788E-25
1.33118788E-25
1.33118788E-25
1.33118788E-25
1.33118788E-25
1.33118788E-25
1.33118788E-25
1.33118788E-25
1.33118788E-25
1.33118788E-25
1.33118788E-25
1.33118788E-25
1.33118788E-25
1.33118788E-25
1.33118788E-25
1.33118788E-25
1.49889637E-25
1.49889637E-25
1.49889637E-25
1.49889637E-25
1.49889637E-25
1.49889637E-25
1.49889637E-25
1.49889637E-25
1.49889637E-25
1.49889637E-25
1.49889637E-25
1.49889637E-25
1.49889637E-25
1.49889637E-25
1.49889637E-25
1.49889637E-25
1.49889637E-25
1.49889637E-25
1.49889637E-25
1.49889637E-25
1.49889637E-25
1.68773347E-25
1.68773347E-25
1.68773347E-25
1.68773347E-25
1.68773347E-25
1.68773347E-25
1.68773347E-25
1.68773347E-25
1.68773347E-25
1.68773347E-25
1.68773347E-25
1.68773347E-25
1.68773347E-25
1.68773347E-25
1.68773347E-25
1.68773347E-25
1.68773347E-25
1.68773347E-25
1.68773347E-25
1.68773347E-25
1.68773347E-25
1.68773347E-25
1.90036103E-25
1.90036103E-25
1.90036103E-25
1.90036103E-25
1.90036103E-25
1.90036103E-25
1.90036103E-25
1.90036103E-25
1.90036103E-25
1.90036103E-25
1.90036103E-25
1.90036103E-25
1.90036103E-25
1.90036103E-25
1.90036103E-25
1.90036103E-25
1.90036103E-25
1.90036103E-25
1.90036103E-25
1.90036103E-25
1.90036103E-25
2.13977629E-25
2.13977629E-25
2.13977629E-25
2.13977629E-25
2.13977629E-25
2.13977629E-25
2.13977629E-25
2.13977629E-25
2.13977629E-25
2.13977629E-25
2.13977629E-25
2.13977629E-25
2.13977629E-25
2.13977629E-25
2.13977629E-25
2.13977629E-25
2.13977629E-25
2.13977629E-25
2.13977629E-25
2.13977629E-25
2.13977629E-25
2.13977629E-25
2.40935405E-25
2.40935405E-25
2.40935405E-25
2.40935405E-25
2.40935405E-25
2.40935405E-25
2.40935405E-25
2.40935405E-25
2.40935405E-25
2.40935405E-25
2.40935405E-25
2.40935405E-25
2.40935405E-25
2.40935405E-25
2.40935405E-25
2.40935405E-25
2.40935405E-25
2.40935405E-25
2.40935405E-25
2.40935405E-25
2.40935405E-25
2.71289433E-25
2.71289433E-25
2.71289433E-25
2.71289433E-25
2.71289433E-25
2.71289433E-25
2.71289433E-25
2.71289433E-25
2.71289433E-25
2.71289433E-25
2.71289433E-25
2.71289433E-25
2.71289433E-25
2.71289433E-25
2.71289433E-25
2.71289433E-25
2.71289433E-25
2.71289433E-25
2.71289433E-25
2.71289433E-25
2.71289433E-25
2.71289433E-25
3.05467586E-25
3.05467586E-25
3.05467586E-25
3.05467586E-25
3.05467586E-25
3.05467586E-25
3.05467586E-25
3.05467586E-25
3.05467586E-25
3.05467586E-25
3.05467586E-25
3.05467586E-25
3.05467586E-25
3.05467586E-25
3.05467586E-25
3.05467586E-25
3.05467586E-25
3.05467586E-25
3.05467586E-25
3.05467586E-25
3.05467586E-25
3.43951641E-25
3.43951641E-25
3.43951641E-25
3.43951641E-25
3.43951641E-25
3.43951641E-25
3.43951641E-25
3.43951641E-25
3.43951641E-25
3.43951641E-25
3.43951641E-25
3.43951641E-25
3.43951641E-25
3.43951641E-25
3.43951641E-25
3.43951641E-25
3.43951641E-25
3.43951641E-25
3.43951641E-25
3.43951641E-25
3.43951641E-25
3.43951641E-25
3.87284076E-25
3.87284076E-25
3.87284076E-25
3.87284076E-25
3.87284076E-25
3.87284076E-25
3.87284076E-25
3.87284076E-25
3.87284076E-25
3.87284076E-25
3.87284076E-25
3.87284076E-25
3.87284076E-25
3.87284076E-25
3.87284076E-25
3.87284076E-25
3.87284076E-25
3.87284076E-25
3.87284076E-25
3.87284076E-25
3.87284076E-25
4.36075707E-25
4.36075707E-25
4.36075707E-25
4.36075707E-25
4.36075707E-25
4.36075707E-25
4.36075707E-25
4.36075707E-25
4.36075707E-25
4.36075707E-25
4.36075707E-25
4.36075707E-25
4.36075707E-25
4.36075707E-25
4.36075707E-25
4.36075707E-25
4.36075707E-25
4.36075707E-25
4.36075707E-25
4.36075707E-25
4.36075707E-25
4.36075707E-25
4.91014308E-25
4.91014308E-25
4.91014308E-25
4.91014308E-25
4.91014308E-25
4.91014308E-25
4.91014308E-25
4.91014308E-25
4.91014308E-25
4.91014308E-25
4.91014308E-25
4.91014308E-25
4.91014308E-25
4.91014308E-25
4.91014308E-25
4.91014308E-25
4.91014308E-25
4.91014308E-25
4.91014308E-25
4.91014308E-25
4.91014308E-25
5.52874299E-25
5.52874299E-25
5.52874299E-25
5.52874299E-25
5.52874299E-25
5.52874299E-25
5.52874299E-25
5.52874299E-25
5.52874299E-25
5.52874299E-25
5.52874299E-25
5.52874299E-25
5.52874299E-25
5.52874299E-25
5.52874299E-25
5.52874299E-25
5.52874299E-25
5.52874299E-25
5.52874299E-25
5.52874299E-25
5.52874299E-25
5.52874299E-25
6.22527665E-25
6.22527665E-25
6.22527665E-25
6.22527665E-25
6.22527665E-25
6.22527665E-25
6.22527665E-25
6.22527665E-25
6.22527665E-25
6.22527665E-25
6.22527665E-25
6.22527665E-25
6.22527665E-25
6.22527665E-25
6.22527665E-25
6.22527665E-25
6.22527665E-25
6.22527665E-25
6.22527665E-25
6.22527665E-25
6.22527665E-25
7.00956246E-25
7.00956246E-25
7.00956246E-25
7.00956246E-25
7.00956246E-25
7.00956246E-25
7.00956246E-25
7.00956246E-25
7.00956246E-25
7.00956246E-25
7.00956246E-25
7.00956246E-25
7.00956246E-25
7.00956246E-25
7.00956246E-25
7.00956246E-25
7.00956246E-25
7.00956246E-25
7.00956246E-25
7.00956246E-25
7.00956246E-25
7.00956246E-25
7.89265581E-25
7.89265581E-25
7.89265581E-25
7.89265581E-25
7.89265581E-25
7.89265581E-25
7.89265581E-25
7.89265581E-25
7.89265581E-25
7.89265581E-25
7.89265581E-25
7.89265581E-25
7.89265581E-25
7.89265581E-25
7.89265581E-25
7.89265581E-25
7.89265581E-25
7.89265581E-25
7.89265581E-25
7.89265581E-25
7.89265581E-25
8.88700486E-25
8.88700486E-25
8.88700486E-25
8.88700486E-25
8.88700486E-25
8.88700486E-25
8.88700486E-25
8.88700486E-25
8.88700486E-25
8.88700486E-25
8.88700486E-25
8.88700486E-25
8.88700486E-25
8.88700486E-25
8.88700486E-25
8.88700486E-25
8.88700486E-25
8.88700486E-25
8.88700486E-25
8.88700486E-25
8.88700486E-25
8.88700486E-25
1.00066261E-24
1.00066261E-24
1.00066261E-24
1.00066261E-24
1.00066261E-24
1.00066261E-24
1.00066261E-24
1.00066261E-24
1.00066261E-24
1.00066261E-24
1.00066261E-24
1.00066261E-24
1.00066261E-24
1.00066261E-24
1.00066261E-24
1.00066261E-24
1.00066261E-24
1.00066261E-24
1.00066261E-24
1.00066261E-24
1.00066261E-24
1.12673018E-24
1.12673018E-24
1.12673018E-24
1.12673018E-24
1.12673018E-24
1.12673018E-24
1.12673018E-24
1.12673018E-24
1.12673018E-24
1.12673018E-24
1.12673018E-24
1.12673018E-24
1.12673018E-24
1.12673018E-24
1.12673018E-24
1.12673018E-24
1.12673018E-24
1.12673018E-24
1.12673018E-24
1.12673018E-24
1.12673018E-24
1.12673018E-24
1.26868025E-24
1.26868025E-24
1.26868025E-24
1.26868025E-24
1.26868025E-24
1.26868025E-24
1.26868025E-24
1.26868025E-24
1.26868025E-24
1.26868025E-24
1.26868025E-24
1.26868025E-24
1.26868025E-24
1.26868025E-24
1.26868025E-24
1.26868025E-24
1.26868025E-24
1.26868025E-24
1.26868025E-24
1.26868025E-24
1.26868025E-24
1.42851378E-24
1.42851378E-24
1.42851378E-24
1.42851378E-24
1.42851378E-24
1.42851378E-24
1.42851378E-24
1.42851378E-24
1.42851378E-24
1.42851378E-24
1.42851378E-24
1.42851378E-24
1.42851378E-24
1.42851378E-24
1.42851378E-24
1.42851378E-24
1.42851378E-24
1.42851378E-24
1.42851378E-24
1.42851378E-24
1.42851378E-24
1.42851378E-24
1.60848379E-24
1.60848379E-24
1.60848379E-24
1.60848379E-24
1.60848379E-24
1.60848379E-24
1.60848379E-24
1.60848379E-24
1.60848379E-24
1.60848379E-24
1.60848379E-24
1.60848379E-24
1.60848379E-24
1.60848379E-24
1.60848379E-24
1.60848379E-24
1.60848379E-24
1.60848379E-24
1.60848379E-24
1.60848379E-24
1.60848379E-24
1.81112715E-24
1.81112715E-24
1.81112715E-24
1.81112715E-24
1.81112715E-24
1.81112715E-24
1.81112715E-24
1.81112715E-24
1.81112715E-24
1.81112715E-24
1.81112715E-24
1.81112715E-24
1.81112715E-24
1.81112715E-24
1.81112715E-24
1.81112715E-24
1.81112715E-24
1.81112715E-24
1.81112715E-24
1.81112715E-24
1.81112715E-24
1.81112715E-24
2.03930036E-24
2.03930036E-24
2.03930036E-24
2.03930036E-24
2.03930036E-24
2.03930036E-24
2.03930036E-24
2.03930036E-24
2.03930036E-24
2.03930036E-24
2.03930036E-24
2.03930036E-24
2.03930036E-24
2.03930036E-24
2.03930036E-24
2.03930036E-24
2.03930036E-24
2.03930036E-24
2.03930036E-24
2.03930036E-24
2.03930036E-24
2.29621976E-24
2.29621976E-24
2.29621976E-24
2.29621976E-24
2.29621976E-24
2.29621976E-24
2.29621976E-24
2.29621976E-24
2.29621976E-24
2.29621976E-24
2.29621976E-24
2.29621976E-24
2.29621976E-24
2.29621976E-24
2.29621976E-24
2.29621976E-24
2.29621976E-24
2.29621976E-24
2.29621976E-24
2.29621976E-24
2.29621976E-24
2.29621976E-24
2.58550691E-24
2.58550691E-24
2.58550691E-24
2.58550691E-24
2.58550691E-24
2.58550691E-24
2.58550691E-24
2.58550691E-24
2.58550691E-24
2.58550691E-24
2.58550691E-24
2.58550691E-24
2.58550691E-24
2.58550691E-24
2.58550691E-24
2.58550691E-24
2.58550691E-24
2.58550691E-24
2.58550691E-24
2.58550691E-24
2.58550691E-24
2.91123965E-24
2.91123965E-24
2.91123965E-24
2.91123965E-24
2.91123965E-24
2.91123965E-24
2.91123965E-24
2.91123965E-24
2.91123965E-24
2.91123965E-24
2.91123965E-24
2.91123965E-24
2.91123965E-24
2.91123965E-24
2.91123965E-24
2.91123965E-24
2.91123965E-24
2.91123965E-24
2.91123965E-24
2.91123965E-24
2.91123965E-24
2.91123965E-24
3.27800953E-24
3.27800953E-24
3.27800953E-24
3.27800953E-24
3.27800953E-24
3.27800953E-24
3.27800953E-24
3.27800953E-24
3.27800953E-24
3.27800953E-24
3.27800953E-24
3.27800953E-24
3.27800953E-24
3.27800953E-24
3.27800953E-24
3.27800953E-24
3.27800953E-24
3.27800953E-24
3.27800953E-24
3.27800953E-24
3.27800953E-24
3.69098657E-24
3.69098657E-24
3.69098657E-24
3.69098657E-24
3.69098657E-24
3.69098657E-24
3.69098657E-24
3.69098657E-24
3.69098657E-24
3.69098657E-24
3.69098657E-24
3.69098657E-24
3.69098657E-24
3.69098657E-24
3.69098657E-24
3.69098657E-24
3.69098657E-24
3.69098657E-24
3.69098657E-24
3.69098657E-24
3.69098657E-24
3.69098657E-24
4.15599216E-24
4.15599216E-24
4.15599216E-24
4.15599216E-24
4.15599216E-24
4.15599216E-24
4.15599216E-24
4.15599216E-24
4.15599216E-24
4.15599216E-24
4.15599216E-24
4.15599216E-24
4.15599216E-24
4.15599216E-24
4.15599216E-24
4.15599216E-24
4.15599216E-24
4.15599216E-24
4.15599216E-24
4.15599216E-24
4.15599216E-24
4.67958105E-24
4.67958105E-24
4.67958105E-24
4.67958105E-24
4.67958105E-24
4.67958105E-24
4.67958105E-24
4.67958105E-24
4.67958105E-24
4.67958105E-24
4.67958105E-24
4.67958105E-24
4.67958105E-24
4.67958105E-24
4.67958105E-24
4.67958105E-24
4.67958105E-24
4.67958105E-24
4.67958105E-24
4.67958105E-24
4.67958105E-24
4.67958105E-24
5.26913381E-24
5.26913381E-24
5.26913381E-24
5.26913381E-24
5.26913381E-24
5.26913381E-24
5.26913381E-24
5.26913381E-24
5.26913381E-24
5.26913381E-24
5.26913381E-24
5.26913381E-24
5.26913381E-24
5.26913381E-24
5.26913381E-24
5.26913381E-24
5.26913381E-24
5.26913381E-24
5.26913381E-24
5.26913381E-24
5.26913381E-24
5.93296083E-24
5.93296083E-24
5.93296083E-24
5.93296083E-24
5.93296083E-24
5.93296083E-24
5.93296083E-24
5.93296083E-24
5.93296083E-24
5.93296083E-24
5.93296083E-24
5.93296083E-24
5.93296083E-24
5.93296083E-24
5.93296083E-24
5.93296083E-24
5.93296083E-24
5.93296083E-24
5.93296083E-24
5.93296083E-24
5.93296083E-24
5.93296083E-24
6.68041950E-24
6.68041950E-24
6.68041950E-24
6.68041950E-24
6.68041950E-24
6.68041950E-24
6.68041950E-24
6.68041950E-24
6.68041950E-24
6.68041950E-24
6.68041950E-24
6.68041950E-24
6.68041950E-24
6.68041950E-24
6.68041950E-24
6.68041950E-24
6.68041950E-24
6.68041950E-24
6.68041950E-24
6.68041950E-24
6.68041950E-24
7.52204608E-24
7.52204608E-24
7.52204608E-24
7.52204608E-24
7.52204608E-24
7.52204608E-24
7.52204608E-24
7.52204608E-24
7.52204608E-24
7.52204608E-24
7.52204608E-24
7.52204608E-24
7.52204608E-24
7.52204608E-24
7.52204608E-24
7.52204608E-24
7.52204608E-24
7.52204608E-24
7.52204608E-24
7.52204608E-24
7.52204608E-24
7.52204608E-24
8.46970420E-24
8.46970420E-24
8.46970420E-24
8.46970420E-24
8.46970420E-24
8.46970420E-24
8.46970420E-24
8.46970420E-24
8.46970420E-24
8.46970420E-24
8.46970420E-24
8.46970420E-24
8.46970420E-24
8.46970420E-24
8.46970420E-24
8.46970420E-24
8.46970420E-24
8.46970420E-24
8.46970420E-24
8.46970420E-24
8.46970420E-24
9.53675218E-24
9.53675218E-24
9.53675218E-24
9.53675218E-24
9.53675218E-24
9.53675218E-24
9.53675218E-24
9.53675218E-24
9.53675218E-24
9.53675218E-24
9.53675218E-24
9.53675218E-24
9.53675218E-24
9.53675218E-24
9.53675218E-24
9.53675218E-24
9.53675218E-24
9.53675218E-24
9.53675218E-24
9.53675218E-24
9.53675218E-24
9.53675218E-24
1.07382312E-23
1.07382312E-23
1.07382312E-23
1.07382312E-23
1.07382312E-23
1.07382312E-23
1.07382312E-23
1.07382312E-23
1.07382312E-23
1.07382312E-23
1.07382312E-23
1.07382312E-23
1.07382312E-23
1.07382312E-23
1.07382312E-23
1.07382312E-23
1.07382312E-23
1.07382312E-23
1.07382312E-23
1.07382312E-23
1.07382312E-23
1.20910775E-23
1.20910775E-23
1.20910775E-23
1.20910775E-23
1.20910775E-23
1.20910775E-23
1.20910775E-23
1.20910775E-23
1.20910775E-23
1.20910775E-23
1.20910775E-23
1.20910775E-23
1.20910775E-23
1.20910775E-23
1.20910775E-23
1.20910775E-23
1.20910775E-23
1.20910775E-23
1.20910775E-23
1.20910775E-23
1.20910775E-23
1.20910775E-23
1.36143609E-23
1.36143609E-23
1.36143609E-23
1.36143609E-23
1.36143609E-23
1.36143609E-23
1.36143609E-23
1.36143609E-23
1.36143609E-23
1.36143609E-23
1.36143609E-23
1.36143609E-23
1.36143609E-23
1.36143609E-23
1.36143609E-23
1.36143609E-23
1.36143609E-23
1.36143609E-23
1.36143609E-23
1.36143609E-23
1.36143609E-23
1.53295538E-23
1.53295538E-23
1.53295538E-23
1.53295538E-23
1.53295538E-23
1.53295538E-23
1.53295538E-23
1.53295538E-23
1.53295538E-23
1.53295538E-23
1.53295538E-23
1.53295538E-23
1.53295538E-23
1.53295538E-23
1.53295538E-23
1.53295538E-23
1.53295538E-23
1.53295538E-23
1.53295538E-23
1.53295538E-23
1.53295538E-23
1.53295538E-23
1.72608337E-23
1.72608337E-23
1.72608337E-23
1.72608337E-23
1.72608337E-23
1.72608337E-23
1.72608337E-23
1.72608337E-23
1.72608337E-23
1.72608337E-23
1.72608337E-23
1.72608337E-23
1.72608337E-23
1.72608337E-23
1.72608337E-23
1.72608337E-23
1.72608337E-23
1.72608337E-23
1.72608337E-23
1.72608337E-23
1.72608337E-23
1.94354241E-23
1.94354241E-23
1.94354241E-23
1.94354241E-23
1.94354241E-23
1.94354241E-23
1.94354241E-23
1.94354241E-23
1.94354241E-23
1.94354241E-23
1.94354241E-23
1.94354241E-23
1.94354241E-23
1.94354241E-23
1.94354241E-23
1.94354241E-23
1.94354241E-23
1.94354241E-23
1.94354241E-23
1.94354241E-23
1.94354241E-23
1.94354241E-23
2.18839783E-23
2.18839783E-23
2.18839783E-23
2.18839783E-23
2.18839783E-23
2.18839783E-23
2.18839783E-23
2.18839783E-23
2.18839783E-23
2.18839783E-23
2.18839783E-23
2.18839783E-23
2.18839783E-23
2.18839783E-23
2.18839783E-23
2.18839783E-23
2.18839783E-23
2.18839783E-23
2.18839783E-23
2.18839783E-23
2.18839783E-23
2.46410114E-23
2.46410114E-23
2.46410114E-23
2.46410114E-23
2.46410114E-23
2.46410114E-23
2.46410114E-23
2.46410114E-23
2.46410114E-23
2.46410114E-23
2.46410114E-23
2.46410114E-23
2.46410114E-23
2.46410114E-23
2.46410114E-23
2.46410114E-23
2.46410114E-23
2.46410114E-23
2.46410114E-23
2.46410114E-23
2.46410114E-23
2.46410114E-23
2.77453867E-23
2.77453867E-23
2.77453867E-23
2.77453867E-23
2.77453867E-23
2.77453867E-23
2.77453867E-23
2.77453867E-23
2.77453867E-23
2.77453867E-23
2.77453867E-23
2.77453867E-23
2.77453867E-23
2.77453867E-23
2.77453867E-23
2.77453867E-23
2.77453867E-23
2.77453867E-23
2.77453867E-23
2.77453867E-23
2.77453867E-23
3.12408641E-23
3.12408641E-23
3.12408641E-23
3.12408641E-23
3.12408641E-23
3.12408641E-23
3.12408641E-23
3.12408641E-23
3.12408641E-23
3.12408641E-23
3.12408641E-23
3.12408641E-23
3.12408641E-23
3.12408641E-23
3.12408641E-23
3.12408641E-23
3.12408641E-23
3.12408641E-23
3.12408641E-23
3.12408641E-23
3.12408641E-23
3.12408641E-23
3.51767159E-23
3.51767159E-23
3.51767159E-23
3.51767159E-23
3.51767159E-23
3.51767159E-23
3.51767159E-23
3.51767159E-23
3.51767159E-23
3.51767159E-23
3.51767159E-23
3.51767159E-23
3.51767159E-23
3.51767159E-23
3.51767159E-23
3.51767159E-23
3.51767159E-23
3.51767159E-23
3.51767159E-23
3.51767159E-23
3.51767159E-23
3.96084224E-23
3.96084224E-23
3.96084224E-23
3.96084224E-23
3.96084224E-23
3.96084224E-23
3.96084224E-23
3.96084224E-23
3.96084224E-23
3.96084224E-23
3.96084224E-23
3.96084224E-23
3.96084224E-23
3.96084224E-23
3.96084224E-23
3.96084224E-23
3.96084224E-23
3.96084224E-23
3.96084224E-23
3.96084224E-23
3.96084224E-23
3.96084224E-23
4.45984535E-23
4.45984535E-23
4.45984535E-23
4.45984535E-23
4.45984535E-23
4.45984535E-23
4.45984535E-23
4.45984535E-23
4.45984535E-23
4.45984535E-23
4.45984535E-23
4.45984535E-23
4.45984535E-23
4.45984535E-23
4.45984535E-23
4.45984535E-23
4.45984535E-23
4.45984535E-23
4.45984535E-23
4.45984535E-23
4.45984535E-23
5.02171490E-23
5.02171490E-23
5.02171490E-23
5.02171490E-23
5.02171490E-23
5.02171490E-23
5.02171490E-23
5.02171490E-23
5.02171490E-23
5.02171490E-23
5.02171490E-23
5.02171490E-23
5.02171490E-23
5.02171490E-23
5.02171490E-23
5.02171490E-23
5.02171490E-23
5.02171490E-23
5.02171490E-23
5.02171490E-23
5.02171490E-23
5.02171490E-23
5.65437108E-23
5.65437108E-23
5.65437108E-23
5.65437108E-23
5.65437108E-23
5.65437108E-23
5.65437108E-23
5.65437108E-23
5.65437108E-23
5.65437108E-23
5.65437108E-23
5.65437108E-23
5.65437108E-23
5.65437108E-23
5.65437108E-23
5.65437108E-23
5.65437108E-23
5.65437108E-23
5.65437108E-23
5.65437108E-23
5.65437108E-23
6.36673188E-23
6.36673188E-23
6.36673188E-23
6.36673188E-23
6.36673188E-23
6.36673188E-23
6.36673188E-23
6.36673188E-23
6.36673188E-23
6.36673188E-23
6.36673188E-23
6.36673188E-23
6.36673188E-23
6.36673188E-23
6.36673188E-23
6.36673188E-23
6.36673188E-23
6.36673188E-23
6.36673188E-23
6.36673188E-23
6.36673188E-23
6.36673188E-23
7.16883880E-23
7.16883880E-23
7.16883880E-23
7.16883880E-23
7.16883880E-23
7.16883880E-23
7.16883880E-23
7.16883880E-23
7.16883880E-23
7.16883880E-23
7.16883880E-23
7.16883880E-23
7.16883880E-23
7.16883880E-23
7.16883880E-23
7.16883880E-23
7.16883880E-23
7.16883880E-23
7.16883880E-23
7.16883880E-23
7.16883880E-23
8.07199843E-23
8.07199843E-23
8.07199843E-23
8.07199843E-23
8.07199843E-23
8.07199843E-23
8.07199843E-23
8.07199843E-23
8.07199843E-23
8.07199843E-23
8.07199843E-23
8.07199843E-23
8.07199843E-23
8.07199843E-23
8.07199843E-23
8.07199843E-23
8.07199843E-23
8.07199843E-23
8.07199843E-23
8.07199843E-23
8.07199843E-23
8.07199843E-23
9.08894181E-23
9.08894181E-23
9.08894181E-23
9.08894181E-23
9.08894181E-23
9.08894181E-23
9.08894181E-23
9.08894181E-23
9.08894181E-23
9.08894181E-23
9.08894181E-23
9.08894181E-23
9.08894181E-23
9.08894181E-23
9.08894181E-23
9.08894181E-23
9.08894181E-23
9.08894181E-23
9.08894181E-23
9.08894181E-23
9.08894181E-23
1.02340039E-22
1.02340039E-22
1.02340039E-22
1.02340039E-22
1.02340039E-22
1.02340039E-22
1.02340039E-22
1.02340039E-22
1.02340039E-22
1.02340039E-22
1.02340039E-22
1.02340039E-22
1.02340039E-22
1.02340039E-22
1.02340039E-22
1.02340039E-22
1.02340039E-22
1.02340039E-22
1.02340039E-22
1.02340039E-22
1.02340039E-22
1.02340039E-22
1.15233255E-22
1.15233255E-22
1.15233255E-22
1.15233255E-22
1.15233255E-22
1.15233255E-22
1.15233255E-22
1.15233255E-22
1.15233255E-22
1.15233255E-22
1.15233255E-22
1.15233255E-22
1.15233255E-22
1.15233255E-22
1.15233255E-22
1.15233255E-22
1.15233255E-22
1.15233255E-22
1.15233255E-22
1.15233255E-22
1.15233255E-22
1.29750812E-22
1.29750812E-22
1.29750812E-22
1.29750812E-22
1.29750812E-22
1.29750812E-22
1.29750812E-22
1.29750812E-22
1.29750812E-22
1.29750812E-22
1.29750812E-22
1.29750812E-22
1.29750812E-22
1.29750812E-22
1.29750812E-22
1.29750812E-22
1.29750812E-22
1.29750812E-22
1.29750812E-22
1.29750812E-22
1.29750812E-22
1.29750812E-22
1.46097350E-22
1.46097350E-22
1.46097350E-22
1.46097350E-22
1.46097350E-22
1.46097350E-22
1.46097350E-22
1.46097350E-22
1.46097350E-22
1.46097350E-22
1.46097350E-22
1.46097350E-22
1.46097350E-22
1.46097350E-22
1.46097350E-22
1.46097350E-22
1.46097350E-22
1.46097350E-22
1.46097350E-22
1.46097350E-22
1.46097350E-22
1.64503292E-22
1.64503292E-22
1.64503292E-22
1.64503292E-22
1.64503292E-22
1.64503292E-22
1.64503292E-22
1.64503292E-22
1.64503292E-22
1.64503292E-22
1.64503292E-22
1.64503292E-22
1.64503292E-22
1.64503292E-22
1.64503292E-22
1.64503292E-22
1.64503292E-22
1.64503292E-22
1.64503292E-22
1.64503292E-22
1.64503292E-22
1.64503292E-22
1.85228089E-22
1.85228089E-22
1.85228089E-22
1.85228089E-22
1.85228089E-22
1.85228089E-22
1.85228089E-22
1.85228089E-22
1.85228089E-22
1.85228089E-22
1.85228089E-22
1.85228089E-22
1.85228089E-22
1.85228089E-22
1.85228089E-22
1.85228089E-22
1.85228089E-22
1.85228089E-22
1.85228089E-22
1.85228089E-22
1.85228089E-22
2.08563881E-22
2.08563881E-22
2.08563881E-22
2.08563881E-22
2.08563881E-22
2.08563881E-22
2.08563881E-22
2.08563881E-22
2.08563881E-22
2.08563881E-22
2.08563881E-22
2.08563881E-22
2.08563881E-22
2.08563881E-22
2.08563881E-22
2.08563881E-22
2.08563881E-22
2.08563881E-22
2.08563881E-22
2.08563881E-22
2.08563881E-22
2.08563881E-22
2.34839612E-22
2.34839612E-22
2.34839612E-22
2.34839612E-22
2.34839612E-22
2.34839612E-22
2.34839612E-22
2.34839612E-22
2.34839612E-22
2.34839612E-22
2.34839612E-22
2.34839612E-22
2.34839612E-22
2.34839612E-22
2.34839612E-22
2.34839612E-22
2.34839612E-22
2.34839612E-22
2.34839612E-22
2.34839612E-22
2.34839612E-22
2.64425667E-22
2.64425667E-22
2.64425667E-22
2.64425667E-22
2.64425667E-22
2.64425667E-22
2.64425667E-22
2.64425667E-22
2.64425667E-22
2.64425667E-22
2.64425667E-22
2.64425667E-22
2.64425667E-22
2.64425667E-22
2.64425667E-22
2.64425667E-22
2.64425667E-22
2.64425667E-22
2.64425667E-22
2.64425667E-22
2.64425667E-22
2.64425667E-22
2.97739094E-22
2.97739094E-22
2.97739094E-22
2.97739094E-22
2.97739094E-22
2.97739094E-22
2.97739094E-22
2.97739094E-22
2.97739094E-22
2.97739094E-22
2.97739094E-22
2.97739094E-22
2.97739094E-22
2.97739094E-22
2.97739094E-22
2.97739094E-22
2.97739094E-22
2.97739094E-22
2.97739094E-22
2.97739094E-22
2.97739094E-22
3.35249483E-22
3.35249483E-22
3.35249483E-22
3.35249483E-22
3.35249483E-22
3.35249483E-22
3.35249483E-22
3.35249483E-22
3.35249483E-22
3.35249483E-22
3.35249483E-22
3.35249483E-22
3.35249483E-22
3.35249483E-22
3.35249483E-22
3.35249483E-22
3.35249483E-22
3.35249483E-22
3.35249483E-22
3.35249483E-22
3.35249483E-22
3.35249483E-22
3.77485584E-22
3.77485584E-22
3.77485584E-22
3.77485584E-22
3.77485584E-22
3.77485584E-22
3.77485584E-22
3.77485584E-22
3.77485584E-22
3.77485584E-22
3.77485584E-22
3.77485584E-22
3.77485584E-22
3.77485584E-22
3.77485584E-22
3.77485584E-22
3.77485584E-22
3.77485584E-22
3.77485584E-22
3.77485584E-22
3.77485584E-22
4.25042761E-22
4.25042761E-22
4.25042761E-22
4.25042761E-22
4.25042761E-22
4.25042761E-22
4.25042761E-22
4.25042761E-22
4.25042761E-22
4.25042761E-22
4.25042761E-22
4.25042761E-22
4.25042761E-22
4.25042761E-22
4.25042761E-22
4.25042761E-22
4.25042761E-22
4.25042761E-22
4.25042761E-22
4.25042761E-22
4.25042761E-22
4.25042761E-22
4.78591387E-22
4.78591387E-22
4.78591387E-22
4.78591387E-22
4.78591387E-22
4.78591387E-22
4.78591387E-22
4.78591387E-22
4.78591387E-22
4.78591387E-22
4.78591387E-22
4.78591387E-22
4.78591387E-22
4.78591387E-22
4.78591387E-22
4.78591387E-22
4.78591387E-22
4.78591387E-22
4.78591387E-22
4.78591387E-22
4.78591387E-22
5.38886287E-22
5.38886287E-22
5.38886287E-22
5.38886287E-22
5.38886287E-22
5.38886287E-22
5.38886287E-22
5.38886287E-22
5.38886287E-22
5.38886287E-22
5.38886287E-22
5.38886287E-22
5.38886287E-22
5.38886287E-22
5.38886287E-22
5.38886287E-22
5.38886287E-22
5.38886287E-22
5.38886287E-22
5.38886287E-22
5.38886287E-22
5.38886287E-22
6.06777386E-22
6.06777386E-22
6.06777386E-22
6.06777386E-22
6.06777386E-22
6.06777386E-22
6.06777386E-22
6.06777386E-22
6.06777386E-22
6.06777386E-22
6.06777386E-22
6.06777386E-22
6.06777386E-22
6.06777386E-22
6.06777386E-22
6.06777386E-22
6.06777386E-22
6.06777386E-22
6.06777386E-22
6.06777386E-22
6.06777386E-22
6.83221682E-22
6.83221682E-22
6.83221682E-22
6.83221682E-22
6.83221682E-22
6.83221682E-22
6.83221682E-22
6.83221682E-22
6.83221682E-22
6.83221682E-22
6.83221682E-22
6.83221682E-22
6.83221682E-22
6.83221682E-22
6.83221682E-22
6.83221682E-22
6.83221682E-22
6.83221682E-22
6.83221682E-22
6.83221682E-22
6.83221682E-22
6.83221682E-22
7.69296744E-22
7.69296744E-22
7.69296744E-22
7.69296744E-22
7.69296744E-22
7.69296744E-22
7.69296744E-22
7.69296744E-22
7.69296744E-22
7.69296744E-22
7.69296744E-22
7.69296744E-22
7.69296744E-22
7.69296744E-22
7.69296744E-22
7.69296744E-22
7.69296744E-22
7.69296744E-22
7.69296744E-22
7.69296744E-22
7.69296744E-22
8.66215894E-22
8.66215894E-22
8.66215894E-22
8.66215894E-22
8.66215894E-22
8.66215894E-22
8.66215894E-22
8.66215894E-22
8.66215894E-22
8.66215894E-22
8.66215894E-22
8.66215894E-22
8.66215894E-22
8.66215894E-22
8.66215894E-22
8.66215894E-22
8.66215894E-22
8.66215894E-22
8.66215894E-22
8.66215894E-22
8.66215894E-22
8.66215894E-22
9.75345315E-22
9.75345315E-22
9.75345315E-22
9.75345315E-22
9.75345315E-22
9.75345315E-22
9.75345315E-22
9.75345315E-22
9.75345315E-22
9.75345315E-22
9.75345315E-22
9.75345315E-22
9.75345315E-22
9.75345315E-22
9.75345315E-22
9.75345315E-22
9.75345315E-22
9.75345315E-22
9.75345315E-22
9.75345315E-22
9.75345315E-22
1.09822331E-21
1.09822331E-21
1.09822331E-21
1.09822331E-21
1.09822331E-21
1.09822331E-21
1.09822331E-21
1.09822331E-21
1.09822331E-21
1.09822331E-21
1.09822331E-21
1.09822331E-21
1.09822331E-21
1.09822331E-21
1.09822331E-21
1.09822331E-21
1.09822331E-21
1.09822331E-21
1.09822331E-21
1.09822331E-21
1.09822331E-21
1.09822331E-21
1.23658197E-21
1.23658197E-21
1.23658197E-21
1.23658197E-21
1.23658197E-21
1.23658197E-21
1.23658197E-21
1.23658197E-21
1.23658197E-21
1.23658197E-21
1.23658197E-21
1.23658197E-21
1.23658197E-21
1.23658197E-21
1.23658197E-21
1.23658197E-21
1.23658197E-21
1.23658197E-21
1.23658197E-21
1.23658197E-21
1.23658197E-21
1.39237162E-21
1.39237162E-21
1.39237162E-21
1.39237162E-21
1.39237162E-21
1.39237162E-21
1.39237162E-21
1.39237162E-21
1.39237162E-21
1.39237162E-21
1.39237162E-21
1.39237162E-21
1.39237162E-21
1.39237162E-21
1.39237162E-21
1.39237162E-21
1.39237162E-21
1.39237162E-21
1.39237162E-21
1.39237162E-21
1.39237162E-21
1.39237162E-21
1.56778830E-21
1.56778830E-21
1.56778830E-21
1.56778830E-21
1.56778830E-21
1.56778830E-21
1.56778830E-21
1.56778830E-21
1.56778830E-21
1.56778830E-21
1.56778830E-21
1.56778830E-21
1.56778830E-21
1.56778830E-21
1.56778830E-21
1.56778830E-21
1.56778830E-21
1.56778830E-21
1.56778830E-21
1.56778830E-21
1.56778830E-21
1.76530468E-21
1.76530468E-21
1.76530468E-21
1.76530468E-21
1.76530468E-21
1.76530468E-21
1.76530468E-21
1.76530468E-21
1.76530468E-21
1.76530468E-21
1.76530468E-21
1.76530468E-21
1.76530468E-21
1.76530468E-21
1.76530468E-21
1.76530468E-21
1.76530468E-21
1.76530468E-21
1.76530468E-21
1.76530468E-21
1.76530468E-21
1.76530468E-21
1.98770498E-21
1.98770498E-21
1.98770498E-21
1.98770498E-21
1.98770498E-21
1.98770498E-21
1.98770498E-21
1.98770498E-21
1.98770498E-21
1.98770498E-21
1.98770498E-21
1.98770498E-21
1.98770498E-21
1.98770498E-21
1.98770498E-21
1.98770498E-21
1.98770498E-21
1.98770498E-21
1.98770498E-21
1.98770498E-21
1.98770498E-21
2.23812418E-21
2.23812418E-21
2.23812418E-21
2.23812418E-21
2.23812418E-21
2.23812418E-21
2.23812418E-21
2.23812418E-21
2.23812418E-21
2.23812418E-21
2.23812418E-21
2.23812418E-21
2.23812418E-21
2.23812418E-21
2.23812418E-21
2.23812418E-21
2.23812418E-21
2.23812418E-21
2.23812418E-21
2.23812418E-21
2.23812418E-21
2.23812418E-21
2.52009222E-21
2.52009222E-21
2.52009222E-21
2.52009222E-21
2.52009222E-21
2.52009222E-21
2.52009222E-21
2.52009222E-21
2.52009222E-21
2.52009222E-21
2.52009222E-21
2.52009222E-21
2.52009222E-21
2.52009222E-21
2.52009222E-21
2.52009222E-21
2.52009222E-21
2.52009222E-21
2.52009222E-21
2.52009222E-21
2.52009222E-21
2.83758375E-21
2.83758375E-21
2.83758375E-21
2.83758375E-21
2.83758375E-21
2.83758375E-21
2.83758375E-21
2.83758375E-21
2.83758375E-21
2.83758375E-21
2.83758375E-21
2.83758375E-21
2.83758375E-21
2.83758375E-21
2.83758375E-21
2.83758375E-21
2.83758375E-21
2.83758375E-21
2.83758375E-21
2.83758375E-21
2.83758375E-21
2.83758375E-21
3.19507415E-21
3.19507415E-21
3.19507415E-21
3.19507415E-21
3.19507415E-21
3.19507415E-21
3.19507415E-21
3.19507415E-21
3.19507415E-21
3.19507415E-21
3.19507415E-21
3.19507415E-21
3.19507415E-21
3.19507415E-21
3.19507415E-21
3.19507415E-21
3.19507415E-21
3.19507415E-21
3.19507415E-21
3.19507415E-21
3.19507415E-21
3.59760266E-21
3.59760266E-21
3.59760266E-21
3.59760266E-21
3.59760266E-21
3.59760266E-21
3.59760266E-21
3.59760266E-21
3.59760266E-21
3.59760266E-21
3.59760266E-21
3.59760266E-21
3.59760266E-21
3.59760266E-21
3.59760266E-21
3.59760266E-21
3.59760266E-21
3.59760266E-21
3.59760266E-21
3.59760266E-21
3.59760266E-21
3.59760266E-21
4.05084336E-21
4.05084336E-21
4.05084336E-21
4.05084336E-21
4.05084336E-21
4.05084336E-21
4.05084336E-21
4.05084336E-21
4.05084336E-21
4.05084336E-21
4.05084336E-21
4.05084336E-21
4.05084336E-21
4.05084336E-21
4.05084336E-21
4.05084336E-21
4.05084336E-21
4.05084336E-21
4.05084336E-21
4.05084336E-21
4.05084336E-21
4.56118517E-21
4.56118517E-21
4.56118517E-21
4.56118517E-21
4.56118517E-21
4.56118517E-21
4.56118517E-21
4.56118517E-21
4.56118517E-21
4.56118517E-21
4.56118517E-21
4.56118517E-21
4.56118517E-21
4.56118517E-21
4.56118517E-21
4.56118517E-21
4.56118517E-21
4.56118517E-21
4.56118517E-21
4.56118517E-21
4.56118517E-21
4.56118517E-21
5.13582193E-21
5.13582193E-21
5.13582193E-21
5.13582193E-21
5.13582193E-21
5.13582193E-21
5.13582193E-21
5.13582193E-21
5.13582193E-21
5.13582193E-21
5.13582193E-21
5.13582193E-21
5.13582193E-21
5.13582193E-21
5.13582193E-21
5.13582193E-21
5.13582193E-21
5.13582193E-21
5.13582193E-21
5.13582193E-21
5.13582193E-21
5.78285379E-21
5.78285379E-21
5.78285379E-21
5.78285379E-21
5.78285379E-21
5.78285379E-21
5.78285379E-21
5.78285379E-21
5.78285379E-21
5.78285379E-21
5.78285379E-21
5.78285379E-21
5.78285379E-21
5.78285379E-21
5.78285379E-21
5.78285379E-21
5.78285379E-21
5.78285379E-21
5.78285379E-21
5.78285379E-21
5.78285379E-21
5.78285379E-21
6.51140136E-21
6.51140136E-21
6.51140136E-21
6.51140136E-21
6.51140136E-21
6.51140136E-21
6.51140136E-21
6.51140136E-21
6.51140136E-21
6.51140136E-21
6.51140136E-21
6.51140136E-21
6.51140136E-21
6.51140136E-21
6.51140136E-21
6.51140136E-21
6.51140136E-21
6.51140136E-21
6.51140136E-21
6.51140136E-21
6.51140136E-21
7.33173433E-21
7.33173433E-21
7.33173433E-21
7.33173433E-21
7.33173433E-21
7.33173433E-21
7.33173433E-21
7.33173433E-21
7.33173433E-21
7.33173433E-21
7.33173433E-21
7.33173433E-21
7.33173433E-21
7.33173433E-21
7.33173433E-21
7.33173433E-21
7.33173433E-21
7.33173433E-21
7.33173433E-21
7.33173433E-21
7.33173433E-21
7.33173433E-21
8.25541621E-21
8.25541621E-21
8.25541621E-21
8.25541621E-21
8.25541621E-21
8.25541621E-21
8.25541621E-21
8.25541621E-21
8.25541621E-21
8.25541621E-21
8.25541621E-21
8.25541621E-21
8.25541621E-21
8.25541621E-21
8.25541621E-21
8.25541621E-21
8.25541621E-21
8.25541621E-21
8.25541621E-21
8.25541621E-21
8.25541621E-21
9.29546730E-21
9.29546730E-21
9.29546730E-21
9.29546730E-21
9.29546730E-21
9.29546730E-21
9.29546730E-21
9.29546730E-21
9.29546730E-21
9.29546730E-21
9.29546730E-21
9.29546730E-21
9.29546730E-21
9.29546730E-21
9.29546730E-21
9.29546730E-21
9.29546730E-21
9.29546730E-21
9.29546730E-21
9.29546730E-21
9.29546730E-21
9.29546730E-21
1.04665483E-20
1.04665483E-20
1.04665483E-20
1.04665483E-20
1.04665483E-20
1.04665483E-20
1.04665483E-20
1.04665483E-20
1.04665483E-20
1.04665483E-20
1.04665483E-20
1.04665483E-20
1.04665483E-20
1.04665483E-20
1.04665483E-20
1.04665483E-20
1.04665483E-20
1.04665483E-20
1.04665483E-20
1.04665483E-20
1.04665483E-20
1.17851669E-20
1.17851669E-20
1.17851669E-20
1.17851669E-20
1.17851669E-20
1.17851669E-20
1.17851669E-20
1.17851669E-20
1.17851669E-20
1.17851669E-20
1.17851669E-20
1.17851669E-20
1.17851669E-20
1.17851669E-20
1.17851669E-20
1.17851669E-20
1.17851669E-20
1.17851669E-20
1.17851669E-20
1.17851669E-20
1.17851669E-20
1.17851669E-20
1.32699104E-20
1.32699104E-20
1.32699104E-20
1.32699104E-20
1.32699104E-20
1.32699104E-20
1.32699104E-20
1.32699104E-20
1.32699104E-20
1.32699104E-20
1.32699104E-20
1.32699104E-20
1.32699104E-20
1.32699104E-20
1.32699104E-20
1.32699104E-20
1.32699104E-20
1.32699104E-20
1.32699104E-20
1.32699104E-20
1.32699104E-20
1.49417080E-20
1.49417080E-20
1.49417080E-20
1.49417080E-20
1.49417080E-20
1.49417080E-20
1.49417080E-20
1.49417080E-20
1.49417080E-20
1.49417080E-20
1.49417080E-20
1.49417080E-20
1.49417080E-20
1.49417080E-20
1.49417080E-20
1.49417080E-20
1.49417080E-20
1.49417080E-20
1.49417080E-20
1.49417080E-20
1.49417080E-20
1.49417080E-20
1.68241254E-20
1.68241254E-20
1.68241254E-20
1.68241254E-20
1.68241254E-20
1.68241254E-20
1.68241254E-20
1.68241254E-20
1.68241254E-20
1.68241254E-20
1.68241254E-20
1.68241254E-20
1.68241254E-20
1.68241254E-20
1.68241254E-20
1.68241254E-20
1.68241254E-20
1.68241254E-20
1.68241254E-20
1.68241254E-20
1.68241254E-20
1.89436976E-20
1.89436976E-20
1.89436976E-20
1.89436976E-20
1.89436976E-20
1.89436976E-20
1.89436976E-20
1.89436976E-20
1.89436976E-20
1.89436976E-20
1.89436976E-20
1.89436976E-20
1.89436976E-20
1.89436976E-20
1.89436976E-20
1.89436976E-20
1.89436976E-20
1.89436976E-20
1.89436976E-20
1.89436976E-20
1.89436976E-20
1.89436976E-20
2.13303021E-20
2.13303021E-20
2.13303021E-20
2.13303021E-20
2.13303021E-20
2.13303021E-20
2.13303021E-20
2.13303021E-20
2.13303021E-20
2.13303021E-20
2.13303021E-20
2.13303021E-20
2.13303021E-20
2.13303021E-20
2.13303021E-20
2.13303021E-20
2.13303021E-20
2.13303021E-20
2.13303021E-20
2.13303021E-20
2.13303021E-20
2.40175807E-20
2.40175807E-20
2.40175807E-20
2.40175807E-20
2.40175807E-20
2.40175807E-20
2.40175807E-20
2.40175807E-20
2.40175807E-20
2.40175807E-20
2.40175807E-20
2.40175807E-20
2.40175807E-20
2.40175807E-20
2.40175807E-20
2.40175807E-20
2.40175807E-20
2.40175807E-20
2.40175807E-20
2.40175807E-20
2.40175807E-20
2.40175807E-20
2.70434138E-20
2.70434138E-20
2.70434138E-20
2.70434138E-20
2.70434138E-20
2.70434138E-20
2.70434138E-20
2.70434138E-20
2.70434138E-20
2.70434138E-20
2.70434138E-20
2.70434138E-20
2.70434138E-20
2.70434138E-20
2.70434138E-20
2.70434138E-20
2.70434138E-20
2.70434138E-20
2.70434138E-20
2.70434138E-20
2.70434138E-20
3.04504537E-20
3.04504537E-20
3.04504537E-20
3.04504537E-20
3.04504537E-20
3.04504537E-20
3.04504537E-20
3.04504537E-20
3.04504537E-20
3.04504537E-20
3.04504537E-20
3.04504537E-20
3.04504537E-20
3.04504537E-20
3.04504537E-20
3.04504537E-20
3.04504537E-20
3.04504537E-20
3.04504537E-20
3.04504537E-20
3.04504537E-20
3.04504537E-20
3.42867264E-20
3.42867264E-20
3.42867264E-20
3.42867264E-20
3.42867264E-20
3.42867264E-20
3.42867264E-20
3.42867264E-20
3.42867264E-20
3.42867264E-20
3.42867264E-20
3.42867264E-20
3.42867264E-20
3.42867264E-20
3.42867264E-20
3.42867264E-20
3.42867264E-20
3.42867264E-20
3.42867264E-20
3.42867264E-20
3.42867264E-20
3.86063084E-20
3.86063084E-20
3.86063084E-20
3.86063084E-20
3.86063084E-20
3.86063084E-20
3.86063084E-20
3.86063084E-20
3.86063084E-20
3.86063084E-20
3.86063084E-20
3.86063084E-20
3.86063084E-20
3.86063084E-20
3.86063084E-20
3.86063084E-20
3.86063084E-20
3.86063084E-20
3.86063084E-20
3.86063084E-20
3.86063084E-20
3.86063084E-20
4.34700890E-20
4.34700890E-20
4.34700890E-20
4.34700890E-20
4.34700890E-20
4.34700890E-20
4.34700890E-20
4.34700890E-20
4.34700890E-20
4.34700890E-20
4.34700890E-20
4.34700890E-20
4.34700890E-20
4.34700890E-20
4.34700890E-20
4.34700890E-20
4.34700890E-20
4.34700890E-20
4.34700890E-20
4.34700890E-20
4.34700890E-20
4.89466286E-20
4.89466286E-20
4.89466286E-20
4.89466286E-20
4.89466286E-20
4.89466286E-20
4.89466286E-20
4.89466286E-20
4.89466286E-20
4.89466286E-20
4.89466286E-20
4.89466286E-20
4.89466286E-20
4.89466286E-20
4.89466286E-20
4.89466286E-20
4.89466286E-20
4.89466286E-20
4.89466286E-20
4.89466286E-20
4.89466286E-20
4.89466286E-20
5.51131251E-20
5.51131251E-20
5.51131251E-20
5.51131251E-20
5.51131251E-20
5.51131251E-20
5.51131251E-20
5.51131251E-20
5.51131251E-20
5.51131251E-20
5.51131251E-20
5.51131251E-20
5.51131251E-20
5.51131251E-20
5.51131251E-20
5.51131251E-20
5.51131251E-20
5.51131251E-20
5.51131251E-20
5.51131251E-20
5.51131251E-20
6.20565019E-20
6.20565019E-20
6.20565019E-20
6.20565019E-20
6.20565019E-20
6.20565019E-20
6.20565019E-20
6.20565019E-20
6.20565019E-20
6.20565019E-20
6.20565019E-20
6.20565019E-20
6.20565019E-20
6.20565019E-20
6.20565019E-20
6.20565019E-20
6.20565019E-20
6.20565019E-20
6.20565019E-20
6.20565019E-20
6.20565019E-20
6.20565019E-20
6.98746339E-20
6.98746339E-20
6.98746339E-20
6.98746339E-20
6.98746339E-20
6.98746339E-20
6.98746339E-20
6.98746339E-20
6.98746339E-20
6.98746339E-20
6.98746339E-20
6.98746339E-20
6.98746339E-20
6.98746339E-20
6.98746339E-20
6.98746339E-20
6.98746339E-20
6.98746339E-20
6.98746339E-20
6.98746339E-20
6.98746339E-20
7.86777260E-20
7.86777260E-20
7.86777260E-20
7.86777260E-20
7.86777260E-20
7.86777260E-20
7.86777260E-20
7.86777260E-20
7.86777260E-20
7.86777260E-20
7.86777260E-20
7.86777260E-20
7.86777260E-20
7.86777260E-20
7.86777260E-20
7.86777260E-20
7.86777260E-20
7.86777260E-20
7.86777260E-20
7.86777260E-20
7.86777260E-20
7.86777260E-20
8.85898677E-20
8.85898677E-20
8.85898677E-20
8.85898677E-20
8.85898677E-20
8.85898677E-20
8.85898677E-20
8.85898677E-20
8.85898677E-20
8.85898677E-20
8.85898677E-20
8.85898677E-20
8.85898677E-20
8.85898677E-20
8.85898677E-20
8.85898677E-20
8.85898677E-20
8.85898677E-20
8.85898677E-20
8.85898677E-20
8.85898677E-20
9.97507816E-20
9.97507816E-20
9.97507816E-20
9.97507816E-20
9.97507816E-20
9.97507816E-20
9.97507816E-20
9.97507816E-20
9.97507816E-20
9.97507816E-20
9.97507816E-20
9.97507816E-20
9.97507816E-20
9.97507816E-20
9.97507816E-20
9.97507816E-20
9.97507816E-20
9.97507816E-20
9.97507816E-20
9.97507816E-20
9.97507816E-20
9.97507816E-20
1.12317793E-19
1.12317793E-19
1.12317793E-19
1.12317793E-19
1.12317793E-19
1.12317793E-19
1.12317793E-19
1.12317793E-19
1.12317793E-19
1.12317793E-19
1.12317793E-19
1.12317793E-19
1.12317793E-19
1.12317793E-19
1.12317793E-19
1.12317793E-19
1.12317793E-19
1.12317793E-19
1.12317793E-19
1.12317793E-19
1.12317793E-19
1.26468048E-19
1.26468048E-19
1.26468048E-19
1.26468048E-19
1.26468048E-19
1.26468048E-19
1.26468048E-19
1.26468048E-19
1.26468048E-19
1.26468048E-19
1.26468048E-19
1.26468048E-19
1.26468048E-19
1.26468048E-19
1.26468048E-19
1.26468048E-19
1.26468048E-19
1.26468048E-19
1.26468048E-19
1.26468048E-19
1.26468048E-19
1.26468048E-19
1.42401010E-19
1.42401010E-19
1.42401010E-19
1.42401010E-19
1.42401010E-19
1.42401010E-19
1.42401010E-19
1.42401010E-19
1.42401010E-19
1.42401010E-19
1.42401010E-19
1.42401010E-19
1.42401010E-19
1.42401010E-19
1.42401010E-19
1.42401010E-19
1.42401010E-19
1.42401010E-19
1.42401010E-19
1.42401010E-19
1.42401010E-19
1.60341271E-19
1.60341271E-19
1.60341271E-19
1.60341271E-19
1.60341271E-19
1.60341271E-19
1.60341271E-19
1.60341271E-19
1.60341271E-19
1.60341271E-19
1.60341271E-19
1.60341271E-19
1.60341271E-19
1.60341271E-19
1.60341271E-19
1.60341271E-19
1.60341271E-19
1.60341271E-19
1.60341271E-19
1.60341271E-19
1.60341271E-19
1.60341271E-19
1.80541721E-19
1.80541721E-19
1.80541721E-19
1.80541721E-19
1.80541721E-19
1.80541721E-19
1.80541721E-19
1.80541721E-19
1.80541721E-19
1.80541721E-19
1.80541721E-19
1.80541721E-19
1.80541721E-19
1.80541721E-19
1.80541721E-19
1.80541721E-19
1.80541721E-19
1.80541721E-19
1.80541721E-19
1.80541721E-19
1.80541721E-19
2.03287105E-19
2.03287105E-19
2.03287105E-19
2.03287105E-19
2.03287105E-19
2.03287105E-19
2.03287105E-19
2.03287105E-19
2.03287105E-19
2.03287105E-19
2.03287105E-19
2.03287105E-19
2.03287105E-19
2.03287105E-19
2.03287105E-19
2.03287105E-19
2.03287105E-19
2.03287105E-19
2.03287105E-19
2.03287105E-19
2.03287105E-19
2.03287105E-19
2.28898046E-19
2.28898046E-19
2.28898046E-19
2.28898046E-19
2.28898046E-19
2.28898046E-19
2.28898046E-19
2.28898046E-19
2.28898046E-19
2.28898046E-19
2.28898046E-19
2.28898046E-19
2.28898046E-19
2.28898046E-19
2.28898046E-19
2.28898046E-19
2.28898046E-19
2.28898046E-19
2.28898046E-19
2.28898046E-19
2.28898046E-19
2.57735558E-19
2.57735558E-19
2.57735558E-19
2.57735558E-19
2.57735558E-19
2.57735558E-19
2.57735558E-19
2.57735558E-19
2.57735558E-19
2.57735558E-19
2.57735558E-19
2.57735558E-19
2.57735558E-19
2.57735558E-19
2.57735558E-19
2.57735558E-19
2.57735558E-19
2.57735558E-19
2.57735558E-19
2.57735558E-19
2.57735558E-19
2.57735558E-19
2.90206137E-19
2.90206137E-19
2.90206137E-19
2.90206137E-19
2.90206137E-19
2.90206137E-19
2.90206137E-19
2.90206137E-19
2.90206137E-19
2.90206137E-19
2.90206137E-19
2.90206137E-19
2.90206137E-19
2.90206137E-19
2.90206137E-19
2.90206137E-19
2.90206137E-19
2.90206137E-19
2.90206137E-19
2.90206137E-19
2.90206137E-19
3.26767494E-19
3.26767494E-19
3.26767494E-19
3.26767494E-19
3.26767494E-19
3.26767494E-19
3.26767494E-19
3.26767494E-19
3.26767494E-19
3.26767494E-19
3.26767494E-19
3.26767494E-19
3.26767494E-19
3.26767494E-19
3.26767494E-19
3.26767494E-19
3.26767494E-19
3.26767494E-19
3.26767494E-19
3.26767494E-19
3.26767494E-19
3.26767494E-19
3.67934999E-19
3.67934999E-19
3.67934999E-19
3.67934999E-19
3.67934999E-19
3.67934999E-19
3.67934999E-19
3.67934999E-19
3.67934999E-19
3.67934999E-19
3.67934999E-19
3.67934999E-19
3.67934999E-19
3.67934999E-19
3.67934999E-19
3.67934999E-19
3.67934999E-19
3.67934999E-19
3.67934999E-19
3.67934999E-19
3.67934999E-19
4.14288955E-19
4.14288955E-19
4.14288955E-19
4.14288955E-19
4.14288955E-19
4.14288955E-19
4.14288955E-19
4.14288955E-19
4.14288955E-19
4.14288955E-19
4.14288955E-19
4.14288955E-19
4.14288955E-19
4.14288955E-19
4.14288955E-19
4.14288955E-19
4.14288955E-19
4.14288955E-19
4.14288955E-19
4.14288955E-19
4.14288955E-19
4.14288955E-19
4.66482772E-19
4.66482772E-19
4.66482772E-19
4.66482772E-19
4.66482772E-19
4.66482772E-19
4.66482772E-19
4.66482772E-19
4.66482772E-19
4.66482772E-19
4.66482772E-19
4.66482772E-19
4.66482772E-19
4.66482772E-19
4.66482772E-19
4.66482772E-19
4.66482772E-19
4.66482772E-19
4.66482772E-19
4.66482772E-19
4.66482772E-19
5.25252179E-19
5.25252179E-19
5.25252179E-19
5.25252179E-19
5.25252179E-19
5.25252179E-19
5.25252179E-19
5.25252179E-19
5.25252179E-19
5.25252179E-19
5.25252179E-19
5.25252179E-19
5.25252179E-19
5.25252179E-19
5.25252179E-19
5.25252179E-19
5.25252179E-19
5.25252179E-19
5.25252179E-19
5.25252179E-19
5.25252179E-19
5.25252179E-19
5.91425597E-19
5.91425597E-19
5.91425597E-19
5.91425597E-19
5.91425597E-19
5.91425597E-19
5.91425597E-19
5.91425597E-19
5.91425597E-19
5.91425597E-19
5.91425597E-19
5.91425597E-19
5.91425597E-19
5.91425597E-19
5.91425597E-19
5.91425597E-19
5.91425597E-19
5.91425597E-19
5.91425597E-19
5.91425597E-19
5.91425597E-19
6.65935812E-19
6.65935812E-19
6.65935812E-19
6.65935812E-19
6.65935812E-19
6.65935812E-19
6.65935812E-19
6.65935812E-19
6.65935812E-19
6.65935812E-19
6.65935812E-19
6.65935812E-19
6.65935812E-19
6.65935812E-19
6.65935812E-19
6.65935812E-19
6.65935812E-19
6.65935812E-19
6.65935812E-19
6.65935812E-19
6.65935812E-19
6.65935812E-19
7.49833130E-19
7.49833130E-19
7.49833130E-19
7.49833130E-19
7.49833130E-19
7.49833130E-19
7.49833130E-19
7.49833130E-19
7.49833130E-19
7.49833130E-19
7.49833130E-19
7.49833130E-19
7.49833130E-19
7.49833130E-19
7.49833130E-19
7.49833130E-19
7.49833130E-19
7.49833130E-19
7.49833130E-19
7.49833130E-19
7.49833130E-19
8.44300174E-19
8.44300174E-19
8.44300174E-19
8.44300174E-19
8.44300174E-19
8.44300174E-19
8.44300174E-19
8.44300174E-19
8.44300174E-19
8.44300174E-19
8.44300174E-19
8.44300174E-19
8.44300174E-19
8.44300174E-19
8.44300174E-19
8.44300174E-19
8.44300174E-19
8.44300174E-19
8.44300174E-19
8.44300174E-19
8.44300174E-19
8.44300174E-19
9.50668563E-19
9.50668563E-19
9.50668563E-19
9.50668563E-19
9.50668563E-19
9.50668563E-19
9.50668563E-19
9.50668563E-19
9.50668563E-19
9.50668563E-19
9.50668563E-19
9.50668563E-19
9.50668563E-19
9.50668563E-19
9.50668563E-19
9.50668563E-19
9.50668563E-19
9.50668563E-19
9.50668563E-19
9.50668563E-19
9.50668563E-19
1.07043768E-18
1.07043768E-18
1.07043768E-18
1.07043768E-18
1.07043768E-18
1.07043768E-18
1.07043768E-18
1.07043768E-18
1.07043768E-18
1.07043768E-18
1.07043768E-18
1.07043768E-18
1.07043768E-18
1.07043768E-18
1.07043768E-18
1.07043768E-18
1.07043768E-18
1.07043768E-18
1.07043768E-18
1.07043768E-18
1.07043768E-18
1.07043768E-18
1.20529579E-18
1.20529579E-18
1.20529579E-18
1.20529579E-18
1.20529579E-18
1.20529579E-18
1.20529579E-18
1.20529579E-18
1.20529579E-18
1.20529579E-18
1.20529579E-18
1.20529579E-18
1.20529579E-18
1.20529579E-18
1.20529579E-18
1.20529579E-18
1.20529579E-18
1.20529579E-18
1.20529579E-18
1.20529579E-18
1.20529579E-18
1.35714389E-18
1.35714389E-18
1.35714389E-18
1.35714389E-18
1.35714389E-18
1.35714389E-18
1.35714389E-18
1.35714389E-18
1.35714389E-18
1.35714389E-18
1.35714389E-18
1.35714389E-18
1.35714389E-18
1.35714389E-18
1.35714389E-18
1.35714389E-18
1.35714389E-18
1.35714389E-18
1.35714389E-18
1.35714389E-18
1.35714389E-18
1.35714389E-18
1.52812242E-18
1.52812242E-18
1.52812242E-18
1.52812242E-18
1.52812242E-18
1.52812242E-18
1.52812242E-18
1.52812242E-18
1.52812242E-18
1.52812242E-18
1.52812242E-18
1.52812242E-18
1.52812242E-18
1.52812242E-18
1.52812242E-18
1.52812242E-18
1.52812242E-18
1.52812242E-18
1.52812242E-18
1.52812242E-18
1.52812242E-18
1.72064154E-18
1.72064154E-18
1.72064154E-18
1.72064154E-18
1.72064154E-18
1.72064154E-18
1.72064154E-18
1.72064154E-18
1.72064154E-18
1.72064154E-18
1.72064154E-18
1.72064154E-18
1.72064154E-18
1.72064154E-18
1.72064154E-18
1.72064154E-18
1.72064154E-18
1.72064154E-18
1.72064154E-18
1.72064154E-18
1.72064154E-18
1.72064154E-18
1.93741499E-18
1.93741499E-18
1.93741499E-18
1.93741499E-18
1.93741499E-18
1.93741499E-18
1.93741499E-18
1.93741499E-18
1.93741499E-18
1.93741499E-18
1.93741499E-18
1.93741499E-18
1.93741499E-18
1.93741499E-18
1.93741499E-18
1.93741499E-18
1.93741499E-18
1.93741499E-18
1.93741499E-18
1.93741499E-18
1.93741499E-18
2.18149846E-18
2.18149846E-18
2.18149846E-18
2.18149846E-18
2.18149846E-18
2.18149846E-18
2.18149846E-18
2.18149846E-18
2.18149846E-18
2.18149846E-18
2.18149846E-18
2.18149846E-18
2.18149846E-18
2.18149846E-18
2.18149846E-18
2.18149846E-18
2.18149846E-18
2.18149846E-18
2.18149846E-18
2.18149846E-18
2.18149846E-18
2.18149846E-18
2.45633256E-18
2.45633256E-18
2.45633256E-18
2.45633256E-18
2.45633256E-18
2.45633256E-18
2.45633256E-18
2.45633256E-18
2.45633256E-18
2.45633256E-18
2.45633256E-18
2.45633256E-18
2.45633256E-18
2.45633256E-18
2.45633256E-18
2.45633256E-18
2.45633256E-18
2.45633256E-18
2.45633256E-18
2.45633256E-18
2.45633256E-18
2.76579138E-18
2.76579138E-18
2.76579138E-18
2.76579138E-18
2.76579138E-18
2.76579138E-18
2.76579138E-18
2.76579138E-18
2.76579138E-18
2.76579138E-18
2.76579138E-18
2.76579138E-18
2.76579138E-18
2.76579138E-18
2.76579138E-18
2.76579138E-18
2.76579138E-18
2.76579138E-18
2.76579138E-18
2.76579138E-18
2.76579138E-18
2.76579138E-18
3.11423709E-18
3.11423709E-18
3.11423709E-18
3.11423709E-18
3.11423709E-18
3.11423709E-18
3.11423709E-18
3.11423709E-18
3.11423709E-18
3.11423709E-18
3.11423709E-18
3.11423709E-18
3.11423709E-18
3.11423709E-18
3.11423709E-18
3.11423709E-18
3.11423709E-18
3.11423709E-18
3.11423709E-18
3.11423709E-18
3.11423709E-18
3.50658141E-18
3.50658141E-18
3.50658141E-18
3.50658141E-18
3.50658141E-18
3.50658141E-18
3.50658141E-18
3.50658141E-18
3.50658141E-18
3.50658141E-18
3.50658141E-18
3.50658141E-18
3.50658141E-18
3.50658141E-18
3.50658141E-18
3.50658141E-18
3.50658141E-18
3.50658141E-18
3.50658141E-18
3.50658141E-18
3.50658141E-18
3.50658141E-18
3.94835488E-18
3.94835488E-18
3.94835488E-18
3.94835488E-18
3.94835488E-18
3.94835488E-18
3.94835488E-18
3.94835488E-18
3.94835488E-18
3.94835488E-18
3.94835488E-18
3.94835488E-18
3.94835488E-18
3.94835488E-18
3.94835488E-18
3.94835488E-18
3.94835488E-18
3.94835488E-18
3.94835488E-18
3.94835488E-18
3.94835488E-18
4.44578478E-18
4.44578478E-18
4.44578478E-18
4.44578478E-18
4.44578478E-18
4.44578478E-18
4.44578478E-18
4.44578478E-18
4.44578478E-18
4.44578478E-18
4.44578478E-18
4.44578478E-18
4.44578478E-18
4.44578478E-18
4.44578478E-18
4.44578478E-18
4.44578478E-18
4.44578478E-18
4.44578478E-18
4.44578478E-18
4.44578478E-18
4.44578478E-18
5.00588292E-18
5.00588292E-18
5.00588292E-18
5.00588292E-18
5.00588292E-18
5.00588292E-18
5.00588292E-18
5.00588292E-18
5.00588292E-18
5.00588292E-18
5.00588292E-18
5.00588292E-18
5.00588292E-18
5.00588292E-18
5.00588292E-18
5.00588292E-18
5.00588292E-18
5.00588292E-18
5.00588292E-18
5.00588292E-18
5.00588292E-18
5.63654453E-18
5.63654453E-18
5.63654453E-18
5.63654453E-18
5.63654453E-18
5.63654453E-18
5.63654453E-18
5.63654453E-18
5.63654453E-18
5.63654453E-18
5.63654453E-18
5.63654453E-18
5.63654453E-18
5.63654453E-18
5.63654453E-18
5.63654453E-18
5.63654453E-18
5.63654453E-18
5.63654453E-18
5.63654453E-18
5.63654453E-18
5.63654453E-18
6.34665946E-18
6.34665946E-18
6.34665946E-18
6.34665946E-18
6.34665946E-18
6.34665946E-18
6.34665946E-18
6.34665946E-18
6.34665946E-18
6.34665946E-18
6.34665946E-18
6.34665946E-18
6.34665946E-18
6.34665946E-18
6.34665946E-18
6.34665946E-18
6.34665946E-18
6.34665946E-18
6.34665946E-18
6.34665946E-18
6.34665946E-18
7.14623757E-18
7.14623757E-18
7.14623757E-18
7.14623757E-18
7.14623757E-18
7.14623757E-18
7.14623757E-18
7.14623757E-18
7.14623757E-18
7.14623757E-18
7.14623757E-18
7.14623757E-18
7.14623757E-18
7.14623757E-18
7.14623757E-18
7.14623757E-18
7.14623757E-18
7.14623757E-18
7.14623757E-18
7.14623757E-18
7.14623757E-18
7.14623757E-18
8.04654981E-18
8.04654981E-18
8.04654981E-18
8.04654981E-18
8.04654981E-18
8.04654981E-18
8.04654981E-18
8.04654981E-18
8.04654981E-18
8.04654981E-18
8.04654981E-18
8.04654981E-18
8.04654981E-18
8.04654981E-18
8.04654981E-18
8.04654981E-18
8.04654981E-18
8.04654981E-18
8.04654981E-18
8.04654981E-18
8.04654981E-18
9.06028707E-18
9.06028707E-18
9.06028707E-18
9.06028707E-18
9.06028707E-18
9.06028707E-18
9.06028707E-18
9.06028707E-18
9.06028707E-18
9.06028707E-18
9.06028707E-18
9.06028707E-18
9.06028707E-18
9.06028707E-18
9.06028707E-18
9.06028707E-18
9.06028707E-18
9.06028707E-18
9.06028707E-18
9.06028707E-18
9.06028707E-18
9.06028707E-18
1.02017391E-17
1.02017391E-17
1.02017391E-17
1.02017391E-17
1.02017391E-17
1.02017391E-17
1.02017391E-17
1.02017391E-17
1.02017391E-17
1.02017391E-17
1.02017391E-17
1.02017391E-17
1.02017391E-17
1.02017391E-17
1.02017391E-17
1.02017391E-17
1.02017391E-17
1.02017391E-17
1.02017391E-17
1.02017391E-17
1.02017391E-17
1.14869959E-17
1.14869959E-17
1.14869959E-17
1.14869959E-17
1.14869959E-17
1.14869959E-17
1.14869959E-17
1.14869959E-17
1.14869959E-17
1.14869959E-17
1.14869959E-17
1.14869959E-17
1.14869959E-17
1.14869959E-17
1.14869959E-17
1.14869959E-17
1.14869959E-17
1.14869959E-17
1.14869959E-17
1.14869959E-17
1.14869959E-17
1.14869959E-17
1.29341746E-17
1.29341746E-17
1.29341746E-17
1.29341746E-17
1.29341746E-17
1.29341746E-17
1.29341746E-17
1.29341746E-17
1.29341746E-17
1.29341746E-17
1.29341746E-17
1.29341746E-17
1.29341746E-17
1.29341746E-17
1.29341746E-17
1.29341746E-17
1.29341746E-17
1.29341746E-17
1.29341746E-17
1.29341746E-17
1.29341746E-17
1.45636748E-17
1.45636748E-17
1.45636748E-17
1.45636748E-17
1.45636748E-17
1.45636748E-17
1.45636748E-17
1.45636748E-17
1.45636748E-17
1.45636748E-17
1.45636748E-17
1.45636748E-17
1.45636748E-17
1.45636748E-17
1.45636748E-17
1.45636748E-17
1.45636748E-17
1.45636748E-17
1.45636748E-17
1.45636748E-17
1.45636748E-17
1.45636748E-17
1.63984662E-17
1.63984662E-17
1.63984662E-17
1.63984662E-17
1.63984662E-17
1.63984662E-17
1.63984662E-17
1.63984662E-17
1.63984662E-17
1.63984662E-17
1.63984662E-17
1.63984662E-17
1.63984662E-17
1.63984662E-17
1.63984662E-17
1.63984662E-17
1.63984662E-17
1.63984662E-17
1.63984662E-17
1.63984662E-17
1.63984662E-17
1.84644120E-17
1.84644120E-17
1.84644120E-17
1.84644120E-17
1.84644120E-17
1.84644120E-17
1.84644120E-17
1.84644120E-17
1.84644120E-17
1.84644120E-17
1.84644120E-17
1.84644120E-17
1.84644120E-17
1.84644120E-17
1.84644120E-17
1.84644120E-17
1.84644120E-17
1.84644120E-17
1.84644120E-17
1.84644120E-17
1.84644120E-17
1.84644120E-17
2.07906341E-17
2.07906341E-17
2.07906341E-17
2.07906341E-17
2.07906341E-17
2.07906341E-17
2.07906341E-17
2.07906341E-17
2.07906341E-17
2.07906341E-17
2.07906341E-17
2.07906341E-17
2.07906341E-17
2.07906341E-17
2.07906341E-17
2.07906341E-17
2.07906341E-17
2.07906341E-17
2.07906341E-17
2.07906341E-17
2.07906341E-17
2.34099233E-17
2.34099233E-17
2.34099233E-17
2.34099233E-17
2.34099233E-17
2.34099233E-17
2.34099233E-17
2.34099233E-17
2.34099233E-17
2.34099233E-17
2.34099233E-17
2.34099233E-17
2.34099233E-17
2.34099233E-17
2.34099233E-17
2.34099233E-17
2.34099233E-17
2.34099233E-17
2.34099233E-17
2.34099233E-17
2.34099233E-17
2.34099233E-17
2.63592011E-17
2.63592011E-17
2.63592011E-17
2.63592011E-17
2.63592011E-17
2.63592011E-17
2.63592011E-17
2.63592011E-17
2.63592011E-17
2.63592011E-17
2.63592011E-17
2.63592011E-17
2.63592011E-17
2.63592011E-17
2.63592011E-17
2.63592011E-17
2.63592011E-17
2.63592011E-17
2.63592011E-17
2.63592011E-17
2.63592011E-17
2.96800411E-17
2.96800411E-17
2.96800411E-17
2.96800411E-17
2.96800411E-17
2.96800411E-17
2.96800411E-17
2.96800411E-17
2.96800411E-17
2.96800411E-17
2.96800411E-17
2.96800411E-17
2.96800411E-17
2.96800411E-17
2.96800411E-17
2.96800411E-17
2.96800411E-17
2.96800411E-17
2.96800411E-17
2.96800411E-17
2.96800411E-17
2.96800411E-17
3.34192541E-17
3.34192541E-17
3.34192541E-17
3.34192541E-17
3.34192541E-17
3.34192541E-17
3.34192541E-17
3.34192541E-17
3.34192541E-17
3.34192541E-17
3.34192541E-17
3.34192541E-17
3.34192541E-17
3.34192541E-17
3.34192541E-17
3.34192541E-17
3.34192541E-17
3.34192541E-17
3.34192541E-17
3.34192541E-17
3.34192541E-17
3.76295483E-17
3.76295483E-17
3.76295483E-17
3.76295483E-17
3.76295483E-17
3.76295483E-17
3.76295483E-17
3.76295483E-17
3.76295483E-17
3.76295483E-17
3.76295483E-17
3.76295483E-17
3.76295483E-17
3.76295483E-17
3.76295483E-17
3.76295483E-17
3.76295483E-17
3.76295483E-17
3.76295483E-17
3.76295483E-17
3.76295483E-17
3.76295483E-17
4.23702728E-17
4.23702728E-17
4.23702728E-17
4.23702728E-17
4.23702728E-17
4.23702728E-17
4.23702728E-17
4.23702728E-17
4.23702728E-17
4.23702728E-17
4.23702728E-17
4.23702728E-17
4.23702728E-17
4.23702728E-17
4.23702728E-17
4.23702728E-17
4.23702728E-17
4.23702728E-17
4.23702728E-17
4.23702728E-17
4.23702728E-17
4.77082530E-17
4.77082530E-17
4.77082530E-17
4.77082530E-17
4.77082530E-17
4.77082530E-17
4.77082530E-17
4.77082530E-17
4.77082530E-17
4.77082530E-17
4.77082530E-17
4.77082530E-17
4.77082530E-17
4.77082530E-17
4.77082530E-17
4.77082530E-17
4.77082530E-17
4.77082530E-17
4.77082530E-17
4.77082530E-17
4.77082530E-17
4.77082530E-17
5.37187338E-17
5.37187338E-17
5.37187338E-17
5.37187338E-17
5.37187338E-17
5.37187338E-17
5.37187338E-17
5.37187338E-17
5.37187338E-17
5.37187338E-17
5.37187338E-17
5.37187338E-17
5.37187338E-17
5.37187338E-17
5.37187338E-17
5.37187338E-17
5.37187338E-17
5.37187338E-17
5.37187338E-17
5.37187338E-17
5.37187338E-17
6.04864396E-17
6.04864396E-17
6.04864396E-17
6.04864396E-17
6.04864396E-17
6.04864396E-17
6.04864396E-17
6.04864396E-17
6.04864396E-17
6.04864396E-17
6.04864396E-17
6.04864396E-17
6.04864396E-17
6.04864396E-17
6.04864396E-17
6.04864396E-17
6.04864396E-17
6.04864396E-17
6.04864396E-17
6.04864396E-17
6.04864396E-17
6.04864396E-17
6.81067687E-17
6.81067687E-17
6.81067687E-17
6.81067687E-17
6.81067687E-17
6.81067687E-17
6.81067687E-17
6.81067687E-17
6.81067687E-17
6.81067687E-17
6.81067687E-17
6.81067687E-17
6.81067687E-17
6.81067687E-17
6.81067687E-17
6.81067687E-17
6.81067687E-17
6.81067687E-17
6.81067687E-17
6.81067687E-17
6.81067687E-17
7.66871379E-17
7.66871379E-17
7.66871379E-17
7.66871379E-17
7.66871379E-17
7.66871379E-17
7.66871379E-17
7.66871379E-17
7.66871379E-17
7.66871379E-17
7.66871379E-17
7.66871379E-17
7.66871379E-17
7.66871379E-17
7.66871379E-17
7.66871379E-17
7.66871379E-17
7.66871379E-17
7.66871379E-17
7.66871379E-17
7.66871379E-17
7.66871379E-17
8.63484972E-17
8.63484972E-17
8.63484972E-17
8.63484972E-17
8.63484972E-17
8.63484972E-17
8.63484972E-17
8.63484972E-17
8.63484972E-17
8.63484972E-17
8.63484972E-17
8.63484972E-17
8.63484972E-17
8.63484972E-17
8.63484972E-17
8.63484972E-17
8.63484972E-17
8.63484972E-17
8.63484972E-17
8.63484972E-17
8.63484972E-17
9.72270340E-17
9.72270340E-17
9.72270340E-17
9.72270340E-17
9.72270340E-17
9.72270340E-17
9.72270340E-17
9.72270340E-17
9.72270340E-17
9.72270340E-17
9.72270340E-17
9.72270340E-17
9.72270340E-17
9.72270340E-17
9.72270340E-17
9.72270340E-17
9.72270340E-17
9.72270340E-17
9.72270340E-17
9.72270340E-17
9.72270340E-17
9.72270340E-17
1.09476093E-16
1.09476093E-16
1.09476093E-16
1.09476093E-16
1.09476093E-16
1.09476093E-16
1.09476093E-16
1.09476093E-16
1.09476093E-16
1.09476093E-16
1.09476093E-16
1.09476093E-16
1.09476093E-16
1.09476093E-16
1.09476093E-16
1.09476093E-16
1.09476093E-16
1.09476093E-16
1.09476093E-16
1.09476093E-16
1.09476093E-16
1.23268339E-16
1.23268339E-16
1.23268339E-16
1.23268339E-16
1.23268339E-16
1.23268339E-16
1.23268339E-16
1.23268339E-16
1.23268339E-16
1.23268339E-16
1.23268339E-16
1.23268339E-16
1.23268339E-16
1.23268339E-16
1.23268339E-16
1.23268339E-16
1.23268339E-16
1.23268339E-16
1.23268339E-16
1.23268339E-16
1.23268339E-16
1.23268339E-16
1.38798189E-16
1.38798189E-16
1.38798189E-16
1.38798189E-16
1.38798189E-16
1.38798189E-16
1.38798189E-16
1.38798189E-16
1.38798189E-16
1.38798189E-16
1.38798189E-16
1.38798189E-16
1.38798189E-16
1.38798189E-16
1.38798189E-16
1.38798189E-16
1.38798189E-16
1.38798189E-16
1.38798189E-16
1.38798189E-16
1.38798189E-16
1.56284552E-16
1.56284552E-16
1.56284552E-16
1.56284552E-16
1.56284552E-16
1.56284552E-16
1.56284552E-16
1.56284552E-16
1.56284552E-16
1.56284552E-16
1.56284552E-16
1.56284552E-16
1.56284552E-16
1.56284552E-16
1.56284552E-16
1.56284552E-16
1.56284552E-16
1.56284552E-16
1.56284552E-16
1.56284552E-16
1.56284552E-16
1.56284552E-16
1.75973920E-16
1.75973920E-16
1.75973920E-16
1.75973920E-16
1.75973920E-16
1.75973920E-16
1.75973920E-16
1.75973920E-16
1.75973920E-16
1.75973920E-16
1.75973920E-16
1.75973920E-16
1.75973920E-16
1.75973920E-16
1.75973920E-16
1.75973920E-16
1.75973920E-16
1.75973920E-16
1.75973920E-16
1.75973920E-16
1.75973920E-16
1.98143834E-16
1.98143834E-16
1.98143834E-16
1.98143834E-16
1.98143834E-16
1.98143834E-16
1.98143834E-16
1.98143834E-16
1.98143834E-16
1.98143834E-16
1.98143834E-16
1.98143834E-16
1.98143834E-16
1.98143834E-16
1.98143834E-16
1.98143834E-16
1.98143834E-16
1.98143834E-16
1.98143834E-16
1.98143834E-16
1.98143834E-16
1.98143834E-16
2.23106804E-16
2.23106804E-16
2.23106804E-16
2.23106804E-16
2.23106804E-16
2.23106804E-16
2.23106804E-16
2.23106804E-16
2.23106804E-16
2.23106804E-16
2.23106804E-16
2.23106804E-16
2.23106804E-16
2.23106804E-16
2.23106804E-16
2.23106804E-16
2.23106804E-16
2.23106804E-16
2.23106804E-16
2.23106804E-16
2.23106804E-16
2.51214712E-16
2.51214712E-16
2.51214712E-16
2.51214712E-16
2.51214712E-16
2.51214712E-16
2.51214712E-16
2.51214712E-16
2.51214712E-16
2.51214712E-16
2.51214712E-16
2.51214712E-16
2.51214712E-16
2.51214712E-16
2.51214712E-16
2.51214712E-16
2.51214712E-16
2.51214712E-16
2.51214712E-16
2.51214712E-16
2.51214712E-16
2.51214712E-16
2.82863769E-16
2.82863769E-16
2.82863769E-16
2.82863769E-16
2.82863769E-16
2.82863769E-16
2.82863769E-16
2.82863769E-16
2.82863769E-16
2.82863769E-16
2.82863769E-16
2.82863769E-16
2.82863769E-16
2.82863769E-16
2.82863769E-16
2.82863769E-16
2.82863769E-16
2.82863769E-16
2.82863769E-16
2.82863769E-16
2.82863769E-16
3.18500103E-16
3.18500103E-16
3.18500103E-16
3.18500103E-16
3.18500103E-16
3.18500103E-16
3.18500103E-16
3.18500103E-16
3.18500103E-16
3.18500103E-16
3.18500103E-16
3.18500103E-16
3.18500103E-16
3.18500103E-16
3.18500103E-16
3.18500103E-16
3.18500103E-16
3.18500103E-16
3.18500103E-16
3.18500103E-16
3.18500103E-16
3.18500103E-16
3.58626049E-16
3.58626049E-16
3.58626049E-16
3.58626049E-16
3.58626049E-16
3.58626049E-16
3.58626049E-16
3.58626049E-16
3.58626049E-16
3.58626049E-16
3.58626049E-16
3.58626049E-16
3.58626049E-16
3.58626049E-16
3.58626049E-16
3.58626049E-16
3.58626049E-16
3.58626049E-16
3.58626049E-16
3.58626049E-16
3.58626049E-16
4.03807225E-16
4.03807225E-16
4.03807225E-16
4.03807225E-16
4.03807225E-16
4.03807225E-16
4.03807225E-16
4.03807225E-16
4.03807225E-16
4.03807225E-16
4.03807225E-16
4.03807225E-16
4.03807225E-16
4.03807225E-16
4.03807225E-16
4.03807225E-16
4.03807225E-16
4.03807225E-16
4.03807225E-16
4.03807225E-16
4.03807225E-16
4.03807225E-16
4.54680511E-16
4.54680511E-16
4.54680511E-16
4.54680511E-16
4.54680511E-16
4.54680511E-16
4.54680511E-16
4.54680511E-16
4.54680511E-16
4.54680511E-16
4.54680511E-16
4.54680511E-16
4.54680511E-16
4.54680511E-16
4.54680511E-16
4.54680511E-16
4.54680511E-16
4.54680511E-16
4.54680511E-16
4.54680511E-16
4.54680511E-16
5.11963021E-16
5.11963021E-16
5.11963021E-16
5.11963021E-16
5.11963021E-16
5.11963021E-16
5.11963021E-16
5.11963021E-16
5.11963021E-16
5.11963021E-16
5.11963021E-16
5.11963021E-16
5.11963021E-16
5.11963021E-16
5.11963021E-16
5.11963021E-16
5.11963021E-16
5.11963021E-16
5.11963021E-16
5.11963021E-16
5.11963021E-16
5.11963021E-16
5.76462216E-16
5.76462216E-16
5.76462216E-16
5.76462216E-16
5.76462216E-16
5.76462216E-16
5.76462216E-16
5.76462216E-16
5.76462216E-16
5.76462216E-16
5.76462216E-16
5.76462216E-16
5.76462216E-16
5.76462216E-16
5.76462216E-16
5.76462216E-16
5.76462216E-16
5.76462216E-16
5.76462216E-16
5.76462216E-16
5.76462216E-16
6.49087284E-16
6.49087284E-16
6.49087284E-16
6.49087284E-16
6.49087284E-16
6.49087284E-16
6.49087284E-16
6.49087284E-16
6.49087284E-16
6.49087284E-16
6.49087284E-16
6.49087284E-16
6.49087284E-16
6.49087284E-16
6.49087284E-16
6.49087284E-16
6.49087284E-16
6.49087284E-16
6.49087284E-16
6.49087284E-16
6.49087284E-16
6.49087284E-16
7.30861955E-16
7.30861955E-16
7.30861955E-16
7.30861955E-16
7.30861955E-16
7.30861955E-16
7.30861955E-16
7.30861955E-16
7.30861955E-16
7.30861955E-16
7.30861955E-16
7.30861955E-16
7.30861955E-16
7.30861955E-16
7.30861955E-16
7.30861955E-16
7.30861955E-16
7.30861955E-16
7.30861955E-16
7.30861955E-16
7.30861955E-16
8.22938933E-16
8.22938933E-16
8.22938933E-16
8.22938933E-16
8.22938933E-16
8.22938933E-16
8.22938933E-16
8.22938933E-16
8.22938933E-16
8.22938933E-16
8.22938933E-16
8.22938933E-16
8.22938933E-16
8.22938933E-16
8.22938933E-16
8.22938933E-16
8.22938933E-16
8.22938933E-16
8.22938933E-16
8.22938933E-16
8.22938933E-16
8.22938933E-16
9.26616145E-16
9.26616145E-16
9.26616145E-16
9.26616145E-16
9.26616145E-16
9.26616145E-16
9.26616145E-16
9.26616145E-16
9.26616145E-16
9.26616145E-16
9.26616145E-16
9.26616145E-16
9.26616145E-16
9.26616145E-16
9.26616145E-16
9.26616145E-16
9.26616145E-16
9.26616145E-16
9.26616145E-16
9.26616145E-16
9.26616145E-16
1.04335504E-15
1.04335504E-15
1.04335504E-15
1.04335504E-15
1.04335504E-15
1.04335504E-15
1.04335504E-15
1.04335504E-15
1.04335504E-15
1.04335504E-15
1.04335504E-15
1.04335504E-15
1.04335504E-15
1.04335504E-15
1.04335504E-15
1.04335504E-15
1.04335504E-15
1.04335504E-15
1.04335504E-15
1.04335504E-15
1.04335504E-15
1.04335504E-15
1.17480117E-15
1.17480117E-15
1.17480117E-15
1.17480117E-15
1.17480117E-15
1.17480117E-15
1.17480117E-15
1.17480117E-15
1.17480117E-15
1.17480117E-15
1.17480117E-15
1.17480117E-15
1.17480117E-15
1.17480117E-15
1.17480117E-15
1.17480117E-15
1.17480117E-15
1.17480117E-15
1.17480117E-15
1.17480117E-15
1.17480117E-15
1.32280743E-15
1.32280743E-15
1.32280743E-15
1.32280743E-15
1.32280743E-15
1.32280743E-15
1.32280743E-15
1.32280743E-15
1.32280743E-15
1.32280743E-15
1.32280743E-15
1.32280743E-15
1.32280743E-15
1.32280743E-15
1.32280743E-15
1.32280743E-15
1.32280743E-15
1.32280743E-15
1.32280743E-15
1.32280743E-15
1.32280743E-15
1.32280743E-15
1.48946012E-15
1.48946012E-15
1.48946012E-15
1.48946012E-15
1.48946012E-15
1.48946012E-15
1.48946012E-15
1.48946012E-15
1.48946012E-15
1.48946012E-15
1.48946012E-15
1.48946012E-15
1.48946012E-15
1.48946012E-15
1.48946012E-15
1.48946012E-15
1.48946012E-15
1.48946012E-15
1.48946012E-15
1.48946012E-15
1.48946012E-15
1.67710839E-15
1.67710839E-15
1.67710839E-15
1.67710839E-15
1.67710839E-15
1.67710839E-15
1.67710839E-15
1.67710839E-15
1.67710839E-15
1.67710839E-15
1.67710839E-15
1.67710839E-15
1.67710839E-15
1.67710839E-15
1.67710839E-15
1.67710839E-15
1.67710839E-15
1.67710839E-15
1.67710839E-15
1.67710839E-15
1.67710839E-15
1.67710839E-15
1.88839737E-15
1.88839737E-15
1.88839737E-15
1.88839737E-15
1.88839737E-15
1.88839737E-15
1.88839737E-15
1.88839737E-15
1.88839737E-15
1.88839737E-15
1.88839737E-15
1.88839737E-15
1.88839737E-15
1.88839737E-15
1.88839737E-15
1.88839737E-15
1.88839737E-15
1.88839737E-15
1.88839737E-15
1.88839737E-15
1.88839737E-15
2.12630539E-15
2.12630539E-15
2.12630539E-15
2.12630539E-15
2.12630539E-15
2.12630539E-15
2.12630539E-15
2.12630539E-15
2.12630539E-15
2.12630539E-15
2.12630539E-15
2.12630539E-15
2.12630539E-15
2.12630539E-15
2.12630539E-15
2.12630539E-15
2.12630539E-15
2.12630539E-15
2.12630539E-15
2.12630539E-15
2.12630539E-15
2.12630539E-15
2.39418604E-15
2.39418604E-15
2.39418604E-15
2.39418604E-15
2.39418604E-15
2.39418604E-15
2.39418604E-15
2.39418604E-15
2.39418604E-15
2.39418604E-15
2.39418604E-15
2.39418604E-15
2.39418604E-15
2.39418604E-15
2.39418604E-15
2.39418604E-15
2.39418604E-15
2.39418604E-15
2.39418604E-15
2.39418604E-15
2.39418604E-15
2.69581539E-15
2.69581539E-15
2.69581539E-15
2.69581539E-15
2.69581539E-15
2.69581539E-15
2.69581539E-15
2.69581539E-15
2.69581539E-15
2.69581539E-15
2.69581539E-15
2.69581539E-15
2.69581539E-15
2.69581539E-15
2.69581539E-15
2.69581539E-15
2.69581539E-15
2.69581539E-15
2.69581539E-15
2.69581539E-15
2.69581539E-15
2.69581539E-15
3.03544524E-15
3.03544524E-15
3.03544524E-15
3.03544524E-15
3.03544524E-15
3.03544524E-15
3.03544524E-15
3.03544524E-15
3.03544524E-15
3.03544524E-15
3.03544524E-15
3.03544524E-15
3.03544524E-15
3.03544524E-15
3.03544524E-15
3.03544524E-15
3.03544524E-15
3.03544524E-15
3.03544524E-15
3.03544524E-15
3.03544524E-15
3.41786305E-15
3.41786305E-15
3.41786305E-15
3.41786305E-15
3.41786305E-15
3.41786305E-15
3.41786305E-15
3.41786305E-15
3.41786305E-15
3.41786305E-15
3.41786305E-15
3.41786305E-15
3.41786305E-15
3.41786305E-15
3.41786305E-15
3.41786305E-15
3.41786305E-15
3.41786305E-15
3.41786305E-15
3.41786305E-15
3.41786305E-15
3.41786305E-15
3.84845941E-15
3.84845941E-15
3.84845941E-15
3.84845941E-15
3.84845941E-15
3.84845941E-15
3.84845941E-15
3.84845941E-15
3.84845941E-15
3.84845941E-15
3.84845941E-15
3.84845941E-15
3.84845941E-15
3.84845941E-15
3.84845941E-15
3.84845941E-15
3.84845941E-15
3.84845941E-15
3.84845941E-15
3.84845941E-15
3.84845941E-15
4.33330407E-15
4.33330407E-15
4.33330407E-15
4.33330407E-15
4.33330407E-15
4.33330407E-15
4.33330407E-15
4.33330407E-15
4.33330407E-15
4.33330407E-15
4.33330407E-15
4.33330407E-15
4.33330407E-15
4.33330407E-15
4.33330407E-15
4.33330407E-15
4.33330407E-15
4.33330407E-15
4.33330407E-15
4.33330407E-15
4.33330407E-15
4.33330407E-15
4.87923144E-15
4.87923144E-15
4.87923144E-15
4.87923144E-15
4.87923144E-15
4.87923144E-15
4.87923144E-15
4.87923144E-15
4.87923144E-15
4.87923144E-15
4.87923144E-15
4.87923144E-15
4.87923144E-15
4.87923144E-15
4.87923144E-15
4.87923144E-15
4.87923144E-15
4.87923144E-15
4.87923144E-15
4.87923144E-15
4.87923144E-15
5.49393697E-15
5.49393697E-15
5.49393697E-15
5.49393697E-15
5.49393697E-15
5.49393697E-15
5.49393697E-15
5.49393697E-15
5.49393697E-15
5.49393697E-15
5.49393697E-15
5.49393697E-15
5.49393697E-15
5.49393697E-15
5.49393697E-15
5.49393697E-15
5.49393697E-15
5.49393697E-15
5.49393697E-15
5.49393697E-15
5.49393697E-15
5.49393697E-15
6.18608562E-15
6.18608562E-15
6.18608562E-15
6.18608562E-15
6.18608562E-15
6.18608562E-15
6.18608562E-15
6.18608562E-15
6.18608562E-15
6.18608562E-15
6.18608562E-15
6.18608562E-15
6.18608562E-15
6.18608562E-15
6.18608562E-15
6.18608562E-15
6.18608562E-15
6.18608562E-15
6.18608562E-15
6.18608562E-15
6.18608562E-15
6.96543399E-15
6.96543399E-15
6.96543399E-15
6.96543399E-15
6.96543399E-15
6.96543399E-15
6.96543399E-15
6.96543399E-15
6.96543399E-15
6.96543399E-15
6.96543399E-15
6.96543399E-15
6.96543399E-15
6.96543399E-15
6.96543399E-15
6.96543399E-15
6.96543399E-15
6.96543399E-15
6.96543399E-15
6.96543399E-15
6.96543399E-15
6.96543399E-15
7.84296785E-15
7.84296785E-15
7.84296785E-15
7.84296785E-15
7.84296785E-15
7.84296785E-15
7.84296785E-15
7.84296785E-15
7.84296785E-15
7.84296785E-15
7.84296785E-15
7.84296785E-15
7.84296785E-15
7.84296785E-15
7.84296785E-15
7.84296785E-15
7.84296785E-15
7.84296785E-15
7.84296785E-15
7.84296785E-15
7.84296785E-15
8.83105701E-15
8.83105701E-15
8.83105701E-15
8.83105701E-15
8.83105701E-15
8.83105701E-15
8.83105701E-15
8.83105701E-15
8.83105701E-15
8.83105701E-15
8.83105701E-15
8.83105701E-15
8.83105701E-15
8.83105701E-15
8.83105701E-15
8.83105701E-15
8.83105701E-15
8.83105701E-15
8.83105701E-15
8.83105701E-15
8.83105701E-15
8.83105701E-15
9.94362969E-15
9.94362969E-15
9.94362969E-15
9.94362969E-15
9.94362969E-15
9.94362969E-15
9.94362969E-15
9.94362969E-15
9.94362969E-15
9.94362969E-15
9.94362969E-15
9.94362969E-15
9.94362969E-15
9.94362969E-15
9.94362969E-15
9.94362969E-15
9.94362969E-15
9.94362969E-15
9.94362969E-15
9.94362969E-15
9.94362969E-15
1.11963688E-14
1.11963688E-14
1.11963688E-14
1.11963688E-14
1.11963688E-14
1.11963688E-14
1.11963688E-14
1.11963688E-14
1.11963688E-14
1.11963688E-14
1.11963688E-14
1.11963688E-14
1.11963688E-14
1.11963688E-14
1.11963688E-14
1.11963688E-14
1.11963688E-14
1.11963688E-14
1.11963688E-14
1.11963688E-14
1.11963688E-14
1.11963688E-14
1.26069332E-14
1.26069332E-14
1.26069332E-14
1.26069332E-14
1.26069332E-14
1.26069332E-14
1.26069332E-14
1.26069332E-14
1.26069332E-14
1.26069332E-14
1.26069332E-14
1.26069332E-14
1.26069332E-14
1.26069332E-14
1.26069332E-14
1.26069332E-14
1.26069332E-14
1.26069332E-14
1.26069332E-14
1.26069332E-14
1.26069332E-14
1.41952062E-14
1.41952062E-14
1.41952062E-14
1.41952062E-14
1.41952062E-14
1.41952062E-14
1.41952062E-14
1.41952062E-14
1.41952062E-14
1.41952062E-14
1.41952062E-14
1.41952062E-14
1.41952062E-14
1.41952062E-14
1.41952062E-14
1.41952062E-14
1.41952062E-14
1.41952062E-14
1.41952062E-14
1.41952062E-14
1.41952062E-14
1.41952062E-14
1.59835763E-14
1.59835763E-14
1.59835763E-14
1.59835763E-14
1.59835763E-14
1.59835763E-14
1.59835763E-14
1.59835763E-14
1.59835763E-14
1.59835763E-14
1.59835763E-14
1.59835763E-14
1.59835763E-14
1.59835763E-14
1.59835763E-14
1.59835763E-14
1.59835763E-14
1.59835763E-14
1.59835763E-14
1.59835763E-14
1.59835763E-14
1.79972526E-14
1.79972526E-14
1.79972526E-14
1.79972526E-14
1.79972526E-14
1.79972526E-14
1.79972526E-14
1.79972526E-14
1.79972526E-14
1.79972526E-14
1.79972526E-14
1.79972526E-14
1.79972526E-14
1.79972526E-14
1.79972526E-14
1.79972526E-14
1.79972526E-14
1.79972526E-14
1.79972526E-14
1.79972526E-14
1.79972526E-14
1.79972526E-14
2.02646201E-14
2.02646201E-14
2.02646201E-14
2.02646201E-14
2.02646201E-14
2.02646201E-14
2.02646201E-14
2.02646201E-14
2.02646201E-14
2.02646201E-14
2.02646201E-14
2.02646201E-14
2.02646201E-14
2.02646201E-14
2.02646201E-14
2.02646201E-14
2.02646201E-14
2.02646201E-14
2.02646201E-14
2.02646201E-14
2.02646201E-14
2.28176398E-14
2.28176398E-14
2.28176398E-14
2.28176398E-14
2.28176398E-14
2.28176398E-14
2.28176398E-14
2.28176398E-14
2.28176398E-14
2.28176398E-14
2.28176398E-14
2.28176398E-14
2.28176398E-14
2.28176398E-14
2.28176398E-14
2.28176398E-14
2.28176398E-14
2.28176398E-14
2.28176398E-14
2.28176398E-14
2.28176398E-14
2.28176398E-14
2.56922994E-14
2.56922994E-14
2.56922994E-14
2.56922994E-14
2.56922994E-14
2.56922994E-14
2.56922994E-14
2.56922994E-14
2.56922994E-14
2.56922994E-14
2.56922994E-14
2.56922994E-14
2.56922994E-14
2.56922994E-14
2.56922994E-14
2.56922994E-14
2.56922994E-14
2.56922994E-14
2.56922994E-14
2.56922994E-14
2.56922994E-14
2.89291203E-14
2.89291203E-14
2.89291203E-14
2.89291203E-14
2.89291203E-14
2.89291203E-14
2.89291203E-14
2.89291203E-14
2.89291203E-14
2.89291203E-14
2.89291203E-14
2.89291203E-14
2.89291203E-14
2.89291203E-14
2.89291203E-14
2.89291203E-14
2.89291203E-14
2.89291203E-14
2.89291203E-14
2.89291203E-14
2.89291203E-14
2.89291203E-14
3.25737292E-14
3.25737292E-14
3.25737292E-14
3.25737292E-14
3.25737292E-14
3.25737292E-14
3.25737292E-14
3.25737292E-14
3.25737292E-14
3.25737292E-14
3.25737292E-14
3.25737292E-14
3.25737292E-14
3.25737292E-14
3.25737292E-14
3.25737292E-14
3.25737292E-14
3.25737292E-14
3.25737292E-14
3.25737292E-14
3.25737292E-14
3.66775009E-14
3.66775009E-14
3.66775009E-14
3.66775009E-14
3.66775009E-14
3.66775009E-14
3.66775009E-14
3.66775009E-14
3.66775009E-14
3.66775009E-14
3.66775009E-14
3.66775009E-14
3.66775009E-14
3.66775009E-14
3.66775009E-14
3.66775009E-14
3.66775009E-14
3.66775009E-14
3.66775009E-14
3.66775009E-14
3.66775009E-14
3.66775009E-14
4.12982824E-14
4.12982824E-14
4.12982824E-14
4.12982824E-14
4.12982824E-14
4.12982824E-14
4.12982824E-14
4.12982824E-14
4.12982824E-14
4.12982824E-14
4.12982824E-14
4.12982824E-14
4.12982824E-14
4.12982824E-14
4.12982824E-14
4.12982824E-14
4.12982824E-14
4.12982824E-14
4.12982824E-14
4.12982824E-14
4.12982824E-14
4.65012090E-14
4.65012090E-14
4.65012090E-14
4.65012090E-14
4.65012090E-14
4.65012090E-14
4.65012090E-14
4.65012090E-14
4.65012090E-14
4.65012090E-14
4.65012090E-14
4.65012090E-14
4.65012090E-14
4.65012090E-14
4.65012090E-14
4.65012090E-14
4.65012090E-14
4.65012090E-14
4.65012090E-14
4.65012090E-14
4.65012090E-14
4.65012090E-14
5.23596215E-14
5.23596215E-14
5.23596215E-14
5.23596215E-14
5.23596215E-14
5.23596215E-14
5.23596215E-14
5.23596215E-14
5.23596215E-14
5.23596215E-14
5.23596215E-14
5.23596215E-14
5.23596215E-14
5.23596215E-14
5.23596215E-14
5.23596215E-14
5.23596215E-14
5.23596215E-14
5.23596215E-14
5.23596215E-14
5.23596215E-14
5.89561007E-14
5.89561007E-14
5.89561007E-14
5.89561007E-14
5.89561007E-14
5.89561007E-14
5.89561007E-14
5.89561007E-14
5.89561007E-14
5.89561007E-14
5.89561007E-14
5.89561007E-14
5.89561007E-14
5.89561007E-14
5.89561007E-14
5.89561007E-14
5.89561007E-14
5.89561007E-14
5.89561007E-14
5.89561007E-14
5.89561007E-14
5.89561007E-14
6.63836314E-14
6.63836314E-14
6.63836314E-14
6.63836314E-14
6.63836314E-14
6.63836314E-14
6.63836314E-14
6.63836314E-14
6.63836314E-14
6.63836314E-14
6.63836314E-14
6.63836314E-14
6.63836314E-14
6.63836314E-14
6.63836314E-14
6.63836314E-14
6.63836314E-14
6.63836314E-14
6.63836314E-14
6.63836314E-14
6.63836314E-14
7.47469128E-14
7.47469128E-14
7.47469128E-14
7.47469128E-14
7.47469128E-14
7.47469128E-14
7.47469128E-14
7.47469128E-14
7.47469128E-14
7.47469128E-14
7.47469128E-14
7.47469128E-14
7.47469128E-14
7.47469128E-14
7.47469128E-14
7.47469128E-14
7.47469128E-14
7.47469128E-14
7.47469128E-14
7.47469128E-14
7.47469128E-14
7.47469128E-14
8.41638346E-14
8.41638346E-14
8.41638346E-14
8.41638346E-14
8.41638346E-14
8.41638346E-14
8.41638346E-14
8.41638346E-14
8.41638346E-14
8.41638346E-14
8.41638346E-14
8.41638346E-14
8.41638346E-14
8.41638346E-14
8.41638346E-14
8.41638346E-14
8.41638346E-14
8.41638346E-14
8.41638346E-14
8.41638346E-14
8.41638346E-14
9.47671387E-14
9.47671387E-14
9.47671387E-14
9.47671387E-14
9.47671387E-14
9.47671387E-14
9.47671387E-14
9.47671387E-14
9.47671387E-14
9.47671387E-14
9.47671387E-14
9.47671387E-14
9.47671387E-14
9.47671387E-14
9.47671387E-14
9.47671387E-14
9.47671387E-14
9.47671387E-14
9.47671387E-14
9.47671387E-14
9.47671387E-14
9.47671387E-14
1.06706290E-13
1.06706290E-13
1.06706290E-13
1.06706290E-13
1.06706290E-13
1.06706290E-13
1.06706290E-13
1.06706290E-13
1.06706290E-13
1.06706290E-13
1.06706290E-13
1.06706290E-13
1.06706290E-13
1.06706290E-13
1.06706290E-13
1.06706290E-13
1.06706290E-13
1.06706290E-13
1.06706290E-13
1.06706290E-13
1.06706290E-13
1.20149585E-13
1.20149585E-13
1.20149585E-13
1.20149585E-13
1.20149585E-13
1.20149585E-13
1.20149585E-13
1.20149585E-13
1.20149585E-13
1.20149585E-13
1.20149585E-13
1.20149585E-13
1.20149585E-13
1.20149585E-13
1.20149585E-13
1.20149585E-13
1.20149585E-13
1.20149585E-13
1.20149585E-13
1.20149585E-13
1.20149585E-13
1.20149585E-13
1.35286521E-13
1.35286521E-13
1.35286521E-13
1.35286521E-13
1.35286521E-13
1.35286521E-13
1.35286521E-13
1.35286521E-13
1.35286521E-13
1.35286521E-13
1.35286521E-13
1.35286521E-13
1.35286521E-13
1.35286521E-13
1.35286521E-13
1.35286521E-13
1.35286521E-13
1.35286521E-13
1.35286521E-13
1.35286521E-13
1.35286521E-13
1.52330471E-13
1.52330471E-13
1.52330471E-13
1.52330471E-13
1.52330471E-13
1.52330471E-13
1.52330471E-13
1.52330471E-13
1.52330471E-13
1.52330471E-13
1.52330471E-13
1.52330471E-13
1.52330471E-13
1.52330471E-13
1.52330471E-13
1.52330471E-13
1.52330471E-13
1.52330471E-13
1.52330471E-13
1.52330471E-13
1.52330471E-13
1.52330471E-13
1.71521686E-13
1.71521686E-13
1.71521686E-13
1.71521686E-13
1.71521686E-13
1.71521686E-13
1.71521686E-13
1.71521686E-13
1.71521686E-13
1.71521686E-13
1.71521686E-13
1.71521686E-13
1.71521686E-13
1.71521686E-13
1.71521686E-13
1.71521686E-13
1.71521686E-13
1.71521686E-13
1.71521686E-13
1.71521686E-13
1.71521686E-13
1.93130690E-13
1.93130690E-13
1.93130690E-13
1.93130690E-13
1.93130690E-13
1.93130690E-13
1.93130690E-13
1.93130690E-13
1.93130690E-13
1.93130690E-13
1.93130690E-13
1.93130690E-13
1.93130690E-13
1.93130690E-13
1.93130690E-13
1.93130690E-13
1.93130690E-13
1.93130690E-13
1.93130690E-13
1.93130690E-13
1.93130690E-13
1.93130690E-13
2.17462084E-13
2.17462084E-13
2.17462084E-13
2.17462084E-13
2.17462084E-13
2.17462084E-13
2.17462084E-13
2.17462084E-13
2.17462084E-13
2.17462084E-13
2.17462084E-13
2.17462084E-13
2.17462084E-13
2.17462084E-13
2.17462084E-13
2.17462084E-13
2.17462084E-13
2.17462084E-13
2.17462084E-13
2.17462084E-13
2.17462084E-13
2.44858847E-13
2.44858847E-13
2.44858847E-13
2.44858847E-13
2.44858847E-13
2.44858847E-13
2.44858847E-13
2.44858847E-13
2.44858847E-13
2.44858847E-13
2.44858847E-13
2.44858847E-13
2.44858847E-13
2.44858847E-13
2.44858847E-13
2.44858847E-13
2.44858847E-13
2.44858847E-13
2.44858847E-13
2.44858847E-13
2.44858847E-13
2.44858847E-13
2.75707166E-13
2.75707166E-13
2.75707166E-13
2.75707166E-13
2.75707166E-13
2.75707166E-13
2.75707166E-13
2.75707166E-13
2.75707166E-13
2.75707166E-13
2.75707166E-13
2.75707166E-13
2.75707166E-13
2.75707166E-13
2.75707166E-13
2.75707166E-13
2.75707166E-13
2.75707166E-13
2.75707166E-13
2.75707166E-13
2.75707166E-13
3.10441882E-13
3.10441882E-13
3.10441882E-13
3.10441882E-13
3.10441882E-13
3.10441882E-13
3.10441882E-13
3.10441882E-13
3.10441882E-13
3.10441882E-13
3.10441882E-13
3.10441882E-13
3.10441882E-13
3.10441882E-13
3.10441882E-13
3.10441882E-13
3.10441882E-13
3.10441882E-13
3.10441882E-13
3.10441882E-13
3.10441882E-13
3.10441882E-13
3.49552620E-13
3.49552620E-13
3.49552620E-13
3.49552620E-13
3.49552620E-13
3.49552620E-13
3.49552620E-13
3.49552620E-13
3.49552620E-13
3.49552620E-13
3.49552620E-13
3.49552620E-13
3.49552620E-13
3.49552620E-13
3.49552620E-13
3.49552620E-13
3.49552620E-13
3.49552620E-13
3.49552620E-13
3.49552620E-13
3.49552620E-13
3.93590689E-13
3.93590689E-13
3.93590689E-13
3.93590689E-13
3.93590689E-13
3.93590689E-13
3.93590689E-13
3.93590689E-13
3.93590689E-13
3.93590689E-13
3.93590689E-13
3.93590689E-13
3.93590689E-13
3.93590689E-13
3.93590689E-13
3.93590689E-13
3.93590689E-13
3.93590689E-13
3.93590689E-13
3.93590689E-13
3.93590689E-13
3.93590689E-13
4.43176853E-13
4.43176853E-13
4.43176853E-13
4.43176853E-13
4.43176853E-13
4.43176853E-13
4.43176853E-13
4.43176853E-13
4.43176853E-13
4.43176853E-13
4.43176853E-13
4.43176853E-13
4.43176853E-13
4.43176853E-13
4.43176853E-13
4.43176853E-13
4.43176853E-13
4.43176853E-13
4.43176853E-13
4.43176853E-13
4.43176853E-13
4.99010086E-13
4.99010086E-13
4.99010086E-13
4.99010086E-13
4.99010086E-13
4.99010086E-13
4.99010086E-13
4.99010086E-13
4.99010086E-13
4.99010086E-13
4.99010086E-13
4.99010086E-13
4.99010086E-13
4.99010086E-13
4.99010086E-13
4.99010086E-13
4.99010086E-13
4.99010086E-13
4.99010086E-13
4.99010086E-13
4.99010086E-13
4.99010086E-13
5.61877417E-13
5.61877417E-13
5.61877417E-13
5.61877417E-13
5.61877417E-13
5.61877417E-13
5.61877417E-13
5.61877417E-13
5.61877417E-13
5.61877417E-13
5.61877417E-13
5.61877417E-13
5.61877417E-13
5.61877417E-13
5.61877417E-13
5.61877417E-13
5.61877417E-13
5.61877417E-13
5.61877417E-13
5.61877417E-13
5.61877417E-13
6.32665032E-13
6.32665032E-13
6.32665032E-13
6.32665032E-13
6.32665032E-13
6.32665032E-13
6.32665032E-13
6.32665032E-13
6.32665032E-13
6.32665032E-13
6.32665032E-13
6.32665032E-13
6.32665032E-13
6.32665032E-13
6.32665032E-13
6.32665032E-13
6.32665032E-13
6.32665032E-13
6.32665032E-13
6.32665032E-13
6.32665032E-13
6.32665032E-13
7.12370761E-13
7.12370761E-13
7.12370761E-13
7.12370761E-13
7.12370761E-13
7.12370761E-13
7.12370761E-13
7.12370761E-13
7.12370761E-13
7.12370761E-13
7.12370761E-13
7.12370761E-13
7.12370761E-13
7.12370761E-13
7.12370761E-13
7.12370761E-13
7.12370761E-13
7.12370761E-13
7.12370761E-13
7.12370761E-13
7.12370761E-13
8.02118143E-13
8.02118143E-13
8.02118143E-13
8.02118143E-13
8.02118143E-13
8.02118143E-13
8.02118143E-13
8.02118143E-13
8.02118143E-13
8.02118143E-13
8.02118143E-13
8.02118143E-13
8.02118143E-13
8.02118143E-13
8.02118143E-13
8.02118143E-13
8.02118143E-13
8.02118143E-13
8.02118143E-13
8.02118143E-13
8.02118143E-13
8.02118143E-13
9.03172267E-13
9.03172267E-13
9.03172267E-13
9.03172267E-13
9.03172267E-13
9.03172267E-13
9.03172267E-13
9.03172267E-13
9.03172267E-13
9.03172267E-13
9.03172267E-13
9.03172267E-13
9.03172267E-13
9.03172267E-13
9.03172267E-13
9.03172267E-13
9.03172267E-13
9.03172267E-13
9.03172267E-13
9.03172267E-13
9.03172267E-13
1.01695760E-12
1.01695760E-12
1.01695760E-12
1.01695760E-12
1.01695760E-12
1.01695760E-12
1.01695760E-12
1.01695760E-12
1.01695760E-12
1.01695760E-12
1.01695760E-12
1.01695760E-12
1.01695760E-12
1.01695760E-12
1.01695760E-12
1.01695760E-12
1.01695760E-12
1.01695760E-12
1.01695760E-12
1.01695760E-12
1.01695760E-12
1.01695760E-12
1.14507808E-12
1.14507808E-12
1.14507808E-12
1.14507808E-12
1.14507808E-12
1.14507808E-12
1.14507808E-12
1.14507808E-12
1.14507808E-12
1.14507808E-12
1.14507808E-12
1.14507808E-12
1.14507808E-12
1.14507808E-12
1.14507808E-12
1.14507808E-12
1.14507808E-12
1.14507808E-12
1.14507808E-12
1.14507808E-12
1.14507808E-12
1.28933970E-12
1.28933970E-12
1.28933970E-12
1.28933970E-12
1.28933970E-12
1.28933970E-12
1.28933970E-12
1.28933970E-12
1.28933970E-12
1.28933970E-12
1.28933970E-12
1.28933970E-12
1.28933970E-12
1.28933970E-12
1.28933970E-12
1.28933970E-12
1.28933970E-12
1.28933970E-12
1.28933970E-12
1.28933970E-12
1.28933970E-12
1.28933970E-12
1.45177599E-12
1.45177599E-12
1.45177599E-12
1.45177599E-12
1.45177599E-12
1.45177599E-12
1.45177599E-12
1.45177599E-12
1.45177599E-12
1.45177599E-12
1.45177599E-12
1.45177599E-12
1.45177599E-12
1.45177599E-12
1.45177599E-12
1.45177599E-12
1.45177599E-12
1.45177599E-12
1.45177599E-12
1.45177599E-12
1.45177599E-12
1.63467667E-12
1.63467667E-12
1.63467667E-12
1.63467667E-12
1.63467667E-12
1.63467667E-12
1.63467667E-12
1.63467667E-12
1.63467667E-12
1.63467667E-12
1.63467667E-12
1.63467667E-12
1.63467667E-12
1.63467667E-12
1.63467667E-12
1.63467667E-12
1.63467667E-12
1.63467667E-12
1.63467667E-12
1.63467667E-12
1.63467667E-12
1.63467667E-12
1.84061992E-12
1.84061992E-12
1.84061992E-12
1.84061992E-12
1.84061992E-12
1.84061992E-12
1.84061992E-12
1.84061992E-12
1.84061992E-12
1.84061992E-12
1.84061992E-12
1.84061992E-12
1.84061992E-12
1.84061992E-12
1.84061992E-12
1.84061992E-12
1.84061992E-12
1.84061992E-12
1.84061992E-12
1.84061992E-12
1.84061992E-12
2.07250874E-12
2.07250874E-12
2.07250874E-12
2.07250874E-12
2.07250874E-12
2.07250874E-12
2.07250874E-12
2.07250874E-12
2.07250874E-12
2.07250874E-12
2.07250874E-12
2.07250874E-12
2.07250874E-12
2.07250874E-12
2.07250874E-12
2.07250874E-12
2.07250874E-12
2.07250874E-12
2.07250874E-12
2.07250874E-12
2.07250874E-12
2.07250874E-12
2.33361187E-12
2.33361187E-12
2.33361187E-12
2.33361187E-12
2.33361187E-12
2.33361187E-12
2.33361187E-12
2.33361187E-12
2.33361187E-12
2.33361187E-12
2.33361187E-12
2.33361187E-12
2.33361187E-12
2.33361187E-12
2.33361187E-12
2.33361187E-12
2.33361187E-12
2.33361187E-12
2.33361187E-12
2.33361187E-12
2.33361187E-12
2.62760984E-12
2.62760984E-12
2.62760984E-12
2.62760984E-12
2.62760984E-12
2.62760984E-12
2.62760984E-12
2.62760984E-12
2.62760984E-12
2.62760984E-12
2.62760984E-12
2.62760984E-12
2.62760984E-12
2.62760984E-12
2.62760984E-12
2.62760984E-12
2.62760984E-12
2.62760984E-12
2.62760984E-12
2.62760984E-12
2.62760984E-12
2.62760984E-12
2.95864687E-12
2.95864687E-12
2.95864687E-12
2.95864687E-12
2.95864687E-12
2.95864687E-12
2.95864687E-12
2.95864687E-12
2.95864687E-12
2.95864687E-12
2.95864687E-12
2.95864687E-12
2.95864687E-12
2.95864687E-12
2.95864687E-12
2.95864687E-12
2.95864687E-12
2.95864687E-12
2.95864687E-12
2.95864687E-12
2.95864687E-12
3.33138931E-12
3.33138931E-12
3.33138931E-12
3.33138931E-12
3.33138931E-12
3.33138931E-12
3.33138931E-12
3.33138931E-12
3.33138931E-12
3.33138931E-12
3.33138931E-12
3.33138931E-12
3.33138931E-12
3.33138931E-12
3.33138931E-12
3.33138931E-12
3.33138931E-12
3.33138931E-12
3.33138931E-12
3.33138931E-12
3.33138931E-12
3.33138931E-12
3.75109135E-12
3.75109135E-12
3.75109135E-12
3.75109135E-12
3.75109135E-12
3.75109135E-12
3.75109135E-12
3.75109135E-12
3.75109135E-12
3.75109135E-12
3.75109135E-12
3.75109135E-12
3.75109135E-12
3.75109135E-12
3.75109135E-12
3.75109135E-12
3.75109135E-12
3.75109135E-12
3.75109135E-12
3.75109135E-12
3.75109135E-12
4.22366918E-12
4.22366918E-12
4.22366918E-12
4.22366918E-12
4.22366918E-12
4.22366918E-12
4.22366918E-12
4.22366918E-12
4.22366918E-12
4.22366918E-12
4.22366918E-12
4.22366918E-12
4.22366918E-12
4.22366918E-12
4.22366918E-12
4.22366918E-12
4.22366918E-12
4.22366918E-12
4.22366918E-12
4.22366918E-12
4.22366918E-12
4.22366918E-12
4.75578430E-12
4.75578430E-12
4.75578430E-12
4.75578430E-12
4.75578430E-12
4.75578430E-12
4.75578430E-12
4.75578430E-12
4.75578430E-12
4.75578430E-12
4.75578430E-12
4.75578430E-12
4.75578430E-12
4.75578430E-12
4.75578430E-12
4.75578430E-12
4.75578430E-12
4.75578430E-12
4.75578430E-12
4.75578430E-12
4.75578430E-12
5.35493746E-12
5.35493746E-12
5.35493746E-12
5.35493746E-12
5.35493746E-12
5.35493746E-12
5.35493746E-12
5.35493746E-12
5.35493746E-12
5.35493746E-12
5.35493746E-12
5.35493746E-12
5.35493746E-12
5.35493746E-12
5.35493746E-12
5.35493746E-12
5.35493746E-12
5.35493746E-12
5.35493746E-12
5.35493746E-12
5.35493746E-12
5.35493746E-12
6.02957438E-12
6.02957438E-12
6.02957438E-12
6.02957438E-12
6.02957438E-12
6.02957438E-12
6.02957438E-12
6.02957438E-12
6.02957438E-12
6.02957438E-12
6.02957438E-12
6.02957438E-12
6.02957438E-12
6.02957438E-12
6.02957438E-12
6.02957438E-12
6.02957438E-12
6.02957438E-12
6.02957438E-12
6.02957438E-12
6.02957438E-12
6.78920482E-12
6.78920482E-12
6.78920482E-12
6.78920482E-12
6.78920482E-12
6.78920482E-12
6.78920482E-12
6.78920482E-12
6.78920482E-12
6.78920482E-12
6.78920482E-12
6.78920482E-12
6.78920482E-12
6.78920482E-12
6.78920482E-12
6.78920482E-12
6.78920482E-12
6.78920482E-12
6.78920482E-12
6.78920482E-12
6.78920482E-12
6.78920482E-12
7.64453661E-12
7.64453661E-12
7.64453661E-12
7.64453661E-12
7.64453661E-12
7.64453661E-12
7.64453661E-12
7.64453661E-12
7.64453661E-12
7.64453661E-12
7.64453661E-12
7.64453661E-12
7.64453661E-12
7.64453661E-12
7.64453661E-12
7.64453661E-12
7.64453661E-12
7.64453661E-12
7.64453661E-12
7.64453661E-12
7.64453661E-12
8.60762660E-12
8.60762660E-12
8.60762660E-12
8.60762660E-12
8.60762660E-12
8.60762660E-12
8.60762660E-12
8.60762660E-12
8.60762660E-12
8.60762660E-12
8.60762660E-12
8.60762660E-12
8.60762660E-12
8.60762660E-12
8.60762660E-12
8.60762660E-12
8.60762660E-12
8.60762660E-12
8.60762660E-12
8.60762660E-12
8.60762660E-12
8.60762660E-12
9.69205060E-12
9.69205060E-12
9.69205060E-12
9.69205060E-12
9.69205060E-12
9.69205060E-12
9.69205060E-12
9.69205060E-12
9.69205060E-12
9.69205060E-12
9.69205060E-12
9.69205060E-12
9.69205060E-12
9.69205060E-12
9.69205060E-12
9.69205060E-12
9.69205060E-12
9.69205060E-12
9.69205060E-12
9.69205060E-12
9.69205060E-12
1.09130948E-11
1.09130948E-11
1.09130948E-11
1.09130948E-11
1.09130948E-11
1.09130948E-11
1.09130948E-11
1.09130948E-11
1.09130948E-11
1.09130948E-11
1.09130948E-11
1.09130948E-11
1.09130948E-11
1.09130948E-11
1.09130948E-11
1.09130948E-11
1.09130948E-11
1.09130948E-11
1.09130948E-11
1.09130948E-11
1.09130948E-11
1.09130948E-11
1.22879711E-11
1.22879711E-11
1.22879711E-11
1.22879711E-11
1.22879711E-11
1.22879711E-11
1.22879711E-11
1.22879711E-11
1.22879711E-11
1.22879711E-11
1.22879711E-11
1.22879711E-11
1.22879711E-11
1.22879711E-11
1.22879711E-11
1.22879711E-11
1.22879711E-11
1.22879711E-11
1.22879711E-11
1.22879711E-11
1.22879711E-11
1.38360599E-11
1.38360599E-11
1.38360599E-11
1.38360599E-11
1.38360599E-11
1.38360599E-11
1.38360599E-11
1.38360599E-11
1.38360599E-11
1.38360599E-11
1.38360599E-11
1.38360599E-11
1.38360599E-11
1.38360599E-11
1.38360599E-11
1.38360599E-11
1.38360599E-11
1.38360599E-11
1.38360599E-11
1.38360599E-11
1.38360599E-11
1.38360599E-11
1.55791834E-11
1.55791834E-11
1.55791834E-11
1.55791834E-11
1.55791834E-11
1.55791834E-11
1.55791834E-11
1.55791834E-11
1.55791834E-11
1.55791834E-11
1.55791834E-11
1.55791834E-11
1.55791834E-11
1.55791834E-11
1.55791834E-11
1.55791834E-11
1.55791834E-11
1.55791834E-11
1.55791834E-11
1.55791834E-11
1.55791834E-11
1.75419126E-11
1.75419126E-11
1.75419126E-11
1.75419126E-11
1.75419126E-11
1.75419126E-11
1.75419126E-11
1.75419126E-11
1.75419126E-11
1.75419126E-11
1.75419126E-11
1.75419126E-11
1.75419126E-11
1.75419126E-11
1.75419126E-11
1.75419126E-11
1.75419126E-11
1.75419126E-11
1.75419126E-11
1.75419126E-11
1.75419126E-11
1.75419126E-11
1.97519145E-11
1.97519145E-11
1.97519145E-11
1.97519145E-11
1.97519145E-11
1.97519145E-11
1.97519145E-11
1.97519145E-11
1.97519145E-11
1.97519145E-11
1.97519145E-11
1.97519145E-11
1.97519145E-11
1.97519145E-11
1.97519145E-11
1.97519145E-11
1.97519145E-11
1.97519145E-11
1.97519145E-11
1.97519145E-11
1.97519145E-11
2.22403415E-11
2.22403415E-11
2.22403415E-11
2.22403415E-11
2.22403415E-11
2.22403415E-11
2.22403415E-11
2.22403415E-11
2.22403415E-11
2.22403415E-11
2.22403415E-11
2.22403415E-11
2.22403415E-11
2.22403415E-11
2.22403415E-11
2.22403415E-11
2.22403415E-11
2.22403415E-11
2.22403415E-11
2.22403415E-11
2.22403415E-11
2.22403415E-11
2.50422706E-11
2.50422706E-11
2.50422706E-11
2.50422706E-11
2.50422706E-11
2.50422706E-11
2.50422706E-11
2.50422706E-11
2.50422706E-11
2.50422706E-11
2.50422706E-11
2.50422706E-11
2.50422706E-11
2.50422706E-11
2.50422706E-11
2.50422706E-11
2.50422706E-11
2.50422706E-11
2.50422706E-11
2.50422706E-11
2.50422706E-11
2.81971983E-11
2.81971983E-11
2.81971983E-11
2.81971983E-11
2.81971983E-11
2.81971983E-11
2.81971983E-11
2.81971983E-11
2.81971983E-11
2.81971983E-11
2.81971983E-11
2.81971983E-11
2.81971983E-11
2.81971983E-11
2.81971983E-11
2.81971983E-11
2.81971983E-11
2.81971983E-11
2.81971983E-11
2.81971983E-11
2.81971983E-11
2.81971983E-11
3.17495967E-11
3.17495967E-11
3.17495967E-11
3.17495967E-11
3.17495967E-11
3.17495967E-11
3.17495967E-11
3.17495967E-11
3.17495967E-11
3.17495967E-11
3.17495967E-11
3.17495967E-11
3.17495967E-11
3.17495967E-11
3.17495967E-11
3.17495967E-11
3.17495967E-11
3.17495967E-11
3.17495967E-11
3.17495967E-11
3.17495967E-11
3.57495407E-11
3.57495407E-11
3.57495407E-11
3.57495407E-11
3.57495407E-11
3.57495407E-11
3.57495407E-11
3.57495407E-11
3.57495407E-11
3.57495407E-11
3.57495407E-11
3.57495407E-11
3.57495407E-11
3.57495407E-11
3.57495407E-11
3.57495407E-11
3.57495407E-11
3.57495407E-11
3.57495407E-11
3.57495407E-11
3.57495407E-11
3.57495407E-11
4.02534141E-11
4.02534141E-11
4.02534141E-11
4.02534141E-11
4.02534141E-11
4.02534141E-11
4.02534141E-11
4.02534141E-11
4.02534141E-11
4.02534141E-11
4.02534141E-11
4.02534141E-11
4.02534141E-11
4.02534141E-11
4.02534141E-11
4.02534141E-11
4.02534141E-11
4.02534141E-11
4.02534141E-11
4.02534141E-11
4.02534141E-11
4.53247038E-11
4.53247038E-11
4.53247038E-11
4.53247038E-11
4.53247038E-11
4.53247038E-11
4.53247038E-11
4.53247038E-11
4.53247038E-11
4.53247038E-11
4.53247038E-11
4.53247038E-11
4.53247038E-11
4.53247038E-11
4.53247038E-11
4.53247038E-11
4.53247038E-11
4.53247038E-11
4.53247038E-11
4.53247038E-11
4.53247038E-11
4.53247038E-11
5.10348953E-11
5.10348953E-11
5.10348953E-11
5.10348953E-11
5.10348953E-11
5.10348953E-11
5.10348953E-11
5.10348953E-11
5.10348953E-11
5.10348953E-11
5.10348953E-11
5.10348953E-11
5.10348953E-11
5.10348953E-11
5.10348953E-11
5.10348953E-11
5.10348953E-11
5.10348953E-11
5.10348953E-11
5.10348953E-11
5.10348953E-11
5.74644802E-11
5.74644802E-11
5.74644802E-11
5.74644802E-11
5.74644802E-11
5.74644802E-11
5.74644802E-11
5.74644802E-11
5.74644802E-11
5.74644802E-11
5.74644802E-11
5.74644802E-11
5.74644802E-11
5.74644802E-11
5.74644802E-11
5.74644802E-11
5.74644802E-11
5.74644802E-11
5.74644802E-11
5.74644802E-11
5.74644802E-11
5.74644802E-11
6.47040904E-11
6.47040904E-11
6.47040904E-11
6.47040904E-11
6.47040904E-11
6.47040904E-11
6.47040904E-11
6.47040904E-11
6.47040904E-11
6.47040904E-11
6.47040904E-11
6.47040904E-11
6.47040904E-11
6.47040904E-11
6.47040904E-11
6.47040904E-11
6.47040904E-11
6.47040904E-11
6.47040904E-11
6.47040904E-11
6.47040904E-11
7.28557763E-11
7.28557763E-11
7.28557763E-11
7.28557763E-11
7.28557763E-11
7.28557763E-11
7.28557763E-11
7.28557763E-11
7.28557763E-11
7.28557763E-11
7.28557763E-11
7.28557763E-11
7.28557763E-11
7.28557763E-11
7.28557763E-11
7.28557763E-11
7.28557763E-11
7.28557763E-11
7.28557763E-11
7.28557763E-11
7.28557763E-11
7.28557763E-11
8.20344450E-11
8.20344450E-11
8.20344450E-11
8.20344450E-11
8.20344450E-11
8.20344450E-11
8.20344450E-11
8.20344450E-11
8.20344450E-11
8.20344450E-11
8.20344450E-11
8.20344450E-11
8.20344450E-11
8.20344450E-11
8.20344450E-11
8.20344450E-11
8.20344450E-11
8.20344450E-11
8.20344450E-11
8.20344450E-11
8.20344450E-11
9.23694799E-11
9.23694799E-11
9.23694799E-11
9.23694799E-11
9.23694799E-11
9.23694799E-11
9.23694799E-11
9.23694799E-11
9.23694799E-11
9.23694799E-11
9.23694799E-11
9.23694799E-11
9.23694799E-11
9.23694799E-11
9.23694799E-11
9.23694799E-11
9.23694799E-11
9.23694799E-11
9.23694799E-11
9.23694799E-11
9.23694799E-11
9.23694799E-11
1.04006565E-10
1.04006565E-10
1.04006565E-10
1.04006565E-10
1.04006565E-10
1.04006565E-10
1.04006565E-10
1.04006565E-10
1.04006565E-10
1.04006565E-10
1.04006565E-10
1.04006565E-10
1.04006565E-10
1.04006565E-10
1.04006565E-10
1.04006565E-10
1.04006565E-10
1.04006565E-10
1.04006565E-10
1.04006565E-10
1.04006565E-10
1.17109737E-10
1.17109737E-10
1.17109737E-10
1.17109737E-10
1.17109737E-10
1.17109737E-10
1.17109737E-10
1.17109737E-10
1.17109737E-10
1.17109737E-10
1.17109737E-10
1.17109737E-10
1.17109737E-10
1.17109737E-10
1.17109737E-10
1.17109737E-10
1.17109737E-10
1.17109737E-10
1.17109737E-10
1.17109737E-10
1.17109737E-10
1.17109737E-10
1.31863701E-10
1.31863701E-10
1.31863701E-10
1.31863701E-10
1.31863701E-10
1.31863701E-10
1.31863701E-10
1.31863701E-10
1.31863701E-10
1.31863701E-10
1.31863701E-10
1.31863701E-10
1.31863701E-10
1.31863701E-10
1.31863701E-10
1.31863701E-10
1.31863701E-10
1.31863701E-10
1.31863701E-10
1.31863701E-10
1.31863701E-10
1.48476429E-10
1.48476429E-10
1.48476429E-10
1.48476429E-10
1.48476429E-10
1.48476429E-10
1.48476429E-10
1.48476429E-10
1.48476429E-10
1.48476429E-10
1.48476429E-10
1.48476429E-10
1.48476429E-10
1.48476429E-10
1.48476429E-10
1.48476429E-10
1.48476429E-10
1.48476429E-10
1.48476429E-10
1.48476429E-10
1.48476429E-10
1.48476429E-10
1.67182097E-10
1.67182097E-10
1.67182097E-10
1.67182097E-10
1.67182097E-10
1.67182097E-10
1.67182097E-10
1.67182097E-10
1.67182097E-10
1.67182097E-10
1.67182097E-10
1.67182097E-10
1.67182097E-10
1.67182097E-10
1.67182097E-10
1.67182097E-10
1.67182097E-10
1.67182097E-10
1.67182097E-10
1.67182097E-10
1.67182097E-10
1.88244381E-10
1.88244381E-10
1.88244381E-10
1.88244381E-10
1.88244381E-10
1.88244381E-10
1.88244381E-10
1.88244381E-10
1.88244381E-10
1.88244381E-10
1.88244381E-10
1.88244381E-10
1.88244381E-10
1.88244381E-10
1.88244381E-10
1.88244381E-10
1.88244381E-10
1.88244381E-10
1.88244381E-10
1.88244381E-10
1.88244381E-10
1.88244381E-10
2.11960178E-10
2.11960178E-10
2.11960178E-10
2.11960178E-10
2.11960178E-10
2.11960178E-10
2.11960178E-10
2.11960178E-10
2.11960178E-10
2.11960178E-10
2.11960178E-10
2.11960178E-10
2.11960178E-10
2.11960178E-10
2.11960178E-10
2.11960178E-10
2.11960178E-10
2.11960178E-10
2.11960178E-10
2.11960178E-10
2.11960178E-10
2.38663788E-10
2.38663788E-10
2.38663788E-10
2.38663788E-10
2.38663788E-10
2.38663788E-10
2.38663788E-10
2.38663788E-10
2.38663788E-10
2.38663788E-10
2.38663788E-10
2.38663788E-10
2.38663788E-10
2.38663788E-10
2.38663788E-10
2.38663788E-10
2.38663788E-10
2.38663788E-10
2.38663788E-10
2.38663788E-10
2.38663788E-10
2.38663788E-10
2.68731628E-10
2.68731628E-10
2.68731628E-10
2.68731628E-10
2.68731628E-10
2.68731628E-10
2.68731628E-10
2.68731628E-10
2.68731628E-10
2.68731628E-10
2.68731628E-10
2.68731628E-10
2.68731628E-10
2.68731628E-10
2.68731628E-10
2.68731628E-10
2.68731628E-10
2.68731628E-10
2.68731628E-10
2.68731628E-10
2.68731628E-10
3.02587538E-10
3.02587538E-10
3.02587538E-10
3.02587538E-10
3.02587538E-10
3.02587538E-10
3.02587538E-10
3.02587538E-10
3.02587538E-10
3.02587538E-10
3.02587538E-10
3.02587538E-10
3.02587538E-10
3.02587538E-10
3.02587538E-10
3.02587538E-10
3.02587538E-10
3.02587538E-10
3.02587538E-10
3.02587538E-10
3.02587538E-10
3.02587538E-10
3.40708753E-10
3.40708753E-10
3.40708753E-10
3.40708753E-10
3.40708753E-10
3.40708753E-10
3.40708753E-10
3.40708753E-10
3.40708753E-10
3.40708753E-10
3.40708753E-10
3.40708753E-10
3.40708753E-10
3.40708753E-10
3.40708753E-10
3.40708753E-10
3.40708753E-10
3.40708753E-10
3.40708753E-10
3.40708753E-10
3.40708753E-10
3.83632635E-10
3.83632635E-10
3.83632635E-10
3.83632635E-10
3.83632635E-10
3.83632635E-10
3.83632635E-10
3.83632635E-10
3.83632635E-10
3.83632635E-10
3.83632635E-10
3.83632635E-10
3.83632635E-10
3.83632635E-10
3.83632635E-10
3.83632635E-10
3.83632635E-10
3.83632635E-10
3.83632635E-10
3.83632635E-10
3.83632635E-10
3.83632635E-10
4.31964244E-10
4.31964244E-10
4.31964244E-10
4.31964244E-10
4.31964244E-10
4.31964244E-10
4.31964244E-10
4.31964244E-10
4.31964244E-10
4.31964244E-10
4.31964244E-10
4.31964244E-10
4.31964244E-10
4.31964244E-10
4.31964244E-10
4.31964244E-10
4.31964244E-10
4.31964244E-10
4.31964244E-10
4.31964244E-10
4.31964244E-10
4.86384866E-10
4.86384866E-10
4.86384866E-10
4.86384866E-10
4.86384866E-10
4.86384866E-10
4.86384866E-10
4.86384866E-10
4.86384866E-10
4.86384866E-10
4.86384866E-10
4.86384866E-10
4.86384866E-10
4.86384866E-10
4.86384866E-10
4.86384866E-10
4.86384866E-10
4.86384866E-10
4.86384866E-10
4.86384866E-10
4.86384866E-10
4.86384866E-10
5.47661620E-10
5.47661620E-10
5.47661620E-10
5.47661620E-10
5.47661620E-10
5.47661620E-10
5.47661620E-10
5.47661620E-10
5.47661620E-10
5.47661620E-10
5.47661620E-10
5.47661620E-10
5.47661620E-10
5.47661620E-10
5.47661620E-10
5.47661620E-10
5.47661620E-10
5.47661620E-10
5.47661620E-10
5.47661620E-10
5.47661620E-10
6.16658270E-10
6.16658270E-10
6.16658270E-10
6.16658270E-10
6.16658270E-10
6.16658270E-10
6.16658270E-10
6.16658270E-10
6.16658270E-10
6.16658270E-10
6.16658270E-10
6.16658270E-10
6.16658270E-10
6.16658270E-10
6.16658270E-10
6.16658270E-10
6.16658270E-10
6.16658270E-10
6.16658270E-10
6.16658270E-10
6.16658270E-10
6.16658270E-10
6.94347401E-10
6.94347401E-10
6.94347401E-10
6.94347401E-10
6.94347401E-10
6.94347401E-10
6.94347401E-10
6.94347401E-10
6.94347401E-10
6.94347401E-10
6.94347401E-10
6.94347401E-10
6.94347401E-10
6.94347401E-10
6.94347401E-10
6.94347401E-10
6.94347401E-10
6.94347401E-10
6.94347401E-10
6.94347401E-10
6.94347401E-10
7.81824127E-10
7.81824127E-10
7.81824127E-10
7.81824127E-10
7.81824127E-10
7.81824127E-10
7.81824127E-10
7.81824127E-10
7.81824127E-10
7.81824127E-10
7.81824127E-10
7.81824127E-10
7.81824127E-10
7.81824127E-10
7.81824127E-10
7.81824127E-10
7.81824127E-10
7.81824127E-10
7.81824127E-10
7.81824127E-10
7.81824127E-10
7.81824127E-10
8.80321527E-10
8.80321527E-10
8.80321527E-10
8.80321527E-10
8.80321527E-10
8.80321527E-10
8.80321527E-10
8.80321527E-10
8.80321527E-10
8.80321527E-10
8.80321527E-10
8.80321527E-10
8.80321527E-10
8.80321527E-10
8.80321527E-10
8.80321527E-10
8.80321527E-10
8.80321527E-10
8.80321527E-10
8.80321527E-10
8.80321527E-10
9.91228033E-10
9.91228033E-10
9.91228033E-10
9.91228033E-10
9.91228033E-10
9.91228033E-10
9.91228033E-10
9.91228033E-10
9.91228033E-10
9.91228033E-10
9.91228033E-10
9.91228033E-10
9.91228033E-10
9.91228033E-10
9.91228033E-10
9.91228033E-10
9.91228033E-10
9.91228033E-10
9.91228033E-10
9.91228033E-10
9.91228033E-10
9.91228033E-10
1.11610699E-09
1.11610699E-09
1.11610699E-09
1.11610699E-09
1.11610699E-09
1.11610699E-09
1.11610699E-09
1.11610699E-09
1.11610699E-09
1.11610699E-09
1.11610699E-09
1.11610699E-09
1.11610699E-09
1.11610699E-09
1.11610699E-09
1.11610699E-09
1.11610699E-09
1.11610699E-09
1.11610699E-09
1.11610699E-09
1.11610699E-09
1.25671872E-09
1.25671872E-09
1.25671872E-09
1.25671872E-09
1.25671872E-09
1.25671872E-09
1.25671872E-09
1.25671872E-09
1.25671872E-09
1.25671872E-09
1.25671872E-09
1.25671872E-09
1.25671872E-09
1.25671872E-09
1.25671872E-09
1.25671872E-09
1.25671872E-09
1.25671872E-09
1.25671872E-09
1.25671872E-09
1.25671872E-09
1.25671872E-09
1.41504528E-09
1.41504528E-09
1.41504528E-09
1.41504528E-09
1.41504528E-09
1.41504528E-09
1.41504528E-09
1.41504528E-09
1.41504528E-09
1.41504528E-09
1.41504528E-09
1.41504528E-09
1.41504528E-09
1.41504528E-09
1.41504528E-09
1.41504528E-09
1.41504528E-09
1.41504528E-09
1.41504528E-09
1.41504528E-09
1.41504528E-09
1.59331847E-09
1.59331847E-09
1.59331847E-09
1.59331847E-09
1.59331847E-09
1.59331847E-09
1.59331847E-09
1.59331847E-09
1.59331847E-09
1.59331847E-09
1.59331847E-09
1.59331847E-09
1.59331847E-09
1.59331847E-09
1.59331847E-09
1.59331847E-09
1.59331847E-09
1.59331847E-09
1.59331847E-09
1.59331847E-09
1.59331847E-09
1.59331847E-09
1.79405124E-09
1.79405124E-09
1.79405124E-09
1.79405124E-09
1.79405124E-09
1.79405124E-09
1.79405124E-09
1.79405124E-09
1.79405124E-09
1.79405124E-09
1.79405124E-09
1.79405124E-09
1.79405124E-09
1.79405124E-09
1.79405124E-09
1.79405124E-09
1.79405124E-09
1.79405124E-09
1.79405124E-09
1.79405124E-09
1.79405124E-09
2.02007316E-09
2.02007316E-09
2.02007316E-09
2.02007316E-09
2.02007316E-09
2.02007316E-09
2.02007316E-09
2.02007316E-09
2.02007316E-09
2.02007316E-09
2.02007316E-09
2.02007316E-09
2.02007316E-09
2.02007316E-09
2.02007316E-09
2.02007316E-09
2.02007316E-09
2.02007316E-09
2.02007316E-09
2.02007316E-09
2.02007316E-09
2.02007316E-09
2.27457023E-09
2.27457023E-09
2.27457023E-09
2.27457023E-09
2.27457023E-09
2.27457023E-09
2.27457023E-09
2.27457023E-09
2.27457023E-09
2.27457023E-09
2.27457023E-09
2.27457023E-09
2.27457023E-09
2.27457023E-09
2.27457023E-09
2.27457023E-09
2.27457023E-09
2.27457023E-09
2.27457023E-09
2.27457023E-09
2.27457023E-09
2.56112989E-09
2.56112989E-09
2.56112989E-09
2.56112989E-09
2.56112989E-09
2.56112989E-09
2.56112989E-09
2.56112989E-09
2.56112989E-09
2.56112989E-09
2.56112989E-09
2.56112989E-09
2.56112989E-09
2.56112989E-09
2.56112989E-09
2.56112989E-09
2.56112989E-09
2.56112989E-09
2.56112989E-09
2.56112989E-09
2.56112989E-09
2.56112989E-09
2.88379150E-09
2.88379150E-09
2.88379150E-09
2.88379150E-09
2.88379150E-09
2.88379150E-09
2.88379150E-09
2.88379150E-09
2.88379150E-09
2.88379150E-09
2.88379150E-09
2.88379150E-09
2.88379150E-09
2.88379150E-09
2.88379150E-09
2.88379150E-09
2.88379150E-09
2.88379150E-09
2.88379150E-09
2.88379150E-09
2.88379150E-09
3.24710334E-09
3.24710334E-09
3.24710334E-09
3.24710334E-09
3.24710334E-09
3.24710334E-09
3.24710334E-09
3.24710334E-09
3.24710334E-09
3.24710334E-09
3.24710334E-09
3.24710334E-09
3.24710334E-09
3.24710334E-09
3.24710334E-09
3.24710334E-09
3.24710334E-09
3.24710334E-09
3.24710334E-09
3.24710334E-09
3.24710334E-09
3.24710334E-09
3.65618669E-09
3.65618669E-09
3.65618669E-09
3.65618669E-09
3.65618669E-09
3.65618669E-09
3.65618669E-09
3.65618669E-09
3.65618669E-09
3.65618669E-09
3.65618669E-09
3.65618669E-09
3.65618669E-09
3.65618669E-09
3.65618669E-09
3.65618669E-09
3.65618669E-09
3.65618669E-09
3.65618669E-09
3.65618669E-09
3.65618669E-09
4.11680803E-09
4.11680803E-09
4.11680803E-09
4.11680803E-09
4.11680803E-09
4.11680803E-09
4.11680803E-09
4.11680803E-09
4.11680803E-09
4.11680803E-09
4.11680803E-09
4.11680803E-09
4.11680803E-09
4.11680803E-09
4.11680803E-09
4.11680803E-09
4.11680803E-09
4.11680803E-09
4.11680803E-09
4.11680803E-09
4.11680803E-09
4.11680803E-09
4.63546034E-09
4.63546034E-09
4.63546034E-09
4.63546034E-09
4.63546034E-09
4.63546034E-09
4.63546034E-09
4.63546034E-09
4.63546034E-09
4.63546034E-09
4.63546034E-09
4.63546034E-09
4.63546034E-09
4.63546034E-09
4.63546034E-09
4.63546034E-09
4.63546034E-09
4.63546034E-09
4.63546034E-09
4.63546034E-09
4.63546034E-09
5.21945457E-09
5.21945457E-09
5.21945457E-09
5.21945457E-09
5.21945457E-09
5.21945457E-09
5.21945457E-09
5.21945457E-09
5.21945457E-09
5.21945457E-09
5.21945457E-09
5.21945457E-09
5.21945457E-09
5.21945457E-09
5.21945457E-09
5.21945457E-09
5.21945457E-09
5.21945457E-09
5.21945457E-09
5.21945457E-09
5.21945457E-09
5.21945457E-09
5.87702279E-09
5.87702279E-09
5.87702279E-09
5.87702279E-09
5.87702279E-09
5.87702279E-09
5.87702279E-09
5.87702279E-09
5.87702279E-09
5.87702279E-09
5.87702279E-09
5.87702279E-09
5.87702279E-09
5.87702279E-09
5.87702279E-09
5.87702279E-09
5.87702279E-09
5.87702279E-09
5.87702279E-09
5.87702279E-09
5.87702279E-09
6.61743413E-09
6.61743413E-09
6.61743413E-09
6.61743413E-09
6.61743413E-09
6.61743413E-09
6.61743413E-09
6.61743413E-09
6.61743413E-09
6.61743413E-09
6.61743413E-09
6.61743413E-09
6.61743413E-09
6.61743413E-09
6.61743413E-09
6.61743413E-09
6.61743413E-09
6.61743413E-09
6.61743413E-09
6.61743413E-09
6.61743413E-09
6.61743413E-09
7.45112552E-09
7.45112552E-09
7.45112552E-09
7.45112552E-09
7.45112552E-09
7.45112552E-09
7.45112552E-09
7.45112552E-09
7.45112552E-09
7.45112552E-09
7.45112552E-09
7.45112552E-09
7.45112552E-09
7.45112552E-09
7.45112552E-09
7.45112552E-09
7.45112552E-09
7.45112552E-09
7.45112552E-09
7.45112552E-09
7.45112552E-09
8.38984874E-09
8.38984874E-09
8.38984874E-09
8.38984874E-09
8.38984874E-09
8.38984874E-09
8.38984874E-09
8.38984874E-09
8.38984874E-09
8.38984874E-09
8.38984874E-09
8.38984874E-09
8.38984874E-09
8.38984874E-09
8.38984874E-09
8.38984874E-09
8.38984874E-09
8.38984874E-09
8.38984874E-09
8.38984874E-09
8.38984874E-09
8.38984874E-09
9.44683615E-09
9.44683615E-09
9.44683615E-09
9.44683615E-09
9.44683615E-09
9.44683615E-09
9.44683615E-09
9.44683615E-09
9.44683615E-09
9.44683615E-09
9.44683615E-09
9.44683615E-09
9.44683615E-09
9.44683615E-09
9.44683615E-09
9.44683615E-09
9.44683615E-09
9.44683615E-09
9.44683615E-09
9.44683615E-09
9.44683615E-09
1.06369871E-08
1.06369871E-08
1.06369871E-08
1.06369871E-08
1.06369871E-08
1.06369871E-08
1.06369871E-08
1.06369871E-08
1.06369871E-08
1.06369871E-08
1.06369871E-08
1.06369871E-08
1.06369871E-08
1.06369871E-08
1.06369871E-08
1.06369871E-08
1.06369871E-08
1.06369871E-08
1.06369871E-08
1.06369871E-08
1.06369871E-08
1.06369871E-08
1.19770782E-08
1.19770782E-08
1.19770782E-08
1.19770782E-08
1.19770782E-08
1.19770782E-08
1.19770782E-08
1.19770782E-08
1.19770782E-08
1.19770782E-08
1.19770782E-08
1.19770782E-08
1.19770782E-08
1.19770782E-08
1.19770782E-08
1.19770782E-08
1.19770782E-08
1.19770782E-08
1.19770782E-08
1.19770782E-08
1.19770782E-08
1.34859994E-08
1.34859994E-08
1.34859994E-08
1.34859994E-08
1.34859994E-08
1.34859994E-08
1.34859994E-08
1.34859994E-08
1.34859994E-08
1.34859994E-08
1.34859994E-08
1.34859994E-08
1.34859994E-08
1.34859994E-08
1.34859994E-08
1.34859994E-08
1.34859994E-08
1.34859994E-08
1.34859994E-08
1.34859994E-08
1.34859994E-08
1.34859994E-08
1.51850206E-08
1.51850206E-08
1.51850206E-08
1.51850206E-08
1.51850206E-08
1.51850206E-08
1.51850206E-08
1.51850206E-08
1.51850206E-08
1.51850206E-08
1.51850206E-08
1.51850206E-08
1.51850206E-08
1.51850206E-08
1.51850206E-08
1.51850206E-08
1.51850206E-08
1.51850206E-08
1.51850206E-08
1.51850206E-08
1.51850206E-08
1.70980915E-08
1.70980915E-08
1.70980915E-08
1.70980915E-08
1.70980915E-08
1.70980915E-08
1.70980915E-08
1.70980915E-08
1.70980915E-08
1.70980915E-08
1.70980915E-08
1.70980915E-08
1.70980915E-08
1.70980915E-08
1.70980915E-08
1.70980915E-08
1.70980915E-08
1.70980915E-08
1.70980915E-08
1.70980915E-08
1.70980915E-08
1.70980915E-08
1.92521788E-08
1.92521788E-08
1.92521788E-08
1.92521788E-08
1.92521788E-08
1.92521788E-08
1.92521788E-08
1.92521788E-08
1.92521788E-08
1.92521788E-08
1.92521788E-08
1.92521788E-08
1.92521788E-08
1.92521788E-08
1.92521788E-08
1.92521788E-08
1.92521788E-08
1.92521788E-08
1.92521788E-08
1.92521788E-08
1.92521788E-08
2.16776467E-08
2.16776467E-08
2.16776467E-08
2.16776467E-08
2.16776467E-08
2.16776467E-08
2.16776467E-08
2.16776467E-08
2.16776467E-08
2.16776467E-08
2.16776467E-08
2.16776467E-08
2.16776467E-08
2.16776467E-08
2.16776467E-08
2.16776467E-08
2.16776467E-08
2.16776467E-08
2.16776467E-08
2.16776467E-08
2.16776467E-08
2.16776467E-08
2.44086850E-08
2.44086850E-08
2.44086850E-08
2.44086850E-08
2.44086850E-08
2.44086850E-08
2.44086850E-08
2.44086850E-08
2.44086850E-08
2.44086850E-08
2.44086850E-08
2.44086850E-08
2.44086850E-08
2.44086850E-08
2.44086850E-08
2.44086850E-08
2.44086850E-08
2.44086850E-08
2.44086850E-08
2.44086850E-08
2.44086850E-08
2.74837905E-08
2.74837905E-08
2.74837905E-08
2.74837905E-08
2.74837905E-08
2.74837905E-08
2.74837905E-08
2.74837905E-08
2.74837905E-08
2.74837905E-08
2.74837905E-08
2.74837905E-08
2.74837905E-08
2.74837905E-08
2.74837905E-08
2.74837905E-08
2.74837905E-08
2.74837905E-08
2.74837905E-08
2.74837905E-08
2.74837905E-08
2.74837905E-08
3.09463103E-08
3.09463103E-08
3.09463103E-08
3.09463103E-08
3.09463103E-08
3.09463103E-08
3.09463103E-08
3.09463103E-08
3.09463103E-08
3.09463103E-08
3.09463103E-08
3.09463103E-08
3.09463103E-08
3.09463103E-08
3.09463103E-08
3.09463103E-08
3.09463103E-08
3.09463103E-08
3.09463103E-08
3.09463103E-08
3.09463103E-08
3.48450524E-08
3.48450524E-08
3.48450524E-08
3.48450524E-08
3.48450524E-08
3.48450524E-08
3.48450524E-08
3.48450524E-08
3.48450524E-08
3.48450524E-08
3.48450524E-08
3.48450524E-08
3.48450524E-08
3.48450524E-08
3.48450524E-08
3.48450524E-08
3.48450524E-08
3.48450524E-08
3.48450524E-08
3.48450524E-08
3.48450524E-08
3.48450524E-08
3.92349737E-08
3.92349737E-08
3.92349737E-08
3.92349737E-08
3.92349737E-08
3.92349737E-08
3.92349737E-08
3.92349737E-08
3.92349737E-08
3.92349737E-08
3.92349737E-08
3.92349737E-08
3.92349737E-08
3.92349737E-08
3.92349737E-08
3.92349737E-08
3.92349737E-08
3.92349737E-08
3.92349737E-08
3.92349737E-08
3.92349737E-08
4.41779551E-08
4.41779551E-08
4.41779551E-08
4.41779551E-08
4.41779551E-08
4.41779551E-08
4.41779551E-08
4.41779551E-08
4.41779551E-08
4.41779551E-08
4.41779551E-08
4.41779551E-08
4.41779551E-08
4.41779551E-08
4.41779551E-08
4.41779551E-08
4.41779551E-08
4.41779551E-08
4.41779551E-08
4.41779551E-08
4.41779551E-08
4.41779551E-08
4.97436731E-08
4.97436731E-08
4.97436731E-08
4.97436731E-08
4.97436731E-08
4.97436731E-08
4.97436731E-08
4.97436731E-08
4.97436731E-08
4.97436731E-08
4.97436731E-08
4.97436731E-08
4.97436731E-08
4.97436731E-08
4.97436731E-08
4.97436731E-08
4.97436731E-08
4.97436731E-08
4.97436731E-08
4.97436731E-08
4.97436731E-08
5.60105828E-08
5.60105828E-08
5.60105828E-08
5.60105828E-08
5.60105828E-08
5.60105828E-08
5.60105828E-08
5.60105828E-08
5.60105828E-08
5.60105828E-08
5.60105828E-08
5.60105828E-08
5.60105828E-08
5.60105828E-08
5.60105828E-08
5.60105828E-08
5.60105828E-08
5.60105828E-08
5.60105828E-08
5.60105828E-08
5.60105828E-08
5.60105828E-08
6.30670228E-08
6.30670228E-08
6.30670228E-08
6.30670228E-08
6.30670228E-08
6.30670228E-08
6.30670228E-08
6.30670228E-08
6.30670228E-08
6.30670228E-08
6.30670228E-08
6.30670228E-08
6.30670228E-08
6.30670228E-08
6.30670228E-08
6.30670228E-08
6.30670228E-08
6.30670228E-08
6.30670228E-08
6.30670228E-08
6.30670228E-08
7.10124615E-08
7.10124615E-08
7.10124615E-08
7.10124615E-08
7.10124615E-08
7.10124615E-08
7.10124615E-08
7.10124615E-08
7.10124615E-08
7.10124615E-08
7.10124615E-08
7.10124615E-08
7.10124615E-08
7.10124615E-08
7.10124615E-08
7.10124615E-08
7.10124615E-08
7.10124615E-08
7.10124615E-08
7.10124615E-08
7.10124615E-08
7.10124615E-08
7.99588982E-08
7.99588982E-08
7.99588982E-08
7.99588982E-08
7.99588982E-08
7.99588982E-08
7.99588982E-08
7.99588982E-08
7.99588982E-08
7.99588982E-08
7.99588982E-08
7.99588982E-08
7.99588982E-08
7.99588982E-08
7.99588982E-08
7.99588982E-08
7.99588982E-08
7.99588982E-08
7.99588982E-08
7.99588982E-08
7.99588982E-08
9.00324427E-08
9.00324427E-08
9.00324427E-08
9.00324427E-08
9.00324427E-08
9.00324427E-08
9.00324427E-08
9.00324427E-08
9.00324427E-08
9.00324427E-08
9.00324427E-08
9.00324427E-08
9.00324427E-08
9.00324427E-08
9.00324427E-08
9.00324427E-08
9.00324427E-08
9.00324427E-08
9.00324427E-08
9.00324427E-08
9.00324427E-08
9.00324427E-08
1.01375092E-07
1.01375092E-07
1.01375092E-07
1.01375092E-07
1.01375092E-07
1.01375092E-07
1.01375092E-07
1.01375092E-07
1.01375092E-07
1.01375092E-07
1.01375092E-07
1.01375092E-07
1.01375092E-07
1.01375092E-07
1.01375092E-07
1.01375092E-07
1.01375092E-07
1.01375092E-07
1.01375092E-07
1.01375092E-07
1.01375092E-07
1.14146734E-07
1.14146734E-07
1.14146734E-07
1.14146734E-07
1.14146734E-07
1.14146734E-07
1.14146734E-07
1.14146734E-07
1.14146734E-07
1.14146734E-07
1.14146734E-07
1.14146734E-07
1.14146734E-07
1.14146734E-07
1.14146734E-07
1.14146734E-07
1.14146734E-07
1.14146734E-07
1.14146734E-07
1.14146734E-07
1.14146734E-07
1.14146734E-07
1.28527397E-07
1.28527397E-07
1.28527397E-07
1.28527397E-07
1.28527397E-07
1.28527397E-07
1.28527397E-07
1.28527397E-07
1.28527397E-07
1.28527397E-07
1.28527397E-07
1.28527397E-07
1.28527397E-07
1.28527397E-07
1.28527397E-07
1.28527397E-07
1.28527397E-07
1.28527397E-07
1.28527397E-07
1.28527397E-07
1.28527397E-07
1.44719792E-07
1.44719792E-07
1.44719792E-07
1.44719792E-07
1.44719792E-07
1.44719792E-07
1.44719792E-07
1.44719792E-07
1.44719792E-07
1.44719792E-07
1.44719792E-07
1.44719792E-07
1.44719792E-07
1.44719792E-07
1.44719792E-07
1.44719792E-07
1.44719792E-07
1.44719792E-07
1.44719792E-07
1.44719792E-07
1.44719792E-07
1.44719792E-07
1.62952169E-07
1.62952169E-07
1.62952169E-07
1.62952169E-07
1.62952169E-07
1.62952169E-07
1.62952169E-07
1.62952169E-07
1.62952169E-07
1.62952169E-07
1.62952169E-07
1.62952169E-07
1.62952169E-07
1.62952169E-07
1.62952169E-07
1.62952169E-07
1.62952169E-07
1.62952169E-07
1.62952169E-07
1.62952169E-07
1.62952169E-07
1.83481531E-07
1.83481531E-07
1.83481531E-07
1.83481531E-07
1.83481531E-07
1.83481531E-07
1.83481531E-07
1.83481531E-07
1.83481531E-07
1.83481531E-07
1.83481531E-07
1.83481531E-07
1.83481531E-07
1.83481531E-07
1.83481531E-07
1.83481531E-07
1.83481531E-07
1.83481531E-07
1.83481531E-07
1.83481531E-07
1.83481531E-07
1.83481531E-07
2.06597260E-07
2.06597260E-07
2.06597260E-07
2.06597260E-07
2.06597260E-07
2.06597260E-07
2.06597260E-07
2.06597260E-07
2.06597260E-07
2.06597260E-07
2.06597260E-07
2.06597260E-07
2.06597260E-07
2.06597260E-07
2.06597260E-07
2.06597260E-07
2.06597260E-07
2.06597260E-07
2.06597260E-07
2.06597260E-07
2.06597260E-07
2.32625198E-07
2.32625198E-07
2.32625198E-07
2.32625198E-07
2.32625198E-07
2.32625198E-07
2.32625198E-07
2.32625198E-07
2.32625198E-07
2.32625198E-07
2.32625198E-07
2.32625198E-07
2.32625198E-07
2.32625198E-07
2.32625198E-07
2.32625198E-07
2.32625198E-07
2.32625198E-07
2.32625198E-07
2.32625198E-07
2.32625198E-07
2.32625198E-07
2.61932233E-07
2.61932233E-07
2.61932233E-07
2.61932233E-07
2.61932233E-07
2.61932233E-07
2.61932233E-07
2.61932233E-07
2.61932233E-07
2.61932233E-07
2.61932233E-07
2.61932233E-07
2.61932233E-07
2.61932233E-07
2.61932233E-07
2.61932233E-07
2.61932233E-07
2.61932233E-07
2.61932233E-07
2.61932233E-07
2.61932233E-07
2.94931479E-07
2.94931479E-07
2.94931479E-07
2.94931479E-07
2.94931479E-07
2.94931479E-07
2.94931479E-07
2.94931479E-07
2.94931479E-07
2.94931479E-07
2.94931479E-07
2.94931479E-07
2.94931479E-07
2.94931479E-07
2.94931479E-07
2.94931479E-07
2.94931479E-07
2.94931479E-07
2.94931479E-07
2.94931479E-07
2.94931479E-07
2.94931479E-07
3.32088091E-07
3.32088091E-07
3.32088091E-07
3.32088091E-07
3.32088091E-07
3.32088091E-07
3.32088091E-07
3.32088091E-07
3.32088091E-07
3.32088091E-07
3.32088091E-07
3.32088091E-07
3.32088091E-07
3.32088091E-07
3.32088091E-07
3.32088091E-07
3.32088091E-07
3.32088091E-07
3.32088091E-07
3.32088091E-07
3.32088091E-07
3.73925828E-07
3.73925828E-07
3.73925828E-07
3.73925828E-07
3.73925828E-07
3.73925828E-07
3.73925828E-07
3.73925828E-07
3.73925828E-07
3.73925828E-07
3.73925828E-07
3.73925828E-07
3.73925828E-07
3.73925828E-07
3.73925828E-07
3.73925828E-07
3.73925828E-07
3.73925828E-07
3.73925828E-07
3.73925828E-07
3.73925828E-07
3.73925828E-07
4.21034434E-07
4.21034434E-07
4.21034434E-07
4.21034434E-07
4.21034434E-07
4.21034434E-07
4.21034434E-07
4.21034434E-07
4.21034434E-07
4.21034434E-07
4.21034434E-07
4.21034434E-07
4.21034434E-07
4.21034434E-07
4.21034434E-07
4.21034434E-07
4.21034434E-07
4.21034434E-07
4.21034434E-07
4.21034434E-07
4.21034434E-07
4.74077949E-07
4.74077949E-07
4.74077949E-07
4.74077949E-07
4.74077949E-07
4.74077949E-07
4.74077949E-07
4.74077949E-07
4.74077949E-07
4.74077949E-07
4.74077949E-07
4.74077949E-07
4.74077949E-07
4.74077949E-07
4.74077949E-07
4.74077949E-07
4.74077949E-07
4.74077949E-07
4.74077949E-07
4.74077949E-07
4.74077949E-07
4.74077949E-07
5.33804068E-07
5.33804068E-07
5.33804068E-07
5.33804068E-07
5.33804068E-07
5.33804068E-07
5.33804068E-07
5.33804068E-07
5.33804068E-07
5.33804068E-07
5.33804068E-07
5.33804068E-07
5.33804068E-07
5.33804068E-07
5.33804068E-07
5.33804068E-07
5.33804068E-07
5.33804068E-07
5.33804068E-07
5.33804068E-07
5.33804068E-07
6.01054686E-07
6.01054686E-07
6.01054686E-07
6.01054686E-07
6.01054686E-07
6.01054686E-07
6.01054686E-07
6.01054686E-07
6.01054686E-07
6.01054686E-07
6.01054686E-07
6.01054686E-07
6.01054686E-07
6.01054686E-07
6.01054686E-07
6.01054686E-07
6.01054686E-07
6.01054686E-07
6.01054686E-07
6.01054686E-07
6.01054686E-07
6.01054686E-07
6.76777757E-07
6.76777757E-07
6.76777757E-07
6.76777757E-07
6.76777757E-07
6.76777757E-07
6.76777757E-07
6.76777757E-07
6.76777757E-07
6.76777757E-07
6.76777757E-07
6.76777757E-07
6.76777757E-07
6.76777757E-07
6.76777757E-07
6.76777757E-07
6.76777757E-07
6.76777757E-07
6.76777757E-07
6.76777757E-07
6.76777757E-07
7.62040662E-07
7.62040662E-07
7.62040662E-07
7.62040662E-07
7.62040662E-07
7.62040662E-07
7.62040662E-07
7.62040662E-07
7.62040662E-07
7.62040662E-07
7.62040662E-07
7.62040662E-07
7.62040662E-07
7.62040662E-07
7.62040662E-07
7.62040662E-07
7.62040662E-07
7.62040662E-07
7.62040662E-07
7.62040662E-07
7.62040662E-07
7.62040662E-07
8.58045249E-07
8.58045249E-07
8.58045249E-07
8.58045249E-07
8.58045249E-07
8.58045249E-07
8.58045249E-07
8.58045249E-07
8.58045249E-07
8.58045249E-07
8.58045249E-07
8.58045249E-07
8.58045249E-07
8.58045249E-07
8.58045249E-07
8.58045249E-07
8.58045249E-07
8.58045249E-07
8.58045249E-07
8.58045249E-07
8.58045249E-07
9.66144777E-07
9.66144777E-07
9.66144777E-07
9.66144777E-07
9.66144777E-07
9.66144777E-07
9.66144777E-07
9.66144777E-07
9.66144777E-07
9.66144777E-07
9.66144777E-07
9.66144777E-07
9.66144777E-07
9.66144777E-07
9.66144777E-07
9.66144777E-07
9.66144777E-07
9.66144777E-07
9.66144777E-07
9.66144777E-07
9.66144777E-07
9.66144777E-07
1.08786299E-06
1.08786299E-06
1.08786299E-06
1.08786299E-06
1.08786299E-06
1.08786299E-06
1.08786299E-06
1.08786299E-06
1.08786299E-06
1.08786299E-06
1.08786299E-06
1.08786299E-06
1.08786299E-06
1.08786299E-06
1.08786299E-06
1.08786299E-06
1.08786299E-06
1.08786299E-06
1.08786299E-06
1.08786299E-06
1.08786299E-06
1.22491557E-06
1.22491557E-06
1.22491557E-06
1.22491557E-06
1.22491557E-06
1.22491557E-06
1.22491557E-06
1.22491557E-06
1.22491557E-06
1.22491557E-06
1.22491557E-06
1.22491557E-06
1.22491557E-06
1.22491557E-06
1.22491557E-06
1.22491557E-06
1.22491557E-06
1.22491557E-06
1.22491557E-06
1.22491557E-06
1.22491557E-06
1.22491557E-06
1.37923438E-06
1.37923438E-06
1.37923438E-06
1.37923438E-06
1.37923438E-06
1.37923438E-06
1.37923438E-06
1.37923438E-06
1.37923438E-06
1.37923438E-06
1.37923438E-06
1.37923438E-06
1.37923438E-06
1.37923438E-06
1.37923438E-06
1.37923438E-06
1.37923438E-06
1.37923438E-06
1.37923438E-06
1.37923438E-06
1.37923438E-06
1.55299462E-06
1.55299462E-06
1.55299462E-06
1.55299462E-06
1.55299462E-06
1.55299462E-06
1.55299462E-06
1.55299462E-06
1.55299462E-06
1.55299462E-06
1.55299462E-06
1.55299462E-06
1.55299462E-06
1.55299462E-06
1.55299462E-06
1.55299462E-06
1.55299462E-06
1.55299462E-06
1.55299462E-06
1.55299462E-06
1.55299462E-06
1.55299462E-06
1.74864553E-06
1.74864553E-06
1.74864553E-06
1.74864553E-06
1.74864553E-06
1.74864553E-06
1.74864553E-06
1.74864553E-06
1.74864553E-06
1.74864553E-06
1.74864553E-06
1.74864553E-06
1.74864553E-06
1.74864553E-06
1.74864553E-06
1.74864553E-06
1.74864553E-06
1.74864553E-06
1.74864553E-06
1.74864553E-06
1.74864553E-06
1.96894487E-06
1.96894487E-06
1.96894487E-06
1.96894487E-06
1.96894487E-06
1.96894487E-06
1.96894487E-06
1.96894487E-06
1.96894487E-06
1.96894487E-06
1.96894487E-06
1.96894487E-06
1.96894487E-06
1.96894487E-06
1.96894487E-06
1.96894487E-06
1.96894487E-06
1.96894487E-06
1.96894487E-06
1.96894487E-06
1.96894487E-06
1.96894487E-06
2.21699785E-06
2.21699785E-06
2.21699785E-06
2.21699785E-06
2.21699785E-06
2.21699785E-06
2.21699785E-06
2.21699785E-06
2.21699785E-06
2.21699785E-06
2.21699785E-06
2.21699785E-06
2.21699785E-06
2.21699785E-06
2.21699785E-06
2.21699785E-06
2.21699785E-06
2.21699785E-06
2.21699785E-06
2.21699785E-06
2.21699785E-06
2.49630082E-06
2.49630082E-06
2.49630082E-06
2.49630082E-06
2.49630082E-06
2.49630082E-06
2.49630082E-06
2.49630082E-06
2.49630082E-06
2.49630082E-06
2.49630082E-06
2.49630082E-06
2.49630082E-06
2.49630082E-06
2.49630082E-06
2.49630082E-06
2.49630082E-06
2.49630082E-06
2.49630082E-06
2.49630082E-06
2.49630082E-06
2.49630082E-06
2.81079059E-06
2.81079059E-06
2.81079059E-06
2.81079059E-06
2.81079059E-06
2.81079059E-06
2.81079059E-06
2.81079059E-06
2.81079059E-06
2.81079059E-06
2.81079059E-06
2.81079059E-06
2.81079059E-06
2.81079059E-06
2.81079059E-06
2.81079059E-06
2.81079059E-06
2.81079059E-06
2.81079059E-06
2.81079059E-06
2.81079059E-06
3.16489988E-06
3.16489988E-06
3.16489988E-06
3.16489988E-06
3.16489988E-06
3.16489988E-06
3.16489988E-06
3.16489988E-06
3.16489988E-06
3.16489988E-06
3.16489988E-06
3.16489988E-06
3.16489988E-06
3.16489988E-06
3.16489988E-06
3.16489988E-06
3.16489988E-06
3.16489988E-06
3.16489988E-06
3.16489988E-06
3.16489988E-06
3.16489988E-06
3.56361980E-06
3.56361980E-06
3.56361980E-06
3.56361980E-06
3.56361980E-06
3.56361980E-06
3.56361980E-06
3.56361980E-06
3.56361980E-06
3.56361980E-06
3.56361980E-06
3.56361980E-06
3.56361980E-06
3.56361980E-06
3.56361980E-06
3.56361980E-06
3.56361980E-06
3.56361980E-06
3.56361980E-06
3.56361980E-06
3.56361980E-06
4.01257019E-06
4.01257019E-06
4.01257019E-06
4.01257019E-06
4.01257019E-06
4.01257019E-06
4.01257019E-06
4.01257019E-06
4.01257019E-06
4.01257019E-06
4.01257019E-06
4.01257019E-06
4.01257019E-06
4.01257019E-06
4.01257019E-06
4.01257019E-06
4.01257019E-06
4.01257019E-06
4.01257019E-06
4.01257019E-06
4.01257019E-06
4.01257019E-06
4.51807878E-06
4.51807878E-06
4.51807878E-06
4.51807878E-06
4.51807878E-06
4.51807878E-06
4.51807878E-06
4.51807878E-06
4.51807878E-06
4.51807878E-06
4.51807878E-06
4.51807878E-06
4.51807878E-06
4.51807878E-06
4.51807878E-06
4.51807878E-06
4.51807878E-06
4.51807878E-06
4.51807878E-06
4.51807878E-06
4.51807878E-06
5.08727034E-06
5.08727034E-06
5.08727034E-06
5.08727034E-06
5.08727034E-06
5.08727034E-06
5.08727034E-06
5.08727034E-06
5.08727034E-06
5.08727034E-06
5.08727034E-06
5.08727034E-06
5.08727034E-06
5.08727034E-06
5.08727034E-06
5.08727034E-06
5.08727034E-06
5.08727034E-06
5.08727034E-06
5.08727034E-06
5.08727034E-06
5.08727034E-06
5.72816711E-06
5.72816711E-06
5.72816711E-06
5.72816711E-06
5.72816711E-06
5.72816711E-06
5.72816711E-06
5.72816711E-06
5.72816711E-06
5.72816711E-06
5.72816711E-06
5.72816711E-06
5.72816711E-06
5.72816711E-06
5.72816711E-06
5.72816711E-06
5.72816711E-06
5.72816711E-06
5.72816711E-06
5.72816711E-06
5.72816711E-06
6.44980175E-06
6.44980175E-06
6.44980175E-06
6.44980175E-06
6.44980175E-06
6.44980175E-06
6.44980175E-06
6.44980175E-06
6.44980175E-06
6.44980175E-06
6.44980175E-06
6.44980175E-06
6.44980175E-06
6.44980175E-06
6.44980175E-06
6.44980175E-06
6.44980175E-06
6.44980175E-06
6.44980175E-06
6.44980175E-06
6.44980175E-06
6.44980175E-06
7.26234465E-06
7.26234465E-06
7.26234465E-06
7.26234465E-06
7.26234465E-06
7.26234465E-06
7.26234465E-06
7.26234465E-06
7.26234465E-06
7.26234465E-06
7.26234465E-06
7.26234465E-06
7.26234465E-06
7.26234465E-06
7.26234465E-06
7.26234465E-06
7.26234465E-06
7.26234465E-06
7.26234465E-06
7.26234465E-06
7.26234465E-06
8.17724712E-06
8.17724712E-06
8.17724712E-06
8.17724712E-06
8.17724712E-06
8.17724712E-06
8.17724712E-06
8.17724712E-06
8.17724712E-06
8.17724712E-06
8.17724712E-06
8.17724712E-06
8.17724712E-06
8.17724712E-06
8.17724712E-06
8.17724712E-06
8.17724712E-06
8.17724712E-06
8.17724712E-06
8.17724712E-06
8.17724712E-06
8.17724712E-06
9.20740273E-06
9.20740273E-06
9.20740273E-06
9.20740273E-06
9.20740273E-06
9.20740273E-06
9.20740273E-06
9.20740273E-06
9.20740273E-06
9.20740273E-06
9.20740273E-06
9.20740273E-06
9.20740273E-06
9.20740273E-06
9.20740273E-06
9.20740273E-06
9.20740273E-06
9.20740273E-06
9.20740273E-06
9.20740273E-06
9.20740273E-06
1.03673288E-05
1.03673288E-05
1.03673288E-05
1.03673288E-05
1.03673288E-05
1.03673288E-05
1.03673288E-05
1.03673288E-05
1.03673288E-05
1.03673288E-05
1.03673288E-05
1.03673288E-05
1.03673288E-05
1.03673288E-05
1.03673288E-05
1.03673288E-05
1.03673288E-05
1.03673288E-05
1.03673288E-05
1.03673288E-05
1.03673288E-05
1.03673288E-05
1.16733711E-05
1.16733711E-05
1.16733711E-05
1.16733711E-05
1.16733711E-05
1.16733711E-05
1.16733711E-05
1.16733711E-05
1.16733711E-05
1.16733711E-05
1.16733711E-05
1.16733711E-05
1.16733711E-05
1.16733711E-05
1.16733711E-05
1.16733711E-05
1.16733711E-05
1.16733711E-05
1.16733711E-05
1.16733711E-05
1.16733711E-05
1.31439335E-05
1.31439335E-05
1.31439335E-05
1.31439335E-05
1.31439335E-05
1.31439335E-05
1.31439335E-05
1.31439335E-05
1.31439335E-05
1.31439335E-05
1.31439335E-05
1.31439335E-05
1.31439335E-05
1.31439335E-05
1.31439335E-05
1.31439335E-05
1.31439335E-05
1.31439335E-05
1.31439335E-05
1.31439335E-05
1.31439335E-05
1.31439335E-05
1.47997374E-05
1.47997374E-05
1.47997374E-05
1.47997374E-05
1.47997374E-05
1.47997374E-05
1.47997374E-05
1.47997374E-05
1.47997374E-05
1.47997374E-05
1.47997374E-05
1.47997374E-05
1.47997374E-05
1.47997374E-05
1.47997374E-05
1.47997374E-05
1.47997374E-05
1.47997374E-05
1.47997374E-05
1.47997374E-05
1.47997374E-05
1.66641135E-05
1.66641135E-05
1.66641135E-05
1.66641135E-05
1.66641135E-05
1.66641135E-05
1.66641135E-05
1.66641135E-05
1.66641135E-05
1.66641135E-05
1.66641135E-05
1.66641135E-05
1.66641135E-05
1.66641135E-05
1.66641135E-05
1.66641135E-05
1.66641135E-05
1.66641135E-05
1.66641135E-05
1.66641135E-05
1.66641135E-05
1.66641135E-05
1.87633297E-05
1.87633297E-05
1.87633297E-05
1.87633297E-05
1.87633297E-05
1.87633297E-05
1.87633297E-05
1.87633297E-05
1.87633297E-05
1.87633297E-05
1.87633297E-05
1.87633297E-05
1.87633297E-05
1.87633297E-05
1.87633297E-05
1.87633297E-05
1.87633297E-05
1.87633297E-05
1.87633297E-05
1.87633297E-05
1.87633297E-05
2.11269610E-05
2.11269610E-05
2.11269610E-05
2.11269610E-05
2.11269610E-05
2.11269610E-05
2.11269610E-05
2.11269610E-05
2.11269610E-05
2.11269610E-05
2.11269610E-05
2.11269610E-05
2.11269610E-05
2.11269610E-05
2.11269610E-05
2.11269610E-05
2.11269610E-05
2.11269610E-05
2.11269610E-05
2.11269610E-05
2.11269610E-05
2.11269610E-05
2.37883054E-05
2.37883054E-05
2.37883054E-05
2.37883054E-05
2.37883054E-05
2.37883054E-05
2.37883054E-05
2.37883054E-05
2.37883054E-05
2.37883054E-05
2.37883054E-05
2.37883054E-05
2.37883054E-05
2.37883054E-05
2.37883054E-05
2.37883054E-05
2.37883054E-05
2.37883054E-05
2.37883054E-05
2.37883054E-05
2.37883054E-05
2.67848520E-05
2.67848520E-05
2.67848520E-05
2.67848520E-05
2.67848520E-05
2.67848520E-05
2.67848520E-05
2.67848520E-05
2.67848520E-05
2.67848520E-05
2.67848520E-05
2.67848520E-05
2.67848520E-05
2.67848520E-05
2.67848520E-05
2.67848520E-05
2.67848520E-05
2.67848520E-05
2.67848520E-05
2.67848520E-05
2.67848520E-05
2.67848520E-05
3.01588083E-05
3.01588083E-05
3.01588083E-05
3.01588083E-05
3.01588083E-05
3.01588083E-05
3.01588083E-05
3.01588083E-05
3.01588083E-05
3.01588083E-05
3.01588083E-05
3.01588083E-05
3.01588083E-05
3.01588083E-05
3.01588083E-05
3.01588083E-05
3.01588083E-05
3.01588083E-05
3.01588083E-05
3.01588083E-05
3.01588083E-05
3.39576932E-05
3.39576932E-05
3.39576932E-05
3.39576932E-05
3.39576932E-05
3.39576932E-05
3.39576932E-05
3.39576932E-05
3.39576932E-05
3.39576932E-05
3.39576932E-05
3.39576932E-05
3.39576932E-05
3.39576932E-05
3.39576932E-05
3.39576932E-05
3.39576932E-05
3.39576932E-05
3.39576932E-05
3.39576932E-05
3.39576932E-05
3.39576932E-05
3.82350043E-05
3.82350043E-05
3.82350043E-05
3.82350043E-05
3.82350043E-05
3.82350043E-05
3.82350043E-05
3.82350043E-05
3.82350043E-05
3.82350043E-05
3.82350043E-05
3.82350043E-05
3.82350043E-05
3.82350043E-05
3.82350043E-05
3.82350043E-05
3.82350043E-05
3.82350043E-05
3.82350043E-05
3.82350043E-05
3.82350043E-05
4.30509695E-05
4.30509695E-05
4.30509695E-05
4.30509695E-05
4.30509695E-05
4.30509695E-05
4.30509695E-05
4.30509695E-05
4.30509695E-05
4.30509695E-05
4.30509695E-05
4.30509695E-05
4.30509695E-05
4.30509695E-05
4.30509695E-05
4.30509695E-05
4.30509695E-05
4.30509695E-05
4.30509695E-05
4.30509695E-05
4.30509695E-05
4.30509695E-05
4.84733920E-05
4.84733920E-05
4.84733920E-05
4.84733920E-05
4.84733920E-05
4.84733920E-05
4.84733920E-05
4.84733920E-05
4.84733920E-05
4.84733920E-05
4.84733920E-05
4.84733920E-05
4.84733920E-05
4.84733920E-05
4.84733920E-05
4.84733920E-05
4.84733920E-05
4.84733920E-05
4.84733920E-05
4.84733920E-05
4.84733920E-05
5.45786015E-05
5.45786015E-05
5.45786015E-05
5.45786015E-05
5.45786015E-05
5.45786015E-05
5.45786015E-05
5.45786015E-05
5.45786015E-05
5.45786015E-05
5.45786015E-05
5.45786015E-05
5.45786015E-05
5.45786015E-05
5.45786015E-05
5.45786015E-05
5.45786015E-05
5.45786015E-05
5.45786015E-05
5.45786015E-05
5.45786015E-05
5.45786015E-05
6.14525238E-05
6.14525238E-05
6.14525238E-05
6.14525238E-05
6.14525238E-05
6.14525238E-05
6.14525238E-05
6.14525238E-05
6.14525238E-05
6.14525238E-05
6.14525238E-05
6.14525238E-05
6.14525238E-05
6.14525238E-05
6.14525238E-05
6.14525238E-05
6.14525238E-05
6.14525238E-05
6.14525238E-05
6.14525238E-05
6.14525238E-05
6.91918853E-05
6.91918853E-05
6.91918853E-05
6.91918853E-05
6.91918853E-05
6.91918853E-05
6.91918853E-05
6.91918853E-05
6.91918853E-05
6.91918853E-05
6.91918853E-05
6.91918853E-05
6.91918853E-05
6.91918853E-05
6.91918853E-05
6.91918853E-05
6.91918853E-05
6.91918853E-05
6.91918853E-05
6.91918853E-05
6.91918853E-05
6.91918853E-05
7.79055658E-05
7.79055658E-05
7.79055658E-05
7.79055658E-05
7.79055658E-05
7.79055658E-05
7.79055658E-05
7.79055658E-05
7.79055658E-05
7.79055658E-05
7.79055658E-05
7.79055658E-05
7.79055658E-05
7.79055658E-05
7.79055658E-05
7.79055658E-05
7.79055658E-05
7.79055658E-05
7.79055658E-05
7.79055658E-05
7.79055658E-05
8.77161221E-05
8.77161221E-05
8.77161221E-05
8.77161221E-05
8.77161221E-05
8.77161221E-05
8.77161221E-05
8.77161221E-05
8.77161221E-05
8.77161221E-05
8.77161221E-05
8.77161221E-05
8.77161221E-05
8.77161221E-05
8.77161221E-05
8.77161221E-05
8.77161221E-05
8.77161221E-05
8.77161221E-05
8.77161221E-05
8.77161221E-05
8.77161221E-05
9.87614997E-05
9.87614997E-05
9.87614997E-05
9.87614997E-05
9.87614997E-05
9.87614997E-05
9.87614997E-05
9.87614997E-05
9.87614997E-05
9.87614997E-05
9.87614997E-05
9.87614997E-05
9.87614997E-05
9.87614997E-05
9.87614997E-05
9.87614997E-05
9.87614997E-05
9.87614997E-05
9.87614997E-05
9.87614997E-05
9.87614997E-05
1.11196958E-04
1.11196958E-04
1.11196958E-04
1.11196958E-04
1.11196958E-04
1.11196958E-04
1.11196958E-04
1.11196958E-04
1.11196958E-04
1.11196958E-04
1.11196958E-04
1.11196958E-04
1.11196958E-04
1.11196958E-04
1.11196958E-04
1.11196958E-04
1.11196958E-04
1.11196958E-04
1.11196958E-04
1.11196958E-04
1.11196958E-04
1.11196958E-04
1.25197233E-04
1.25197233E-04
1.25197233E-04
1.25197233E-04
1.25197233E-04
1.25197233E-04
1.25197233E-04
1.25197233E-04
1.25197233E-04
1.25197233E-04
1.25197233E-04
1.25197233E-04
1.25197233E-04
1.25197233E-04
1.25197233E-04
1.25197233E-04
1.25197233E-04
1.25197233E-04
1.25197233E-04
1.25197233E-04
1.25197233E-04
1.40958972E-04
1.40958972E-04
1.40958972E-04
1.40958972E-04
1.40958972E-04
1.40958972E-04
1.40958972E-04
1.40958972E-04
1.40958972E-04
1.40958972E-04
1.40958972E-04
1.40958972E-04
1.40958972E-04
1.40958972E-04
1.40958972E-04
1.40958972E-04
1.40958972E-04
1.40958972E-04
1.40958972E-04
1.40958972E-04
1.40958972E-04
1.40958972E-04
1.58703463E-04
1.58703463E-04
1.58703463E-04
1.58703463E-04
1.58703463E-04
1.58703463E-04
1.58703463E-04
1.58703463E-04
1.58703463E-04
1.58703463E-04
1.58703463E-04
1.58703463E-04
1.58703463E-04
1.58703463E-04
1.58703463E-04
1.58703463E-04
1.58703463E-04
1.58703463E-04
1.58703463E-04
1.58703463E-04
1.58703463E-04
1.78679704E-04
1.78679704E-04
1.78679704E-04
1.78679704E-04
1.78679704E-04
1.78679704E-04
1.78679704E-04
1.78679704E-04
1.78679704E-04
1.78679704E-04
1.78679704E-04
1.78679704E-04
1.78679704E-04
1.78679704E-04
1.78679704E-04
1.78679704E-04
1.78679704E-04
1.78679704E-04
1.78679704E-04
1.78679704E-04
1.78679704E-04
1.78679704E-04
2.01167851E-04
2.01167851E-04
2.01167851E-04
2.01167851E-04
2.01167851E-04
2.01167851E-04
2.01167851E-04
2.01167851E-04
2.01167851E-04
2.01167851E-04
2.01167851E-04
2.01167851E-04
2.01167851E-04
2.01167851E-04
2.01167851E-04
2.01167851E-04
2.01167851E-04
2.01167851E-04
2.01167851E-04
2.01167851E-04
2.01167851E-04
2.26483084E-04
2.26483084E-04
2.26483084E-04
2.26483084E-04
2.26483084E-04
2.26483084E-04
2.26483084E-04
2.26483084E-04
2.26483084E-04
2.26483084E-04
2.26483084E-04
2.26483084E-04
2.26483084E-04
2.26483084E-04
2.26483084E-04
2.26483084E-04
2.26483084E-04
2.26483084E-04
2.26483084E-04
2.26483084E-04
2.26483084E-04
2.26483084E-04
2.54979951E-04
2.54979951E-04
2.54979951E-04
2.54979951E-04
2.54979951E-04
2.54979951E-04
2.54979951E-04
2.54979951E-04
2.54979951E-04
2.54979951E-04
2.54979951E-04
2.54979951E-04
2.54979951E-04
2.54979951E-04
2.54979951E-04
2.54979951E-04
2.54979951E-04
2.54979951E-04
2.54979951E-04
2.54979951E-04
2.54979951E-04
2.87057230E-04
2.87057230E-04
2.87057230E-04
2.87057230E-04
2.87057230E-04
2.87057230E-04
2.87057230E-04
2.87057230E-04
2.87057230E-04
2.87057230E-04
2.87057230E-04
2.87057230E-04
2.87057230E-04
2.87057230E-04
2.87057230E-04
2.87057230E-04
2.87057230E-04
2.87057230E-04
2.87057230E-04
2.87057230E-04
2.87057230E-04
2.87057230E-04
3.23163394E-04
3.23163394E-04
3.23163394E-04
3.23163394E-04
3.23163394E-04
3.23163394E-04
3.23163394E-04
3.23163394E-04
3.23163394E-04
3.23163394E-04
3.23163394E-04
3.23163394E-04
3.23163394E-04
3.23163394E-04
3.23163394E-04
3.23163394E-04
3.23163394E-04
3.23163394E-04
3.23163394E-04
3.23163394E-04
3.23163394E-04
3.63802718E-04
3.63802718E-04
3.63802718E-04
3.63802718E-04
3.63802718E-04
3.63802718E-04
3.63802718E-04
3.63802718E-04
3.63802718E-04
3.63802718E-04
3.63802718E-04
3.63802718E-04
3.63802718E-04
3.63802718E-04
3.63802718E-04
3.63802718E-04
3.63802718E-04
3.63802718E-04
3.63802718E-04
3.63802718E-04
3.63802718E-04
3.63802718E-04
4.09542128E-04
4.09542128E-04
4.09542128E-04
4.09542128E-04
4.09542128E-04
4.09542128E-04
4.09542128E-04
4.09542128E-04
4.09542128E-04
4.09542128E-04
4.09542128E-04
4.09542128E-04
4.09542128E-04
4.09542128E-04
4.09542128E-04
4.09542128E-04
4.09542128E-04
4.09542128E-04
4.09542128E-04
4.09542128E-04
4.09542128E-04
4.61018857E-04
4.61018857E-04
4.61018857E-04
4.61018857E-04
4.61018857E-04
4.61018857E-04
4.61018857E-04
4.61018857E-04
4.61018857E-04
4.61018857E-04
4.61018857E-04
4.61018857E-04
4.61018857E-04
4.61018857E-04
4.61018857E-04
4.61018857E-04
4.61018857E-04
4.61018857E-04
4.61018857E-04
4.61018857E-04
4.61018857E-04
4.61018857E-04
5.18949008E-04
5.18949008E-04
5.18949008E-04
5.18949008E-04
5.18949008E-04
5.18949008E-04
5.18949008E-04
5.18949008E-04
5.18949008E-04
5.18949008E-04
5.18949008E-04
5.18949008E-04
5.18949008E-04
5.18949008E-04
5.18949008E-04
5.18949008E-04
5.18949008E-04
5.18949008E-04
5.18949008E-04
5.18949008E-04
5.18949008E-04
5.84137110E-04
5.84137110E-04
5.84137110E-04
5.84137110E-04
5.84137110E-04
5.84137110E-04
5.84137110E-04
5.84137110E-04
5.84137110E-04
5.84137110E-04
5.84137110E-04
5.84137110E-04
5.84137110E-04
5.84137110E-04
5.84137110E-04
5.84137110E-04
5.84137110E-04
5.84137110E-04
5.84137110E-04
5.84137110E-04
5.84137110E-04
5.84137110E-04
6.57486787E-04
6.57486787E-04
6.57486787E-04
6.57486787E-04
6.57486787E-04
6.57486787E-04
6.57486787E-04
6.57486787E-04
6.57486787E-04
6.57486787E-04
6.57486787E-04
6.57486787E-04
6.57486787E-04
6.57486787E-04
6.57486787E-04
6.57486787E-04
6.57486787E-04
6.57486787E-04
6.57486787E-04
6.57486787E-04
6.57486787E-04
7.40012637E-04
7.40012637E-04
7.40012637E-04
7.40012637E-04
7.40012637E-04
7.40012637E-04
7.40012637E-04
7.40012637E-04
7.40012637E-04
7.40012637E-04
7.40012637E-04
7.40012637E-04
7.40012637E-04
7.40012637E-04
7.40012637E-04
7.40012637E-04
7.40012637E-04
7.40012637E-04
7.40012637E-04
7.40012637E-04
7.40012637E-04
7.40012637E-04
8.32853455E-04
8.32853455E-04
8.32853455E-04
8.32853455E-04
8.32853455E-04
8.32853455E-04
8.32853455E-04
8.32853455E-04
8.32853455E-04
8.32853455E-04
8.32853455E-04
8.32853455E-04
8.32853455E-04
8.32853455E-04
8.32853455E-04
8.32853455E-04
8.32853455E-04
8.32853455E-04
8.32853455E-04
8.32853455E-04
8.32853455E-04
9.37286917E-04
9.37286917E-04
9.37286917E-04
9.37286917E-04
9.37286917E-04
9.37286917E-04
9.37286917E-04
9.37286917E-04
9.37286917E-04
9.37286917E-04
9.37286917E-04
9.37286917E-04
9.37286917E-04
9.37286917E-04
9.37286917E-04
9.37286917E-04
9.37286917E-04
9.37286917E-04
9.37286917E-04
9.37286917E-04
9.37286917E-04
9.37286917E-04
1.05474586E-03
1.05474586E-03
1.05474586E-03
1.05474586E-03
1.05474586E-03
1.05474586E-03
1.05474586E-03
1.05474586E-03
1.05474586E-03
1.05474586E-03
1.05474586E-03
1.05474586E-03
1.05474586E-03
1.05474586E-03
1.05474586E-03
1.05474586E-03
1.05474586E-03
1.05474586E-03
1.05474586E-03
1.05474586E-03
1.05474586E-03
1.18683629E-03
1.18683629E-03
1.18683629E-03
1.18683629E-03
1.18683629E-03
1.18683629E-03
1.18683629E-03
1.18683629E-03
1.18683629E-03
1.18683629E-03
1.18683629E-03
1.18683629E-03
1.18683629E-03
1.18683629E-03
1.18683629E-03
1.18683629E-03
1.18683629E-03
1.18683629E-03
1.18683629E-03
1.18683629E-03
1.18683629E-03
1.18683629E-03
1.33535728E-03
1.33535728E-03
1.33535728E-03
1.33535728E-03
1.33535728E-03
1.33535728E-03
1.33535728E-03
1.33535728E-03
1.33535728E-03
1.33535728E-03
1.33535728E-03
1.33535728E-03
1.33535728E-03
1.33535728E-03
1.33535728E-03
1.33535728E-03
1.33535728E-03
1.33535728E-03
1.33535728E-03
1.33535728E-03
1.33535728E-03
1.50232283E-03
1.50232283E-03
1.50232283E-03
1.50232283E-03
1.50232283E-03
1.50232283E-03
1.50232283E-03
1.50232283E-03
1.50232283E-03
1.50232283E-03
1.50232283E-03
1.50232283E-03
1.50232283E-03
1.50232283E-03
1.50232283E-03
1.50232283E-03
1.50232283E-03
1.50232283E-03
1.50232283E-03
1.50232283E-03
1.50232283E-03
1.50232283E-03
1.68998587E-03
1.68998587E-03
1.68998587E-03
1.68998587E-03
1.68998587E-03
1.68998587E-03
1.68998587E-03
1.68998587E-03
1.68998587E-03
1.68998587E-03
1.68998587E-03
1.68998587E-03
1.68998587E-03
1.68998587E-03
1.68998587E-03
1.68998587E-03
1.68998587E-03
1.68998587E-03
1.68998587E-03
1.68998587E-03
1.68998587E-03
1.90086446E-03
1.90086446E-03
1.90086446E-03
1.90086446E-03
1.90086446E-03
1.90086446E-03
1.90086446E-03
1.90086446E-03
1.90086446E-03
1.90086446E-03
1.90086446E-03
1.90086446E-03
1.90086446E-03
1.90086446E-03
1.90086446E-03
1.90086446E-03
1.90086446E-03
1.90086446E-03
1.90086446E-03
1.90086446E-03
1.90086446E-03
1.90086446E-03
2.13777033E-03
2.13777033E-03
2.13777033E-03
2.13777033E-03
2.13777033E-03
2.13777033E-03
2.13777033E-03
2.13777033E-03
2.13777033E-03
2.13777033E-03
2.13777033E-03
2.13777033E-03
2.13777033E-03
2.13777033E-03
2.13777033E-03
2.13777033E-03
2.13777033E-03
2.13777033E-03
2.13777033E-03
2.13777033E-03
2.13777033E-03
2.40383972E-03
2.40383972E-03
2.40383972E-03
2.40383972E-03
2.40383972E-03
2.40383972E-03
2.40383972E-03
2.40383972E-03
2.40383972E-03
2.40383972E-03
2.40383972E-03
2.40383972E-03
2.40383972E-03
2.40383972E-03
2.40383972E-03
2.40383972E-03
2.40383972E-03
2.40383972E-03
2.40383972E-03
2.40383972E-03
2.40383972E-03
2.40383972E-03
2.70256651E-03
2.70256651E-03
2.70256651E-03
2.70256651E-03
2.70256651E-03
2.70256651E-03
2.70256651E-03
2.70256651E-03
2.70256651E-03
2.70256651E-03
2.70256651E-03
2.70256651E-03
2.70256651E-03
2.70256651E-03
2.70256651E-03
2.70256651E-03
2.70256651E-03
2.70256651E-03
2.70256651E-03
2.70256651E-03
2.70256651E-03
3.03783762E-03
3.03783762E-03
3.03783762E-03
3.03783762E-03
3.03783762E-03
3.03783762E-03
3.03783762E-03
3.03783762E-03
3.03783762E-03
3.03783762E-03
3.03783762E-03
3.03783762E-03
3.03783762E-03
3.03783762E-03
3.03783762E-03
3.03783762E-03
3.03783762E-03
3.03783762E-03
3.03783762E-03
3.03783762E-03
3.03783762E-03
3.03783762E-03
3.41397031E-03
3.41397031E-03
3.41397031E-03
3.41397031E-03
3.41397031E-03
3.41397031E-03
3.41397031E-03
3.41397031E-03
3.41397031E-03
3.41397031E-03
3.41397031E-03
3.41397031E-03
3.41397031E-03
3.41397031E-03
3.41397031E-03
3.41397031E-03
3.41397031E-03
3.41397031E-03
3.41397031E-03
3.41397031E-03
3.41397031E-03
3.83575121E-03
3.83575121E-03
3.83575121E-03
3.83575121E-03
3.83575121E-03
3.83575121E-03
3.83575121E-03
3.83575121E-03
3.83575121E-03
3.83575121E-03
3.83575121E-03
3.83575121E-03
3.83575121E-03
3.83575121E-03
3.83575121E-03
3.83575121E-03
3.83575121E-03
3.83575121E-03
3.83575121E-03
3.83575121E-03
3.83575121E-03
3.83575121E-03
4.30847642E-03
4.30847642E-03
4.30847642E-03
4.30847642E-03
4.30847642E-03
4.30847642E-03
4.30847642E-03
4.30847642E-03
4.30847642E-03
4.30847642E-03
4.30847642E-03
4.30847642E-03
4.30847642E-03
4.30847642E-03
4.30847642E-03
4.30847642E-03
4.30847642E-03
4.30847642E-03
4.30847642E-03
4.30847642E-03
4.30847642E-03
4.83799194E-03
4.83799194E-03
4.83799194E-03
4.83799194E-03
4.83799194E-03
4.83799194E-03
4.83799194E-03
4.83799194E-03
4.83799194E-03
4.83799194E-03
4.83799194E-03
4.83799194E-03
4.83799194E-03
4.83799194E-03
4.83799194E-03
4.83799194E-03
4.83799194E-03
4.83799194E-03
4.83799194E-03
4.83799194E-03
4.83799194E-03
4.83799194E-03
5.43073342E-03
5.43073342E-03
5.43073342E-03
5.43073342E-03
5.43073342E-03
5.43073342E-03
5.43073342E-03
5.43073342E-03
5.43073342E-03
5.43073342E-03
5.43073342E-03
5.43073342E-03
5.43073342E-03
5.43073342E-03
5.43073342E-03
5.43073342E-03
5.43073342E-03
5.43073342E-03
5.43073342E-03
5.43073342E-03
5.43073342E-03
6.09376377E-03
6.09376377E-03
6.09376377E-03
6.09376377E-03
6.09376377E-03
6.09376377E-03
6.09376377E-03
6.09376377E-03
6.09376377E-03
6.09376377E-03
6.09376377E-03
6.09376377E-03
6.09376377E-03
6.09376377E-03
6.09376377E-03
6.09376377E-03
6.09376377E-03
6.09376377E-03
6.09376377E-03
6.09376377E-03
6.09376377E-03
6.09376377E-03
6.83480673E-03
6.83480673E-03
6.83480673E-03
6.83480673E-03
6.83480673E-03
6.83480673E-03
6.83480673E-03
6.83480673E-03
6.83480673E-03
6.83480673E-03
6.83480673E-03
6.83480673E-03
6.83480673E-03
6.83480673E-03
6.83480673E-03
6.83480673E-03
6.83480673E-03
6.83480673E-03
6.83480673E-03
6.83480673E-03
6.83480673E-03
7.66227401E-03
7.66227401E-03
7.66227401E-03
7.66227401E-03
7.66227401E-03
7.66227401E-03
7.66227401E-03
7.66227401E-03
7.66227401E-03
7.66227401E-03
7.66227401E-03
7.66227401E-03
7.66227401E-03
7.66227401E-03
7.66227401E-03
7.66227401E-03
7.66227401E-03
7.66227401E-03
7.66227401E-03
7.66227401E-03
7.66227401E-03
7.66227401E-03
8.58528297E-03
8.58528297E-03
8.58528297E-03
8.58528297E-03
8.58528297E-03
8.58528297E-03
8.58528297E-03
8.58528297E-03
8.58528297E-03
8.58528297E-03
8.58528297E-03
8.58528297E-03
8.58528297E-03
8.58528297E-03
8.58528297E-03
8.58528297E-03
8.58528297E-03
8.58528297E-03
8.58528297E-03
8.58528297E-03
8.58528297E-03
9.61366090E-03
9.61366090E-03
9.61366090E-03
9.61366090E-03
9.61366090E-03
9.61366090E-03
9.61366090E-03
9.61366090E-03
9.61366090E-03
9.61366090E-03
9.61366090E-03
9.61366090E-03
9.61366090E-03
9.61366090E-03
9.61366090E-03
9.61366090E-03
9.61366090E-03
9.61366090E-03
9.61366090E-03
9.61366090E-03
9.61366090E-03
9.61366090E-03
1.07579313E-02
1.07579313E-02
1.07579313E-02
1.07579313E-02
1.07579313E-02
1.07579313E-02
1.07579313E-02
1.07579313E-02
1.07579313E-02
1.07579313E-02
1.07579313E-02
1.07579313E-02
1.07579313E-02
1.07579313E-02
1.07579313E-02
1.07579313E-02
1.07579313E-02
1.07579313E-02
1.07579313E-02
1.07579313E-02
1.07579313E-02
1.20292764E-02
1.20292764E-02
1.20292764E-02
1.20292764E-02
1.20292764E-02
1.20292764E-02
1.20292764E-02
1.20292764E-02
1.20292764E-02
1.20292764E-02
1.20292764E-02
1.20292764E-02
1.20292764E-02
1.20292764E-02
1.20292764E-02
1.20292764E-02
1.20292764E-02
1.20292764E-02
1.20292764E-02
1.20292764E-02
1.20292764E-02
1.20292764E-02
1.34394691E-02
1.34394691E-02
1.34394691E-02
1.34394691E-02
1.34394691E-02
1.34394691E-02
1.34394691E-02
1.34394691E-02
1.34394691E-02
1.34394691E-02
1.34394691E-02
1.34394691E-02
1.34394691E-02
1.34394691E-02
1.34394691E-02
1.34394691E-02
1.34394691E-02
1.34394691E-02
1.34394691E-02
1.34394691E-02
1.34394691E-02
1.50007663E-02
1.50007663E-02
1.50007663E-02
1.50007663E-02
1.50007663E-02
1.50007663E-02
1.50007663E-02
1.50007663E-02
1.50007663E-02
1.50007663E-02
1.50007663E-02
1.50007663E-02
1.50007663E-02
1.50007663E-02
1.50007663E-02
1.50007663E-02
1.50007663E-02
1.50007663E-02
1.50007663E-02
1.50007663E-02
1.50007663E-02
1.50007663E-02
1.67257551E-02
1.67257551E-02
1.67257551E-02
1.67257551E-02
1.67257551E-02
1.67257551E-02
1.67257551E-02
1.67257551E-02
1.67257551E-02
1.67257551E-02
1.67257551E-02
1.67257551E-02
1.67257551E-02
1.67257551E-02
1.67257551E-02
1.67257551E-02
1.67257551E-02
1.67257551E-02
1.67257551E-02
1.67257551E-02
1.67257551E-02
1.86271414E-02
1.86271414E-02
1.86271414E-02
1.86271414E-02
1.86271414E-02
1.86271414E-02
1.86271414E-02
1.86271414E-02
1.86271414E-02
1.86271414E-02
1.86271414E-02
1.86271414E-02
1.86271414E-02
1.86271414E-02
1.86271414E-02
1.86271414E-02
1.86271414E-02
1.86271414E-02
1.86271414E-02
1.86271414E-02
1.86271414E-02
1.86271414E-02
2.07174697E-02
2.07174697E-02
2.07174697E-02
2.07174697E-02
2.07174697E-02
2.07174697E-02
2.07174697E-02
2.07174697E-02
2.07174697E-02
2.07174697E-02
2.07174697E-02
2.07174697E-02
2.07174697E-02
2.07174697E-02
2.07174697E-02
2.07174697E-02
2.07174697E-02
2.07174697E-02
2.07174697E-02
2.07174697E-02
2.07174697E-02
2.30087644E-02
2.30087644E-02
2.30087644E-02
2.30087644E-02
2.30087644E-02
2.30087644E-02
2.30087644E-02
2.30087644E-02
2.30087644E-02
2.30087644E-02
2.30087644E-02
2.30087644E-02
2.30087644E-02
2.30087644E-02
2.30087644E-02
2.30087644E-02
2.30087644E-02
2.30087644E-02
2.30087644E-02
2.30087644E-02
2.30087644E-02
2.30087644E-02
2.55120810E-02
2.55120810E-02
2.55120810E-02
2.55120810E-02
2.55120810E-02
2.55120810E-02
2.55120810E-02
2.55120810E-02
2.55120810E-02
2.55120810E-02
2.55120810E-02
2.55120810E-02
2.55120810E-02
2.55120810E-02
2.55120810E-02
2.55120810E-02
2.55120810E-02
2.55120810E-02
2.55120810E-02
2.55120810E-02
2.55120810E-02
2.82369586E-02
2.82369586E-02
2.82369586E-02
2.82369586E-02
2.82369586E-02
2.82369586E-02
2.82369586E-02
2.82369586E-02
2.82369586E-02
2.82369586E-02
2.82369586E-02
2.82369586E-02
2.82369586E-02
2.82369586E-02
2.82369586E-02
2.82369586E-02
2.82369586E-02
2.82369586E-02
2.82369586E-02
2.82369586E-02
2.82369586E-02
2.82369586E-02
3.11907677E-02
3.11907677E-02
3.11907677E-02
3.11907677E-02
3.11907677E-02
3.11907677E-02
3.11907677E-02
3.11907677E-02
3.11907677E-02
3.11907677E-02
3.11907677E-02
3.11907677E-02
3.11907677E-02
3.11907677E-02
3.11907677E-02
3.11907677E-02
3.11907677E-02
3.11907677E-02
3.11907677E-02
3.11907677E-02
3.11907677E-02
3.43779526E-02
3.43779526E-02
3.43779526E-02
3.43779526E-02
3.43779526E-02
3.43779526E-02
3.43779526E-02
3.43779526E-02
3.43779526E-02
3.43779526E-02
3.43779526E-02
3.43779526E-02
3.43779526E-02
3.43779526E-02
3.43779526E-02
3.43779526E-02
3.43779526E-02
3.43779526E-02
3.43779526E-02
3.43779526E-02
3.43779526E-02
3.43779526E-02
3.77991736E-02
3.77991736E-02
3.77991736E-02
3.77991736E-02
3.77991736E-02
3.77991736E-02
3.77991736E-02
3.77991736E-02
3.77991736E-02
3.77991736E-02
3.77991736E-02
3.77991736E-02
3.77991736E-02
3.77991736E-02
3.77991736E-02
3.77991736E-02
3.77991736E-02
3.77991736E-02
3.77991736E-02
3.77991736E-02
3.77991736E-02
4.14503655E-02
4.14503655E-02
4.14503655E-02
4.14503655E-02
4.14503655E-02
4.14503655E-02
4.14503655E-02
4.14503655E-02
4.14503655E-02
4.14503655E-02
4.14503655E-02
4.14503655E-02
4.14503655E-02
4.14503655E-02
4.14503655E-02
4.14503655E-02
4.14503655E-02
4.14503655E-02
4.14503655E-02
4.14503655E-02
4.14503655E-02
4.14503655E-02
4.53217408E-02
4.53217408E-02
4.53217408E-02
4.53217408E-02
4.53217408E-02
4.53217408E-02
4.53217408E-02
4.53217408E-02
4.53217408E-02
4.53217408E-02
4.53217408E-02
4.53217408E-02
4.53217408E-02
4.53217408E-02
4.53217408E-02
4.53217408E-02
4.53217408E-02
4.53217408E-02
4.53217408E-02
4.53217408E-02
4.53217408E-02
4.93967801E-02
4.93967801E-02
4.93967801E-02
4.93967801E-02
4.93967801E-02
4.93967801E-02
4.93967801E-02
4.93967801E-02
4.93967801E-02
4.93967801E-02
4.93967801E-02
4.93967801E-02
4.93967801E-02
4.93967801E-02
4.93967801E-02
4.93967801E-02
4.93967801E-02
4.93967801E-02
4.93967801E-02
4.93967801E-02
4.93967801E-02
4.93967801E-02
5.36512707E-02
5.36512707E-02
5.36512707E-02
5.36512707E-02
5.36512707E-02
5.36512707E-02
5.36512707E-02
5.36512707E-02
5.36512707E-02
5.36512707E-02
5.36512707E-02
5.36512707E-02
5.36512707E-02
5.36512707E-02
5.36512707E-02
5.36512707E-02
5.36512707E-02
5.36512707E-02
5.36512707E-02
5.36512707E-02
5.36512707E-02
5.80524704E-02
5.80524704E-02
5.80524704E-02
5.80524704E-02
5.80524704E-02
5.80524704E-02
5.80524704E-02
5.80524704E-02
5.80524704E-02
5.80524704E-02
5.80524704E-02
5.80524704E-02
5.80524704E-02
5.80524704E-02
5.80524704E-02
5.80524704E-02
5.80524704E-02
5.80524704E-02
5.80524704E-02
5.80524704E-02
5.80524704E-02
5.80524704E-02
6.25584917E-02
6.25584917E-02
6.25584917E-02
6.25584917E-02
6.25584917E-02
6.25584917E-02
6.25584917E-02
6.25584917E-02
6.25584917E-02
6.25584917E-02
6.25584917E-02
6.25584917E-02
6.25584917E-02
6.25584917E-02
6.25584917E-02
6.25584917E-02
6.25584917E-02
6.25584917E-02
6.25584917E-02
6.25584917E-02
6.25584917E-02
6.71180094E-02
6.71180094E-02
6.71180094E-02
6.71180094E-02
6.71180094E-02
6.71180094E-02
6.71180094E-02
6.71180094E-02
6.71180094E-02
6.71180094E-02
6.71180094E-02
6.71180094E-02
6.71180094E-02
6.71180094E-02
6.71180094E-02
6.71180094E-02
6.71180094E-02
6.71180094E-02
6.71180094E-02
6.71180094E-02
6.71180094E-02
6.71180094E-02
7.16704047E-02
7.16704047E-02
7.16704047E-02
7.16704047E-02
7.16704047E-02
7.16704047E-02
7.16704047E-02
7.16704047E-02
7.16704047E-02
7.16704047E-02
7.16704047E-02
7.16704047E-02
7.16704047E-02
7.16704047E-02
7.16704047E-02
7.16704047E-02
7.16704047E-02
7.16704047E-02
7.16704047E-02
7.16704047E-02
7.16704047E-02
7.61464446E-02
7.61464446E-02
7.61464446E-02
7.61464446E-02
7.61464446E-02
7.61464446E-02
7.61464446E-02
7.61464446E-02
7.61464446E-02
7.61464446E-02
7.61464446E-02
7.61464446E-02
7.61464446E-02
7.61464446E-02
7.61464446E-02
7.61464446E-02
7.61464446E-02
7.61464446E-02
7.61464446E-02
7.61464446E-02
7.61464446E-02
7.61464446E-02
8.04695803E-02
8.04695803E-02
8.04695803E-02
8.04695803E-02
8.04695803E-02
8.04695803E-02
8.04695803E-02
8.04695803E-02
8.04695803E-02
8.04695803E-02
8.04695803E-02
8.04695803E-02
8.04695803E-02
8.04695803E-02
8.04695803E-02
8.04695803E-02
8.04695803E-02
8.04695803E-02
8.04695803E-02
8.04695803E-02
8.04695803E-02
8.45579040E-02
8.45579040E-02
8.45579040E-02
8.45579040E-02
8.45579040E-02
8.45579040E-02
8.45579040E-02
8.45579040E-02
8.45579040E-02
8.45579040E-02
8.45579040E-02
8.45579040E-02
8.45579040E-02
8.45579040E-02
8.45579040E-02
8.45579040E-02
8.45579040E-02
8.45579040E-02
8.45579040E-02
8.45579040E-02
8.45579040E-02
8.45579040E-02
8.83267545E-02
8.83267545E-02
8.83267545E-02
8.83267545E-02
8.83267545E-02
8.83267545E-02
8.83267545E-02
8.83267545E-02
8.83267545E-02
8.83267545E-02
8.83267545E-02
8.83267545E-02
8.83267545E-02
8.83267545E-02
8.83267545E-02
8.83267545E-02
8.83267545E-02
8.83267545E-02
8.83267545E-02
8.83267545E-02
8.83267545E-02
9.16918878E-02
9.16918878E-02
9.16918878E-02
9.16918878E-02
9.16918878E-02
9.16918878E-02
9.16918878E-02
9.16918878E-02
9.16918878E-02
9.16918878E-02
9.16918878E-02
9.16918878E-02
9.16918878E-02
9.16918878E-02
9.16918878E-02
9.16918878E-02
9.16918878E-02
9.16918878E-02
9.16918878E-02
9.16918878E-02
9.16918878E-02
9.16918878E-02
9.45730632E-02
9.45730632E-02
9.45730632E-02
9.45730632E-02
9.45730632E-02
9.45730632E-02
9.45730632E-02
9.45730632E-02
9.45730632E-02
9.45730632E-02
9.45730632E-02
9.45730632E-02
9.45730632E-02
9.45730632E-02
9.45730632E-02
9.45730632E-02
9.45730632E-02
9.45730632E-02
9.45730632E-02
9.45730632E-02
9.45730632E-02
9.68978175E-02
9.68978175E-02
9.68978175E-02
9.68978175E-02
9.68978175E-02
9.68978175E-02
9.68978175E-02
9.68978175E-02
9.68978175E-02
9.68978175E-02
9.68978175E-02
9.68978175E-02
9.68978175E-02
9.68978175E-02
9.68978175E-02
9.68978175E-02
9.68978175E-02
9.68978175E-02
9.68978175E-02
9.68978175E-02
9.68978175E-02
9.68978175E-02
9.86051531E-02
9.86051531E-02
9.86051531E-02
9.86051531E-02
9.86051531E-02
9.86051531E-02
9.86051531E-02
9.86051531E-02
9.86051531E-02
9.86051531E-02
9.86051531E-02
9.86051531E-02
9.86051531E-02
9.86051531E-02
9.86051531E-02
9.86051531E-02
9.86051531E-02
9.86051531E-02
9.86051531E-02
9.86051531E-02
9.86051531E-02
9.96488349E-02
9.96488349E-02
9.96488349E-02
9.96488349E-02
9.96488349E-02
9.96488349E-02
9.96488349E-02
9.96488349E-02
9.96488349E-02
9.96488349E-02
9.96488349E-02
9.96488349E-02
9.96488349E-02
9.96488349E-02
9.96488349E-02
9.96488349E-02
9.96488349E-02
9.96488349E-02
9.96488349E-02
9.96488349E-02
9.96488349E-02
9.96488349E-02
1.00000000E-01
1.00000000E-01
1.00000000E-01
1.00000000E-01
1.00000000E-01
1.00000000E-01
1.00000000E-01
1.00000000E-01
1.00000000E-01
1.00000000E-01
1.00000000E-01
1.00000000E-01
1.00000000E-01
1.00000000E-01
1.00000000E-01
1.00000000E-01
1.00000000E-01
1.00000000E-01
1.00000000E-01
1.00000000E-01
1.00000000E-01
9.96488349E-02
9.96488349E-02
9.96488349E-02
9.96488349E-02
9.96488349E-02
9.96488349E-02
9.96488349E-02
9.96488349E-02
9.96488349E-02
9.96488349E-02
9.96488349E-02
9.96488349E-02
9.96488349E-02
9.96488349E-02
9.96488349E-02
9.96488349E-02
9.96488349E-02
9.96488349E-02
9.96488349E-02
9.96488349E-02
9.96488349E-02
9.96488349E-02
9.86051531E-02
9.86051531E-02
9.86051531E-02
9.86051531E-02
9.86051531E-02
9.86051531E-02
9.86051531E-02
9.86051531E-02
9.86051531E-02
9.86051531E-02
9.86051531E-02
9.86051531E-02
9.86051531E-02
9.86051531E-02
9.86051531E-02
9.86051531E-02
9.86051531E-02
9.86051531E-02
9.86051531E-02
9.86051531E-02
9.86051531E-02
9.68978175E-02
9.68978175E-02
9.68978175E-02
9.68978175E-02
9.68978175E-02
9.68978175E-02
9.68978175E-02
9.68978175E-02
9.68978175E-02
9.68978175E-02
9.68978175E-02
9.68978175E-02
9.68978175E-02
9.68978175E-02
9.68978175E-02
9.68978175E-02
9.68978175E-02
9.68978175E-02
9.68978175E-02
9.68978175E-02
9.68978175E-02
9.68978175E-02
9.45730632E-02
9.45730632E-02
9.45730632E-02
9.45730632E-02
9.45730632E-02
9.45730632E-02
9.45730632E-02
9.45730632E-02
9.45730632E-02
9.45730632E-02
9.45730632E-02
9.45730632E-02
9.45730632E-02
9.45730632E-02
9.45730632E-02
9.45730632E-02
9.45730632E-02
9.45730632E-02
9.45730632E-02
9.45730632E-02
9.45730632E-02
9.16918878E-02
9.16918878E-02
9.16918878E-02
9.16918878E-02
9.16918878E-02
9.16918878E-02
9.16918878E-02
9.16918878E-02
9.16918878E-02
9.16918878E-02
9.16918878E-02
9.16918878E-02
9.16918878E-02
9.16918878E-02
9.16918878E-02
9.16918878E-02
9.16918878E-02
9.16918878E-02
9.16918878E-02
9.16918878E-02
9.16918878E-02
9.16918878E-02
8.83267545E-02
8.83267545E-02
8.83267545E-02
8.83267545E-02
8.83267545E-02
8.83267545E-02
8.83267545E-02
8.83267545E-02
8.83267545E-02
8.83267545E-02
8.83267545E-02
8.83267545E-02
8.83267545E-02
8.83267545E-02
8.83267545E-02
8.83267545E-02
8.83267545E-02
8.83267545E-02
8.83267545E-02
8.83267545E-02
8.83267545E-02
8.45579040E-02
8.45579040E-02
8.45579040E-02
8.45579040E-02
8.45579040E-02
8.45579040E-02
8.45579040E-02
8.45579040E-02
8.45579040E-02
8.45579040E-02
8.45579040E-02
8.45579040E-02
8.45579040E-02
8.45579040E-02
8.45579040E-02
8.45579040E-02
8.45579040E-02
8.45579040E-02
8.45579040E-02
8.45579040E-02
8.45579040E-02
8.45579040E-02
8.04695803E-02
8.04695803E-02
8.04695803E-02
8.04695803E-02
8.04695803E-02
8.04695803E-02
8.04695803E-02
8.04695803E-02
8.04695803E-02
8.04695803E-02
8.04695803E-02
8.04695803E-02
8.04695803E-02
8.04695803E-02
8.04695803E-02
8.04695803E-02
8.04695803E-02
8.04695803E-02
8.04695803E-02
8.04695803E-02
8.04695803E-02
7.61464446E-02
7.61464446E-02
7.61464446E-02
7.61464446E-02
7.61464446E-02
7.61464446E-02
7.61464446E-02
7.61464446E-02
7.61464446E-02
7.61464446E-02
7.61464446E-02
7.61464446E-02
7.61464446E-02
7.61464446E-02
7.61464446E-02
7.61464446E-02
7.61464446E-02
7.61464446E-02
7.61464446E-02
7.61464446E-02
7.61464446E-02
7.61464446E-02
7.16704047E-02
7.16704047E-02
7.16704047E-02
7.16704047E-02
7.16704047E-02
7.16704047E-02
7.16704047E-02
7.16704047E-02
7.16704047E-02
7.16704047E-02
7.16704047E-02
7.16704047E-02
7.16704047E-02
7.16704047E-02
7.16704047E-02
7.16704047E-02
7.16704047E-02
7.16704047E-02
7.16704047E-02
7.16704047E-02
7.16704047E-02
6.71180094E-02
6.71180094E-02
6.71180094E-02
6.71180094E-02
6.71180094E-02
6.71180094E-02
6.71180094E-02
6.71180094E-02
6.71180094E-02
6.71180094E-02
6.71180094E-02
6.71180094E-02
6.71180094E-02
6.71180094E-02
6.71180094E-02
6.71180094E-02
6.71180094E-02
6.71180094E-02
6.71180094E-02
6.71180094E-02
6.71180094E-02
6.71180094E-02
6.25584917E-02
6.25584917E-02
6.25584917E-02
6.25584917E-02
6.25584917E-02
6.25584917E-02
6.25584917E-02
6.25584917E-02
6.25584917E-02
6.25584917E-02
6.25584917E-02
6.25584917E-02
6.25584917E-02
6.25584917E-02
6.25584917E-02
6.25584917E-02
6.25584917E-02
6.25584917E-02
6.25584917E-02
6.25584917E-02
6.25584917E-02
5.80524704E-02
5.80524704E-02
5.80524704E-02
5.80524704E-02
5.80524704E-02
5.80524704E-02
5.80524704E-02
5.80524704E-02
5.80524704E-02
5.80524704E-02
5.80524704E-02
5.80524704E-02
5.80524704E-02
5.80524704E-02
5.80524704E-02
5.80524704E-02
5.80524704E-02
5.80524704E-02
5.80524704E-02
5.80524704E-02
5.80524704E-02
5.80524704E-02
5.36512707E-02
5.36512707E-02
5.36512707E-02
5.36512707E-02
5.36512707E-02
5.36512707E-02
5.36512707E-02
5.36512707E-02
5.36512707E-02
5.36512707E-02
5.36512707E-02
5.36512707E-02
5.36512707E-02
5.36512707E-02
5.36512707E-02
5.36512707E-02
5.36512707E-02
5.36512707E-02
5.36512707E-02
5.36512707E-02
5.36512707E-02
4.93967801E-02
4.93967801E-02
4.93967801E-02
4.93967801E-02
4.93967801E-02
4.93967801E-02
4.93967801E-02
4.93967801E-02
4.93967801E-02
4.93967801E-02
4.93967801E-02
4.93967801E-02
4.93967801E-02
4.93967801E-02
4.93967801E-02
4.93967801E-02
4.93967801E-02
4.93967801E-02
4.93967801E-02
4.93967801E-02
4.93967801E-02
4.93967801E-02
4.53217408E-02
4.53217408E-02
4.53217408E-02
4.53217408E-02
4.53217408E-02
4.53217408E-02
4.53217408E-02
4.53217408E-02
4.53217408E-02
4.53217408E-02
4.53217408E-02
4.53217408E-02
4.53217408E-02
4.53217408E-02
4.53217408E-02
4.53217408E-02
4.53217408E-02
4.53217408E-02
4.53217408E-02
4.53217408E-02
4.53217408E-02
4.14503655E-02
4.14503655E-02
4.14503655E-02
4.14503655E-02
4.14503655E-02
4.14503655E-02
4.14503655E-02
4.14503655E-02
4.14503655E-02
4.14503655E-02
4.14503655E-02
4.14503655E-02
4.14503655E-02
4.14503655E-02
4.14503655E-02
4.14503655E-02
4.14503655E-02
4.14503655E-02
4.14503655E-02
4.14503655E-02
4.14503655E-02
4.14503655E-02
3.77991736E-02
3.77991736E-02
3.77991736E-02
3.77991736E-02
3.77991736E-02
3.77991736E-02
3.77991736E-02
3.77991736E-02
3.77991736E-02
3.77991736E-02
3.77991736E-02
3.77991736E-02
3.77991736E-02
3.77991736E-02
3.77991736E-02
3.77991736E-02
3.77991736E-02
3.77991736E-02
3.77991736E-02
3.77991736E-02
3.77991736E-02
3.43779526E-02
3.43779526E-02
3.43779526E-02
3.43779526E-02
3.43779526E-02
3.43779526E-02
3.43779526E-02
3.43779526E-02
3.43779526E-02
3.43779526E-02
3.43779526E-02
3.43779526E-02
3.43779526E-02
3.43779526E-02
3.43779526E-02
3.43779526E-02
3.43779526E-02
3.43779526E-02
3.43779526E-02
3.43779526E-02
3.43779526E-02
3.43779526E-02
3.11907678E-02
3.11907678E-02
3.11907678E-02
3.11907678E-02
3.11907678E-02
3.11907678E-02
3.11907678E-02
3.11907678E-02
3.11907678E-02
3.11907678E-02
3.11907678E-02
3.11907678E-02
3.11907678E-02
3.11907678E-02
3.11907678E-02
3.11907678E-02
3.11907678E-02
3.11907678E-02
3.11907678E-02
3.11907678E-02
3.11907678E-02
2.82369586E-02
2.82369586E-02
2.82369586E-02
2.82369586E-02
2.82369586E-02
2.82369586E-02
2.82369586E-02
2.82369586E-02
2.82369586E-02
2.82369586E-02
2.82369586E-02
2.82369586E-02
2.82369586E-02
2.82369586E-02
2.82369586E-02
2.82369586E-02
2.82369586E-02
2.82369586E-02
2.82369586E-02
2.82369586E-02
2.82369586E-02
2.82369586E-02
2.55120810E-02
2.55120810E-02
2.55120810E-02
2.55120810E-02
2.55120810E-02
2.55120810E-02
2.55120810E-02
2.55120810E-02
2.55120810E-02
2.55120810E-02
2.55120810E-02
2.55120810E-02
2.55120810E-02
2.55120810E-02
2.55120810E-02
2.55120810E-02
2.55120810E-02
2.55120810E-02
2.55120810E-02
2.55120810E-02
2.55120810E-02
2.30087644E-02
2.30087644E-02
2.30087644E-02
2.30087644E-02
2.30087644E-02
2.30087644E-02
2.30087644E-02
2.30087644E-02
2.30087644E-02
2.30087644E-02
2.30087644E-02
2.30087644E-02
2.30087644E-02
2.30087644E-02
2.30087644E-02
2.30087644E-02
2.30087644E-02
2.30087644E-02
2.30087644E-02
2.30087644E-02
2.30087644E-02
2.30087644E-02
2.07174697E-02
2.07174697E-02
2.07174697E-02
2.07174697E-02
2.07174697E-02
2.07174697E-02
2.07174697E-02
2.07174697E-02
2.07174697E-02
2.07174697E-02
2.07174697E-02
2.07174697E-02
2.07174697E-02
2.07174697E-02
2.07174697E-02
2.07174697E-02
2.07174697E-02
2.07174697E-02
2.07174697E-02
2.07174697E-02
2.07174697E-02
1.86271414E-02
1.86271414E-02
1.86271414E-02
1.86271414E-02
1.86271414E-02
1.86271414E-02
1.86271414E-02
1.86271414E-02
1.86271414E-02
1.86271414E-02
1.86271414E-02
1.86271414E-02
1.86271414E-02
1.86271414E-02
1.86271414E-02
1.86271414E-02
1.86271414E-02
1.86271414E-02
1.86271414E-02
1.86271414E-02
1.86271414E-02
1.86271414E-02
1.67257551E-02
1.67257551E-02
1.67257551E-02
1.67257551E-02
1.67257551E-02
1.67257551E-02
1.67257551E-02
1.67257551E-02
1.67257551E-02
1.67257551E-02
1.67257551E-02
1.67257551E-02
1.67257551E-02
1.67257551E-02
1.67257551E-02
1.67257551E-02
1.67257551E-02
1.67257551E-02
1.67257551E-02
1.67257551E-02
1.67257551E-02
1.50007663E-02
1.50007663E-02
1.50007663E-02
1.50007663E-02
1.50007663E-02
1.50007663E-02
1.50007663E-02
1.50007663E-02
1.50007663E-02
1.50007663E-02
1.50007663E-02
1.50007663E-02
1.50007663E-02
1.50007663E-02
1.50007663E-02
1.50007663E-02
1.50007663E-02
1.50007663E-02
1.50007663E-02
1.50007663E-02
1.50007663E-02
1.50007663E-02
1.34394691E-02
1.34394691E-02
1.34394691E-02
1.34394691E-02
1.34394691E-02
1.34394691E-02
1.34394691E-02
1.34394691E-02
1.34394691E-02
1.34394691E-02
1.34394691E-02
1.34394691E-02
1.34394691E-02
1.34394691E-02
1.34394691E-02
1.34394691E-02
1.34394691E-02
1.34394691E-02
1.34394691E-02
1.34394691E-02
1.34394691E-02
1.20292764E-02
1.20292764E-02
1.20292764E-02
1.20292764E-02
1.20292764E-02
1.20292764E-02
1.20292764E-02
1.20292764E-02
1.20292764E-02
1.20292764E-02
1.20292764E-02
1.20292764E-02
1.20292764E-02
1.20292764E-02
1.20292764E-02
1.20292764E-02
1.20292764E-02
1.20292764E-02
1.20292764E-02
1.20292764E-02
1.20292764E-02
1.20292764E-02
1.07579313E-02
1.07579313E-02
1.07579313E-02
1.07579313E-02
1.07579313E-02
1.07579313E-02
1.07579313E-02
1.07579313E-02
1.07579313E-02
1.07579313E-02
1.07579313E-02
1.07579313E-02
1.07579313E-02
1.07579313E-02
1.07579313E-02
1.07579313E-02
1.07579313E-02
1.07579313E-02
1.07579313E-02
1.07579313E-02
1.07579313E-02
9.61366090E-03
9.61366090E-03
9.61366090E-03
9.61366090E-03
9.61366090E-03
9.61366090E-03
9.61366090E-03
9.61366090E-03
9.61366090E-03
9.61366090E-03
9.61366090E-03
9.61366090E-03
9.61366090E-03
9.61366090E-03
9.61366090E-03
9.61366090E-03
9.61366090E-03
9.61366090E-03
9.61366090E-03
9.61366090E-03
9.61366090E-03
9.61366090E-03
8.58528297E-03
8.58528297E-03
8.58528297E-03
8.58528297E-03
8.58528297E-03
8.58528297E-03
8.58528297E-03
8.58528297E-03
8.58528297E-03
8.58528297E-03
8.58528297E-03
8.58528297E-03
8.58528297E-03
8.58528297E-03
8.58528297E-03
8.58528297E-03
8.58528297E-03
8.58528297E-03
8.58528297E-03
8.58528297E-03
8.58528297E-03
7.66227401E-03
7.66227401E-03
7.66227401E-03
7.66227401E-03
7.66227401E-03
7.66227401E-03
7.66227401E-03
7.66227401E-03
7.66227401E-03
7.66227401E-03
7.66227401E-03
7.66227401E-03
7.66227401E-03
7.66227401E-03
7.66227401E-03
7.66227401E-03
7.66227401E-03
7.66227401E-03
7.66227401E-03
7.66227401E-03
7.66227401E-03
7.66227401E-03
6.83480673E-03
6.83480673E-03
6.83480673E-03
6.83480673E-03
6.83480673E-03
6.83480673E-03
6.83480673E-03
6.83480673E-03
6.83480673E-03
6.83480673E-03
6.83480673E-03
6.83480673E-03
6.83480673E-03
6.83480673E-03
6.83480673E-03
6.83480673E-03
6.83480673E-03
6.83480673E-03
6.83480673E-03
6.83480673E-03
6.83480673E-03
6.09376377E-03
6.09376377E-03
6.09376377E-03
6.09376377E-03
6.09376377E-03
6.09376377E-03
6.09376377E-03
6.09376377E-03
6.09376377E-03
6.09376377E-03
6.09376377E-03
6.09376377E-03
6.09376377E-03
6.09376377E-03
6.09376377E-03
6.09376377E-03
6.09376377E-03
6.09376377E-03
6.09376377E-03
6.09376377E-03
6.09376377E-03
6.09376377E-03
5.43073342E-03
5.43073342E-03
5.43073342E-03
5.43073342E-03
5.43073342E-03
5.43073342E-03
5.43073342E-03
5.43073342E-03
5.43073342E-03
5.43073342E-03
5.43073342E-03
5.43073342E-03
5.43073342E-03
5.43073342E-03
5.43073342E-03
5.43073342E-03
5.43073342E-03
5.43073342E-03
5.43073342E-03
5.43073342E-03
5.43073342E-03
4.83799194E-03
4.83799194E-03
4.83799194E-03
4.83799194E-03
4.83799194E-03
4.83799194E-03
4.83799194E-03
4.83799194E-03
4.83799194E-03
4.83799194E-03
4.83799194E-03
4.83799194E-03
4.83799194E-03
4.83799194E-03
4.83799194E-03
4.83799194E-03
4.83799194E-03
4.83799194E-03
4.83799194E-03
4.83799194E-03
4.83799194E-03
4.83799194E-03
4.30847642E-03
4.30847642E-03
4.30847642E-03
4.30847642E-03
4.30847642E-03
4.30847642E-03
4.30847642E-03
4.30847642E-03
4.30847642E-03
4.30847642E-03
4.30847642E-03
4.30847642E-03
4.30847642E-03
4.30847642E-03
4.30847642E-03
4.30847642E-03
4.30847642E-03
4.30847642E-03
4.30847642E-03
4.30847642E-03
4.30847642E-03
3.83575121E-03
3.83575121E-03
3.83575121E-03
3.83575121E-03
3.83575121E-03
3.83575121E-03
3.83575121E-03
3.83575121E-03
3.83575121E-03
3.83575121E-03
3.83575121E-03
3.83575121E-03
3.83575121E-03
3.83575121E-03
3.83575121E-03
3.83575121E-03
3.83575121E-03
3.83575121E-03
3.83575121E-03
3.83575121E-03
3.83575121E-03
3.83575121E-03
3.41397031E-03
3.41397031E-03
3.41397031E-03
3.41397031E-03
3.41397031E-03
3.41397031E-03
3.41397031E-03
3.41397031E-03
3.41397031E-03
3.41397031E-03
3.41397031E-03
3.41397031E-03
3.41397031E-03
3.41397031E-03
3.41397031E-03
3.41397031E-03
3.41397031E-03
3.41397031E-03
3.41397031E-03
3.41397031E-03
3.41397031E-03
3.03783762E-03
3.03783762E-03
3.03783762E-03
3.03783762E-03
3.03783762E-03
3.03783762E-03
3.03783762E-03
3.03783762E-03
3.03783762E-03
3.03783762E-03
3.03783762E-03
3.03783762E-03
3.03783762E-03
3.03783762E-03
3.03783762E-03
3.03783762E-03
3.03783762E-03
3.03783762E-03
3.03783762E-03
3.03783762E-03
3.03783762E-03
3.03783762E-03
2.70256651E-03
2.70256651E-03
2.70256651E-03
2.70256651E-03
2.70256651E-03
2.70256651E-03
2.70256651E-03
2.70256651E-03
2.70256651E-03
2.70256651E-03
2.70256651E-03
2.70256651E-03
2.70256651E-03
2.70256651E-03
2.70256651E-03
2.70256651E-03
2.70256651E-03
2.70256651E-03
2.70256651E-03
2.70256651E-03
2.70256651E-03
2.40383972E-03
2.40383972E-03
2.40383972E-03
2.40383972E-03
2.40383972E-03
2.40383972E-03
2.40383972E-03
2.40383972E-03
2.40383972E-03
2.40383972E-03
2.40383972E-03
2.40383972E-03
2.40383972E-03
2.40383972E-03
2.40383972E-03
2.40383972E-03
2.40383972E-03
2.40383972E-03
2.40383972E-03
2.40383972E-03
2.40383972E-03
2.40383972E-03
2.13777033E-03
2.13777033E-03
2.13777033E-03
2.13777033E-03
2.13777033E-03
2.13777033E-03
2.13777033E-03
2.13777033E-03
2.13777033E-03
2.13777033E-03
2.13777033E-03
2.13777033E-03
2.13777033E-03
2.13777033E-03
2.13777033E-03
2.13777033E-03
2.13777033E-03
2.13777033E-03
2.13777033E-03
2.13777033E-03
2.13777033E-03
1.90086446E-03
1.90086446E-03
1.90086446E-03
1.90086446E-03
1.90086446E-03
1.90086446E-03
1.90086446E-03
1.90086446E-03
1.90086446E-03
1.90086446E-03
1.90086446E-03
1.90086446E-03
1.90086446E-03
1.90086446E-03
1.90086446E-03
1.90086446E-03
1.90086446E-03
1.90086446E-03
1.90086446E-03
1.90086446E-03
1.90086446E-03
1.90086446E-03
1.68998587E-03
1.68998587E-03
1.68998587E-03
1.68998587E-03
1.68998587E-03
1.68998587E-03
1.68998587E-03
1.68998587E-03
1.68998587E-03
1.68998587E-03
1.68998587E-03
1.68998587E-03
1.68998587E-03
1.68998587E-03
1.68998587E-03
1.68998587E-03
1.68998587E-03
1.68998587E-03
1.68998587E-03
1.68998587E-03
1.68998587E-03
1.50232283E-03
1.50232283E-03
1.50232283E-03
1.50232283E-03
1.50232283E-03
1.50232283E-03
1.50232283E-03
1.50232283E-03
1.50232283E-03
1.50232283E-03
1.50232283E-03
1.50232283E-03
1.50232283E-03
1.50232283E-03
1.50232283E-03
1.50232283E-03
1.50232283E-03
1.50232283E-03
1.50232283E-03
1.50232283E-03
1.50232283E-03
1.50232283E-03
1.33535728E-03
1.33535728E-03
1.33535728E-03
1.33535728E-03
1.33535728E-03
1.33535728E-03
1.33535728E-03
1.33535728E-03
1.33535728E-03
1.33535728E-03
1.33535728E-03
1.33535728E-03
1.33535728E-03
1.33535728E-03
1.33535728E-03
1.33535728E-03
1.33535728E-03
1.33535728E-03
1.33535728E-03
1.33535728E-03
1.33535728E-03
1.18683629E-03
1.18683629E-03
1.18683629E-03
1.18683629E-03
1.18683629E-03
1.18683629E-03
1.18683629E-03
1.18683629E-03
1.18683629E-03
1.18683629E-03
1.18683629E-03
1.18683629E-03
1.18683629E-03
1.18683629E-03
1.18683629E-03
1.18683629E-03
1.18683629E-03
1.18683629E-03
1.18683629E-03
1.18683629E-03
1.18683629E-03
1.18683629E-03
1.05474586E-03
1.05474586E-03
1.05474586E-03
1.05474586E-03
1.05474586E-03
1.05474586E-03
1.05474586E-03
1.05474586E-03
1.05474586E-03
1.05474586E-03
1.05474586E-03
1.05474586E-03
1.05474586E-03
1.05474586E-03
1.05474586E-03
1.05474586E-03
1.05474586E-03
1.05474586E-03
1.05474586E-03
1.05474586E-03
1.05474586E-03
9.37286917E-04
9.37286917E-04
9.37286917E-04
9.37286917E-04
9.37286917E-04
9.37286917E-04
9.37286917E-04
9.37286917E-04
9.37286917E-04
9.37286917E-04
9.37286917E-04
9.37286917E-04
9.37286917E-04
9.37286917E-04
9.37286917E-04
9.37286917E-04
9.37286917E-04
9.37286917E-04
9.37286917E-04
9.37286917E-04
9.37286917E-04
9.37286917E-04
8.32853455E-04
8.32853455E-04
8.32853455E-04
8.32853455E-04
8.32853455E-04
8.32853455E-04
8.32853455E-04
8.32853455E-04
8.32853455E-04
8.32853455E-04
8.32853455E-04
8.32853455E-04
8.32853455E-04
8.32853455E-04
8.32853455E-04
8.32853455E-04
8.32853455E-04
8.32853455E-04
8.32853455E-04
8.32853455E-04
8.32853455E-04
7.40012637E-04
7.40012637E-04
7.40012637E-04
7.40012637E-04
7.40012637E-04
7.40012637E-04
7.40012637E-04
7.40012637E-04
7.40012637E-04
7.40012637E-04
7.40012637E-04
7.40012637E-04
7.40012637E-04
7.40012637E-04
7.40012637E-04
7.40012637E-04
7.40012637E-04
7.40012637E-04
7.40012637E-04
7.40012637E-04
7.40012637E-04
7.40012637E-04
6.57486787E-04
6.57486787E-04
6.57486787E-04
6.57486787E-04
6.57486787E-04
6.57486787E-04
6.57486787E-04
6.57486787E-04
6.57486787E-04
6.57486787E-04
6.57486787E-04
6.57486787E-04
6.57486787E-04
6.57486787E-04
6.57486787E-04
6.57486787E-04
6.57486787E-04
6.57486787E-04
6.57486787E-04
6.57486787E-04
6.57486787E-04
5.84137110E-04
5.84137110E-04
5.84137110E-04
5.84137110E-04
5.84137110E-04
5.84137110E-04
5.84137110E-04
5.84137110E-04
5.84137110E-04
5.84137110E-04
5.84137110E-04
5.84137110E-04
5.84137110E-04
5.84137110E-04
5.84137110E-04
5.84137110E-04
5.84137110E-04
5.84137110E-04
5.84137110E-04
5.84137110E-04
5.84137110E-04
5.84137110E-04
5.18949008E-04
5.18949008E-04
5.18949008E-04
5.18949008E-04
5.18949008E-04
5.18949008E-04
5.18949008E-04
5.18949008E-04
5.18949008E-04
5.18949008E-04
5.18949008E-04
5.18949008E-04
5.18949008E-04
5.18949008E-04
5.18949008E-04
5.18949008E-04
5.18949008E-04
5.18949008E-04
5.18949008E-04
5.18949008E-04
5.18949008E-04
4.61018857E-04
4.61018857E-04
4.61018857E-04
4.61018857E-04
4.61018857E-04
4.61018857E-04
4.61018857E-04
4.61018857E-04
4.61018857E-04
4.61018857E-04
4.61018857E-04
4.61018857E-04
4.61018857E-04
4.61018857E-04
4.61018857E-04
4.61018857E-04
4.61018857E-04
4.61018857E-04
4.61018857E-04
4.61018857E-04
4.61018857E-04
4.61018857E-04
4.09542128E-04
4.09542128E-04
4.09542128E-04
4.09542128E-04
4.09542128E-04
4.09542128E-04
4.09542128E-04
4.09542128E-04
4.09542128E-04
4.09542128E-04
4.09542128E-04
4.09542128E-04
4.09542128E-04
4.09542128E-04
4.09542128E-04
4.09542128E-04
4.09542128E-04
4.09542128E-04
4.09542128E-04
4.09542128E-04
4.09542128E-04
3.63802718E-04
3.63802718E-04
3.63802718E-04
3.63802718E-04
3.63802718E-04
3.63802718E-04
3.63802718E-04
3.63802718E-04
3.63802718E-04
3.63802718E-04
3.63802718E-04
3.63802718E-04
3.63802718E-04
3.63802718E-04
3.63802718E-04
3.63802718E-04
3.63802718E-04
3.63802718E-04
3.63802718E-04
3.63802718E-04
3.63802718E-04
3.63802718E-04
3.23163394E-04
3.23163394E-04
3.23163394E-04
3.23163394E-04
3.23163394E-04
3.23163394E-04
3.23163394E-04
3.23163394E-04
3.23163394E-04
3.23163394E-04
3.23163394E-04
3.23163394E-04
3.23163394E-04
3.23163394E-04
3.23163394E-04
3.23163394E-04
3.23163394E-04
3.23163394E-04
3.23163394E-04
3.23163394E-04
3.23163394E-04
2.87057230E-04
2.87057230E-04
2.87057230E-04
2.87057230E-04
2.87057230E-04
2.87057230E-04
2.87057230E-04
2.87057230E-04
2.87057230E-04
2.87057230E-04
2.87057230E-04
2.87057230E-04
2.87057230E-04
2.87057230E-04
2.87057230E-04
2.87057230E-04
2.87057230E-04
2.87057230E-04
2.87057230E-04
2.87057230E-04
2.87057230E-04
2.87057230E-04
2.54979951E-04
2.54979951E-04
2.54979951E-04
2.54979951E-04
2.54979951E-04
2.54979951E-04
2.54979951E-04
2.54979951E-04
2.54979951E-04
2.54979951E-04
2.54979951E-04
2.54979951E-04
2.54979951E-04
2.54979951E-04
2.54979951E-04
2.54979951E-04
2.54979951E-04
2.54979951E-04
2.54979951E-04
2.54979951E-04
2.54979951E-04
2.26483084E-04
2.26483084E-04
2.26483084E-04
2.26483084E-04
2.26483084E-04
2.26483084E-04
2.26483084E-04
2.26483084E-04
2.26483084E-04
2.26483084E-04
2.26483084E-04
2.26483084E-04
2.26483084E-04
2.26483084E-04
2.26483084E-04
2.26483084E-04
2.26483084E-04
2.26483084E-04
2.26483084E-04
2.26483084E-04
2.26483084E-04
2.26483084E-04
2.01167851E-04
2.01167851E-04
2.01167851E-04
2.01167851E-04
2.01167851E-04
2.01167851E-04
2.01167851E-04
2.01167851E-04
2.01167851E-04
2.01167851E-04
2.01167851E-04
2.01167851E-04
2.01167851E-04
2.01167851E-04
2.01167851E-04
2.01167851E-04
2.01167851E-04
2.01167851E-04
2.01167851E-04
2.01167851E-04
2.01167851E-04
1.78679704E-04
1.78679704E-04
1.78679704E-04
1.78679704E-04
1.78679704E-04
1.78679704E-04
1.78679704E-04
1.78679704E-04
1.78679704E-04
1.78679704E-04
1.78679704E-04
1.78679704E-04
1.78679704E-04
1.78679704E-04
1.78679704E-04
1.78679704E-04
1.78679704E-04
1.78679704E-04
1.78679704E-04
1.78679704E-04
1.78679704E-04
1.78679704E-04
1.58703463E-04
1.58703463E-04
1.58703463E-04
1.58703463E-04
1.58703463E-04
1.58703463E-04
1.58703463E-04
1.58703463E-04
1.58703463E-04
1.58703463E-04
1.58703463E-04
1.58703463E-04
1.58703463E-04
1.58703463E-04
1.58703463E-04
1.58703463E-04
1.58703463E-04
1.58703463E-04
1.58703463E-04
1.58703463E-04
1.58703463E-04
1.40958972E-04
1.40958972E-04
1.40958972E-04
1.40958972E-04
1.40958972E-04
1.40958972E-04
1.40958972E-04
1.40958972E-04
1.40958972E-04
1.40958972E-04
1.40958972E-04
1.40958972E-04
1.40958972E-04
1.40958972E-04
1.40958972E-04
1.40958972E-04
1.40958972E-04
1.40958972E-04
1.40958972E-04
1.40958972E-04
1.40958972E-04
1.40958972E-04
1.25197233E-04
1.25197233E-04
1.25197233E-04
1.25197233E-04
1.25197233E-04
1.25197233E-04
1.25197233E-04
1.25197233E-04
1.25197233E-04
1.25197233E-04
1.25197233E-04
1.25197233E-04
1.25197233E-04
1.25197233E-04
1.25197233E-04
1.25197233E-04
1.25197233E-04
1.25197233E-04
1.25197233E-04
1.25197233E-04
1.25197233E-04
1.11196958E-04
1.11196958E-04
1.11196958E-04
1.11196958E-04
1.11196958E-04
1.11196958E-04
1.11196958E-04
1.11196958E-04
1.11196958E-04
1.11196958E-04
1.11196958E-04
1.11196958E-04
1.11196958E-04
1.11196958E-04
1.11196958E-04
1.11196958E-04
1.11196958E-04
1.11196958E-04
1.11196958E-04
1.11196958E-04
1.11196958E-04
1.11196958E-04
9.87614997E-05
9.87614997E-05
9.87614997E-05
9.87614997E-05
9.87614997E-05
9.87614997E-05
9.87614997E-05
9.87614997E-05
9.87614997E-05
9.87614997E-05
9.87614997E-05
9.87614997E-05
9.87614997E-05
9.87614997E-05
9.87614997E-05
9.87614997E-05
9.87614997E-05
9.87614997E-05
9.87614997E-05
9.87614997E-05
9.87614997E-05
8.77161221E-05
8.77161221E-05
8.77161221E-05
8.77161221E-05
8.77161221E-05
8.77161221E-05
8.77161221E-05
8.77161221E-05
8.77161221E-05
8.77161221E-05
8.77161221E-05
8.77161221E-05
8.77161221E-05
8.77161221E-05
8.77161221E-05
8.77161221E-05
8.77161221E-05
8.77161221E-05
8.77161221E-05
8.77161221E-05
8.77161221E-05
8.77161221E-05
7.79055658E-05
7.79055658E-05
7.79055658E-05
7.79055658E-05
7.79055658E-05
7.79055658E-05
7.79055658E-05
7.79055658E-05
7.79055658E-05
7.79055658E-05
7.79055658E-05
7.79055658E-05
7.79055658E-05
7.79055658E-05
7.79055658E-05
7.79055658E-05
7.79055658E-05
7.79055658E-05
7.79055658E-05
7.79055658E-05
7.79055658E-05
6.91918853E-05
6.91918853E-05
6.91918853E-05
6.91918853E-05
6.91918853E-05
6.91918853E-05
6.91918853E-05
6.91918853E-05
6.91918853E-05
6.91918853E-05
6.91918853E-05
6.91918853E-05
6.91918853E-05
6.91918853E-05
6.91918853E-05
6.91918853E-05
6.91918853E-05
6.91918853E-05
6.91918853E-05
6.91918853E-05
6.91918853E-05
6.91918853E-05
6.14525239E-05
6.14525239E-05
6.14525239E-05
6.14525239E-05
6.14525239E-05
6.14525239E-05
6.14525239E-05
6.14525239E-05
6.14525239E-05
6.14525239E-05
6.14525239E-05
6.14525239E-05
6.14525239E-05
6.14525239E-05
6.14525239E-05
6.14525239E-05
6.14525239E-05
6.14525239E-05
6.14525239E-05
6.14525239E-05
6.14525239E-05
5.45786015E-05
5.45786015E-05
5.45786015E-05
5.45786015E-05
5.45786015E-05
5.45786015E-05
5.45786015E-05
5.45786015E-05
5.45786015E-05
5.45786015E-05
5.45786015E-05
5.45786015E-05
5.45786015E-05
5.45786015E-05
5.45786015E-05
5.45786015E-05
5.45786015E-05
5.45786015E-05
5.45786015E-05
5.45786015E-05
5.45786015E-05
5.45786015E-05
4.84733920E-05
4.84733920E-05
4.84733920E-05
4.84733920E-05
4.84733920E-05
4.84733920E-05
4.84733920E-05
4.84733920E-05
4.84733920E-05
4.84733920E-05
4.84733920E-05
4.84733920E-05
4.84733920E-05
4.84733920E-05
4.84733920E-05
4.84733920E-05
4.84733920E-05
4.84733920E-05
4.84733920E-05
4.84733920E-05
4.84733920E-05
4.30509695E-05
4.30509695E-05
4.30509695E-05
4.30509695E-05
4.30509695E-05
4.30509695E-05
4.30509695E-05
4.30509695E-05
4.30509695E-05
4.30509695E-05
4.30509695E-05
4.30509695E-05
4.30509695E-05
4.30509695E-05
4.30509695E-05
4.30509695E-05
4.30509695E-05
4.30509695E-05
4.30509695E-05
4.30509695E-05
4.30509695E-05
4.30509695E-05
3.82350043E-05
3.82350043E-05
3.82350043E-05
3.82350043E-05
3.82350043E-05
3.82350043E-05
3.82350043E-05
3.82350043E-05
3.82350043E-05
3.82350043E-05
3.82350043E-05
3.82350043E-05
3.82350043E-05
3.82350043E-05
3.82350043E-05
3.82350043E-05
3.82350043E-05
3.82350043E-05
3.82350043E-05
3.82350043E-05
3.82350043E-05
3.39576932E-05
3.39576932E-05
3.39576932E-05
3.39576932E-05
3.39576932E-05
3.39576932E-05
3.39576932E-05
3.39576932E-05
3.39576932E-05
3.39576932E-05
3.39576932E-05
3.39576932E-05
3.39576932E-05
3.39576932E-05
3.39576932E-05
3.39576932E-05
3.39576932E-05
3.39576932E-05
3.39576932E-05
3.39576932E-05
3.39576932E-05
3.39576932E-05
3.01588083E-05
3.01588083E-05
3.01588083E-05
3.01588083E-05
3.01588083E-05
3.01588083E-05
3.01588083E-05
3.01588083E-05
3.01588083E-05
3.01588083E-05
3.01588083E-05
3.01588083E-05
3.01588083E-05
3.01588083E-05
3.01588083E-05
3.01588083E-05
3.01588083E-05
3.01588083E-05
3.01588083E-05
3.01588083E-05
3.01588083E-05
2.67848520E-05
2.67848520E-05
2.67848520E-05
2.67848520E-05
2.67848520E-05
2.67848520E-05
2.67848520E-05
2.67848520E-05
2.67848520E-05
2.67848520E-05
2.67848520E-05
2.67848520E-05
2.67848520E-05
2.67848520E-05
2.67848520E-05
2.67848520E-05
2.67848520E-05
2.67848520E-05
2.67848520E-05
2.67848520E-05
2.67848520E-05
2.67848520E-05
2.37883054E-05
2.37883054E-05
2.37883054E-05
2.37883054E-05
2.37883054E-05
2.37883054E-05
2.37883054E-05
2.37883054E-05
2.37883054E-05
2.37883054E-05
2.37883054E-05
2.37883054E-05
2.37883054E-05
2.37883054E-05
2.37883054E-05
2.37883054E-05
2.37883054E-05
2.37883054E-05
2.37883054E-05
2.37883054E-05
2.37883054E-05
2.11269610E-05
2.11269610E-05
2.11269610E-05
2.11269610E-05
2.11269610E-05
2.11269610E-05
2.11269610E-05
2.11269610E-05
2.11269610E-05
2.11269610E-05
2.11269610E-05
2.11269610E-05
2.11269610E-05
2.11269610E-05
2.11269610E-05
2.11269610E-05
2.11269610E-05
2.11269610E-05
2.11269610E-05
2.11269610E-05
2.11269610E-05
2.11269610E-05
1.87633297E-05
1.87633297E-05
1.87633297E-05
1.87633297E-05
1.87633297E-05
1.87633297E-05
1.87633297E-05
1.87633297E-05
1.87633297E-05
1.87633297E-05
1.87633297E-05
1.87633297E-05
1.87633297E-05
1.87633297E-05
1.87633297E-05
1.87633297E-05
1.87633297E-05
1.87633297E-05
1.87633297E-05
1.87633297E-05
1.87633297E-05
1.66641135E-05
1.66641135E-05
1.66641135E-05
1.66641135E-05
1.66641135E-05
1.66641135E-05
1.66641135E-05
1.66641135E-05
1.66641135E-05
1.66641135E-05
1.66641135E-05
1.66641135E-05
1.66641135E-05
1.66641135E-05
1.66641135E-05
1.66641135E-05
1.66641135E-05
1.66641135E-05
1.66641135E-05
1.66641135E-05
1.66641135E-05
1.66641135E-05
1.47997374E-05
1.47997374E-05
1.47997374E-05
1.47997374E-05
1.47997374E-05
1.47997374E-05
1.47997374E-05
1.47997374E-05
1.47997374E-05
1.47997374E-05
1.47997374E-05
1.47997374E-05
1.47997374E-05
1.47997374E-05
1.47997374E-05
1.47997374E-05
1.47997374E-05
1.47997374E-05
1.47997374E-05
1.47997374E-05
1.47997374E-05
1.31439335E-05
1.31439335E-05
1.31439335E-05
1.31439335E-05
1.31439335E-05
1.31439335E-05
1.31439335E-05
1.31439335E-05
1.31439335E-05
1.31439335E-05
1.31439335E-05
1.31439335E-05
1.31439335E-05
1.31439335E-05
1.31439335E-05
1.31439335E-05
1.31439335E-05
1.31439335E-05
1.31439335E-05
1.31439335E-05
1.31439335E-05
1.31439335E-05
1.16733711E-05
1.16733711E-05
1.16733711E-05
1.16733711E-05
1.16733711E-05
1.16733711E-05
1.16733711E-05
1.16733711E-05
1.16733711E-05
1.16733711E-05
1.16733711E-05
1.16733711E-05
1.16733711E-05
1.16733711E-05
1.16733711E-05
1.16733711E-05
1.16733711E-05
1.16733711E-05
1.16733711E-05
1.16733711E-05
1.16733711E-05
1.03673288E-05
1.03673288E-05
1.03673288E-05
1.03673288E-05
1.03673288E-05
1.03673288E-05
1.03673288E-05
1.03673288E-05
1.03673288E-05
1.03673288E-05
1.03673288E-05
1.03673288E-05
1.03673288E-05
1.03673288E-05
1.03673288E-05
1.03673288E-05
1.03673288E-05
1.03673288E-05
1.03673288E-05
1.03673288E-05
1.03673288E-05
1.03673288E-05
9.20740273E-06
9.20740273E-06
9.20740273E-06
9.20740273E-06
9.20740273E-06
9.20740273E-06
9.20740273E-06
9.20740273E-06
9.20740273E-06
9.20740273E-06
9.20740273E-06
9.20740273E-06
9.20740273E-06
9.20740273E-06
9.20740273E-06
9.20740273E-06
9.20740273E-06
9.20740273E-06
9.20740273E-06
9.20740273E-06
9.20740273E-06
8.17724712E-06
8.17724712E-06
8.17724712E-06
8.17724712E-06
8.17724712E-06
8.17724712E-06
8.17724712E-06
8.17724712E-06
8.17724712E-06
8.17724712E-06
8.17724712E-06
8.17724712E-06
8.17724712E-06
8.17724712E-06
8.17724712E-06
8.17724712E-06
8.17724712E-06
8.17724712E-06
8.17724712E-06
8.17724712E-06
8.17724712E-06
8.17724712E-06
7.26234465E-06
7.26234465E-06
7.26234465E-06
7.26234465E-06
7.26234465E-06
7.26234465E-06
7.26234465E-06
7.26234465E-06
7.26234465E-06
7.26234465E-06
7.26234465E-06
7.26234465E-06
7.26234465E-06
7.26234465E-06
7.26234465E-06
7.26234465E-06
7.26234465E-06
7.26234465E-06
7.26234465E-06
7.26234465E-06
7.26234465E-06
6.44980175E-06
6.44980175E-06
6.44980175E-06
6.44980175E-06
6.44980175E-06
6.44980175E-06
6.44980175E-06
6.44980175E-06
6.44980175E-06
6.44980175E-06
6.44980175E-06
6.44980175E-06
6.44980175E-06
6.44980175E-06
6.44980175E-06
6.44980175E-06
6.44980175E-06
6.44980175E-06
6.44980175E-06
6.44980175E-06
6.44980175E-06
6.44980175E-06
5.72816711E-06
5.72816711E-06
5.72816711E-06
5.72816711E-06
5.72816711E-06
5.72816711E-06
5.72816711E-06
5.72816711E-06
5.72816711E-06
5.72816711E-06
5.72816711E-06
5.72816711E-06
5.72816711E-06
5.72816711E-06
5.72816711E-06
5.72816711E-06
5.72816711E-06
5.72816711E-06
5.72816711E-06
5.72816711E-06
5.72816711E-06
5.08727034E-06
5.08727034E-06
5.08727034E-06
5.08727034E-06
5.08727034E-06
5.08727034E-06
5.08727034E-06
5.08727034E-06
5.08727034E-06
5.08727034E-06
5.08727034E-06
5.08727034E-06
5.08727034E-06
5.08727034E-06
5.08727034E-06
5.08727034E-06
5.08727034E-06
5.08727034E-06
5.08727034E-06
5.08727034E-06
5.08727034E-06
5.08727034E-06
4.51807878E-06
4.51807878E-06
4.51807878E-06
4.51807878E-06
4.51807878E-06
4.51807878E-06
4.51807878E-06
4.51807878E-06
4.51807878E-06
4.51807878E-06
4.51807878E-06
4.51807878E-06
4.51807878E-06
4.51807878E-06
4.51807878E-06
4.51807878E-06
4.51807878E-06
4.51807878E-06
4.51807878E-06
4.51807878E-06
4.51807878E-06
4.01257019E-06
4.01257019E-06
4.01257019E-06
4.01257019E-06
4.01257019E-06
4.01257019E-06
4.01257019E-06
4.01257019E-06
4.01257019E-06
4.01257019E-06
4.01257019E-06
4.01257019E-06
4.01257019E-06
4.01257019E-06
4.01257019E-06
4.01257019E-06
4.01257019E-06
4.01257019E-06
4.01257019E-06
4.01257019E-06
4.01257019E-06
4.01257019E-06
3.56361980E-06
3.56361980E-06
3.56361980E-06
3.56361980E-06
3.56361980E-06
3.56361980E-06
3.56361980E-06
3.56361980E-06
3.56361980E-06
3.56361980E-06
3.56361980E-06
3.56361980E-06
3.56361980E-06
3.56361980E-06
3.56361980E-06
3.56361980E-06
3.56361980E-06
3.56361980E-06
3.56361980E-06
3.56361980E-06
3.56361980E-06
3.16489988E-06
3.16489988E-06
3.16489988E-06
3.16489988E-06
3.16489988E-06
3.16489988E-06
3.16489988E-06
3.16489988E-06
3.16489988E-06
3.16489988E-06
3.16489988E-06
3.16489988E-06
3.16489988E-06
3.16489988E-06
3.16489988E-06
3.16489988E-06
3.16489988E-06
3.16489988E-06
3.16489988E-06
3.16489988E-06
3.16489988E-06
3.16489988E-06
2.81079059E-06
2.81079059E-06
2.81079059E-06
2.81079059E-06
2.81079059E-06
2.81079059E-06
2.81079059E-06
2.81079059E-06
2.81079059E-06
2.81079059E-06
2.81079059E-06
2.81079059E-06
2.81079059E-06
2.81079059E-06
2.81079059E-06
2.81079059E-06
2.81079059E-06
2.81079059E-06
2.81079059E-06
2.81079059E-06
2.81079059E-06
2.49630082E-06
2.49630082E-06
2.49630082E-06
2.49630082E-06
2.49630082E-06
2.49630082E-06
2.49630082E-06
2.49630082E-06
2.49630082E-06
2.49630082E-06
2.49630082E-06
2.49630082E-06
2.49630082E-06
2.49630082E-06
2.49630082E-06
2.49630082E-06
2.49630082E-06
2.49630082E-06
2.49630082E-06
2.49630082E-06
2.49630082E-06
2.49630082E-06
2.21699785E-06
2.21699785E-06
2.21699785E-06
2.21699785E-06
2.21699785E-06
2.21699785E-06
2.21699785E-06
2.21699785E-06
2.21699785E-06
2.21699785E-06
2.21699785E-06
2.21699785E-06
2.21699785E-06
2.21699785E-06
2.21699785E-06
2.21699785E-06
2.21699785E-06
2.21699785E-06
2.21699785E-06
2.21699785E-06
2.21699785E-06
1.96894487E-06
1.96894487E-06
1.96894487E-06
1.96894487E-06
1.96894487E-06
1.96894487E-06
1.96894487E-06
1.96894487E-06
1.96894487E-06
1.96894487E-06
1.96894487E-06
1.96894487E-06
1.96894487E-06
1.96894487E-06
1.96894487E-06
1.96894487E-06
1.96894487E-06
1.96894487E-06
1.96894487E-06
1.96894487E-06
1.96894487E-06
1.96894487E-06
1.74864553E-06
1.74864553E-06
1.74864553E-06
1.74864553E-06
1.74864553E-06
1.74864553E-06
1.74864553E-06
1.74864553E-06
1.74864553E-06
1.74864553E-06
1.74864553E-06
1.74864553E-06
1.74864553E-06
1.74864553E-06
1.74864553E-06
1.74864553E-06
1.74864553E-06
1.74864553E-06
1.74864553E-06
1.74864553E-06
1.74864553E-06
1.55299462E-06
1.55299462E-06
1.55299462E-06
1.55299462E-06
1.55299462E-06
1.55299462E-06
1.55299462E-06
1.55299462E-06
1.55299462E-06
1.55299462E-06
1.55299462E-06
1.55299462E-06
1.55299462E-06
1.55299462E-06
1.55299462E-06
1.55299462E-06
1.55299462E-06
1.55299462E-06
1.55299462E-06
1.55299462E-06
1.55299462E-06
1.55299462E-06
1.37923438E-06
1.37923438E-06
1.37923438E-06
1.37923438E-06
1.37923438E-06
1.37923438E-06
1.37923438E-06
1.37923438E-06
1.37923438E-06
1.37923438E-06
1.37923438E-06
1.37923438E-06
1.37923438E-06
1.37923438E-06
1.37923438E-06
1.37923438E-06
1.37923438E-06
1.37923438E-06
1.37923438E-06
1.37923438E-06
1.37923438E-06
1.22491557E-06
1.22491557E-06
1.22491557E-06
1.22491557E-06
1.22491557E-06
1.22491557E-06
1.22491557E-06
1.22491557E-06
1.22491557E-06
1.22491557E-06
1.22491557E-06
1.22491557E-06
1.22491557E-06
1.22491557E-06
1.22491557E-06
1.22491557E-06
1.22491557E-06
1.22491557E-06
1.22491557E-06
1.22491557E-06
1.22491557E-06
1.22491557E-06
1.08786299E-06
1.08786299E-06
1.08786299E-06
1.08786299E-06
1.08786299E-06
1.08786299E-06
1.08786299E-06
1.08786299E-06
1.08786299E-06
1.08786299E-06
1.08786299E-06
1.08786299E-06
1.08786299E-06
1.08786299E-06
1.08786299E-06
1.08786299E-06
1.08786299E-06
1.08786299E-06
1.08786299E-06
1.08786299E-06
1.08786299E-06
9.66144777E-07
9.66144777E-07
9.66144777E-07
9.66144777E-07
9.66144777E-07
9.66144777E-07
9.66144777E-07
9.66144777E-07
9.66144777E-07
9.66144777E-07
9.66144777E-07
9.66144777E-07
9.66144777E-07
9.66144777E-07
9.66144777E-07
9.66144777E-07
9.66144777E-07
9.66144777E-07
9.66144777E-07
9.66144777E-07
9.66144777E-07
9.66144777E-07
8.58045249E-07
8.58045249E-07
8.58045249E-07
8.58045249E-07
8.58045249E-07
8.58045249E-07
8.58045249E-07
8.58045249E-07
8.58045249E-07
8.58045249E-07
8.58045249E-07
8.58045249E-07
8.58045249E-07
8.58045249E-07
8.58045249E-07
8.58045249E-07
8.58045249E-07
8.58045249E-07
8.58045249E-07
8.58045249E-07
8.58045249E-07
7.62040662E-07
7.62040662E-07
7.62040662E-07
7.62040662E-07
7.62040662E-07
7.62040662E-07
7.62040662E-07
7.62040662E-07
7.62040662E-07
7.62040662E-07
7.62040662E-07
7.62040662E-07
7.62040662E-07
7.62040662E-07
7.62040662E-07
7.62040662E-07
7.62040662E-07
7.62040662E-07
7.62040662E-07
7.62040662E-07
7.62040662E-07
7.62040662E-07
6.76777757E-07
6.76777757E-07
6.76777757E-07
6.76777757E-07
6.76777757E-07
6.76777757E-07
6.76777757E-07
6.76777757E-07
6.76777757E-07
6.76777757E-07
6.76777757E-07
6.76777757E-07
6.76777757E-07
6.76777757E-07
6.76777757E-07
6.76777757E-07
6.76777757E-07
6.76777757E-07
6.76777757E-07
6.76777757E-07
6.76777757E-07
6.01054686E-07
6.01054686E-07
6.01054686E-07
6.01054686E-07
6.01054686E-07
6.01054686E-07
6.01054686E-07
6.01054686E-07
6.01054686E-07
6.01054686E-07
6.01054686E-07
6.01054686E-07
6.01054686E-07
6.01054686E-07
6.01054686E-07
6.01054686E-07
6.01054686E-07
6.01054686E-07
6.01054686E-07
6.01054686E-07
6.01054686E-07
6.01054686E-07
5.33804068E-07
5.33804068E-07
5.33804068E-07
5.33804068E-07
5.33804068E-07
5.33804068E-07
5.33804068E-07
5.33804068E-07
5.33804068E-07
5.33804068E-07
5.33804068E-07
5.33804068E-07
5.33804068E-07
5.33804068E-07
5.33804068E-07
5.33804068E-07
5.33804068E-07
5.33804068E-07
5.33804068E-07
5.33804068E-07
5.33804068E-07
4.74077949E-07
4.74077949E-07
4.74077949E-07
4.74077949E-07
4.74077949E-07
4.74077949E-07
4.74077949E-07
4.74077949E-07
4.74077949E-07
4.74077949E-07
4.74077949E-07
4.74077949E-07
4.74077949E-07
4.74077949E-07
4.74077949E-07
4.74077949E-07
4.74077949E-07
4.74077949E-07
4.74077949E-07
4.74077949E-07
4.74077949E-07
4.74077949E-07
4.21034434E-07
4.21034434E-07
4.21034434E-07
4.21034434E-07
4.21034434E-07
4.21034434E-07
4.21034434E-07
4.21034434E-07
4.21034434E-07
4.21034434E-07
4.21034434E-07
4.21034434E-07
4.21034434E-07
4.21034434E-07
4.21034434E-07
4.21034434E-07
4.21034434E-07
4.21034434E-07
4.21034434E-07
4.21034434E-07
4.21034434E-07
3.73925828E-07
3.73925828E-07
3.73925828E-07
3.73925828E-07
3.73925828E-07
3.73925828E-07
3.73925828E-07
3.73925828E-07
3.73925828E-07
3.73925828E-07
3.73925828E-07
3.73925828E-07
3.73925828E-07
3.73925828E-07
3.73925828E-07
3.73925828E-07
3.73925828E-07
3.73925828E-07
3.73925828E-07
3.73925828E-07
3.73925828E-07
3.73925828E-07
3.32088091E-07
3.32088091E-07
3.32088091E-07
3.32088091E-07
3.32088091E-07
3.32088091E-07
3.32088091E-07
3.32088091E-07
3.32088091E-07
3.32088091E-07
3.32088091E-07
3.32088091E-07
3.32088091E-07
3.32088091E-07
3.32088091E-07
3.32088091E-07
3.32088091E-07
3.32088091E-07
3.32088091E-07
3.32088091E-07
3.32088091E-07
2.94931479E-07
2.94931479E-07
2.94931479E-07
2.94931479E-07
2.94931479E-07
2.94931479E-07
2.94931479E-07
2.94931479E-07
2.94931479E-07
2.94931479E-07
2.94931479E-07
2.94931479E-07
2.94931479E-07
2.94931479E-07
2.94931479E-07
2.94931479E-07
2.94931479E-07
2.94931479E-07
2.94931479E-07
2.94931479E-07
2.94931479E-07
2.94931479E-07
2.61932233E-07
2.61932233E-07
2.61932233E-07
2.61932233E-07
2.61932233E-07
2.61932233E-07
2.61932233E-07
2.61932233E-07
2.61932233E-07
2.61932233E-07
2.61932233E-07
2.61932233E-07
2.61932233E-07
2.61932233E-07
2.61932233E-07
2.61932233E-07
2.61932233E-07
2.61932233E-07
2.61932233E-07
2.61932233E-07
2.61932233E-07
2.32625198E-07
2.32625198E-07
2.32625198E-07
2.32625198E-07
2.32625198E-07
2.32625198E-07
2.32625198E-07
2.32625198E-07
2.32625198E-07
2.32625198E-07
2.32625198E-07
2.32625198E-07
2.32625198E-07
2.32625198E-07
2.32625198E-07
2.32625198E-07
2.32625198E-07
2.32625198E-07
2.32625198E-07
2.32625198E-07
2.32625198E-07
2.32625198E-07
2.06597260E-07
2.06597260E-07
2.06597260E-07
2.06597260E-07
2.06597260E-07
2.06597260E-07
2.06597260E-07
2.06597260E-07
2.06597260E-07
2.06597260E-07
2.06597260E-07
2.06597260E-07
2.06597260E-07
2.06597260E-07
2.06597260E-07
2.06597260E-07
2.06597260E-07
2.06597260E-07
2.06597260E-07
2.06597260E-07
2.06597260E-07
1.83481531E-07
1.83481531E-07
1.83481531E-07
1.83481531E-07
1.83481531E-07
1.83481531E-07
1.83481531E-07
1.83481531E-07
1.83481531E-07
1.83481531E-07
1.83481531E-07
1.83481531E-07
1.83481531E-07
1.83481531E-07
1.83481531E-07
1.83481531E-07
1.83481531E-07
1.83481531E-07
1.83481531E-07
1.83481531E-07
1.83481531E-07
1.83481531E-07
1.62952169E-07
1.62952169E-07
1.62952169E-07
1.62952169E-07
1.62952169E-07
1.62952169E-07
1.62952169E-07
1.62952169E-07
1.62952169E-07
1.62952169E-07
1.62952169E-07
1.62952169E-07
1.62952169E-07
1.62952169E-07
1.62952169E-07
1.62952169E-07
1.62952169E-07
1.62952169E-07
1.62952169E-07
1.62952169E-07
1.62952169E-07
1.44719792E-07
1.44719792E-07
1.44719792E-07
1.44719792E-07
1.44719792E-07
1.44719792E-07
1.44719792E-07
1.44719792E-07
1.44719792E-07
1.44719792E-07
1.44719792E-07
1.44719792E-07
1.44719792E-07
1.44719792E-07
1.44719792E-07
1.44719792E-07
1.44719792E-07
1.44719792E-07
1.44719792E-07
1.44719792E-07
1.44719792E-07
1.44719792E-07
1.28527397E-07
1.28527397E-07
1.28527397E-07
1.28527397E-07
1.28527397E-07
1.28527397E-07
1.28527397E-07
1.28527397E-07
1.28527397E-07
1.28527397E-07
1.28527397E-07
1.28527397E-07
1.28527397E-07
1.28527397E-07
1.28527397E-07
1.28527397E-07
1.28527397E-07
1.28527397E-07
1.28527397E-07
1.28527397E-07
1.28527397E-07
1.14146734E-07
1.14146734E-07
1.14146734E-07
1.14146734E-07
1.14146734E-07
1.14146734E-07
1.14146734E-07
1.14146734E-07
1.14146734E-07
1.14146734E-07
1.14146734E-07
1.14146734E-07
1.14146734E-07
1.14146734E-07
1.14146734E-07
1.14146734E-07
1.14146734E-07
1.14146734E-07
1.14146734E-07
1.14146734E-07
1.14146734E-07
1.14146734E-07
1.01375092E-07
1.01375092E-07
1.01375092E-07
1.01375092E-07
1.01375092E-07
1.01375092E-07
1.01375092E-07
1.01375092E-07
1.01375092E-07
1.01375092E-07
1.01375092E-07
1.01375092E-07
1.01375092E-07
1.01375092E-07
1.01375092E-07
1.01375092E-07
1.01375092E-07
1.01375092E-07
1.01375092E-07
1.01375092E-07
1.01375092E-07
9.00324427E-08
9.00324427E-08
9.00324427E-08
9.00324427E-08
9.00324427E-08
9.00324427E-08
9.00324427E-08
9.00324427E-08
9.00324427E-08
9.00324427E-08
9.00324427E-08
9.00324427E-08
9.00324427E-08
9.00324427E-08
9.00324427E-08
9.00324427E-08
9.00324427E-08
9.00324427E-08
9.00324427E-08
9.00324427E-08
9.00324427E-08
9.00324427E-08
7.99588982E-08
7.99588982E-08
7.99588982E-08
7.99588982E-08
7.99588982E-08
7.99588982E-08
7.99588982E-08
7.99588982E-08
7.99588982E-08
7.99588982E-08
7.99588982E-08
7.99588982E-08
7.99588982E-08
7.99588982E-08
7.99588982E-08
7.99588982E-08
7.99588982E-08
7.99588982E-08
7.99588982E-08
7.99588982E-08
7.99588982E-08
7.10124615E-08
7.10124615E-08
7.10124615E-08
7.10124615E-08
7.10124615E-08
7.10124615E-08
7.10124615E-08
7.10124615E-08
7.10124615E-08
7.10124615E-08
7.10124615E-08
7.10124615E-08
7.10124615E-08
7.10124615E-08
7.10124615E-08
7.10124615E-08
7.10124615E-08
7.10124615E-08
7.10124615E-08
7.10124615E-08
7.10124615E-08
7.10124615E-08
6.30670228E-08
6.30670228E-08
6.30670228E-08
6.30670228E-08
6.30670228E-08
6.30670228E-08
6.30670228E-08
6.30670228E-08
6.30670228E-08
6.30670228E-08
6.30670228E-08
6.30670228E-08
6.30670228E-08
6.30670228E-08
6.30670228E-08
6.30670228E-08
6.30670228E-08
6.30670228E-08
6.30670228E-08
6.30670228E-08
6.30670228E-08
5.60105828E-08
5.60105828E-08
5.60105828E-08
5.60105828E-08
5.60105828E-08
5.60105828E-08
5.60105828E-08
5.60105828E-08
5.60105828E-08
5.60105828E-08
5.60105828E-08
5.60105828E-08
5.60105828E-08
5.60105828E-08
5.60105828E-08
5.60105828E-08
5.60105828E-08
5.60105828E-08
5.60105828E-08
5.60105828E-08
5.60105828E-08
5.60105828E-08
4.97436731E-08
4.97436731E-08
4.97436731E-08
4.97436731E-08
4.97436731E-08
4.97436731E-08
4.97436731E-08
4.97436731E-08
4.97436731E-08
4.97436731E-08
4.97436731E-08
4.97436731E-08
4.97436731E-08
4.97436731E-08
4.97436731E-08
4.97436731E-08
4.97436731E-08
4.97436731E-08
4.97436731E-08
4.97436731E-08
4.97436731E-08
4.41779551E-08
4.41779551E-08
4.41779551E-08
4.41779551E-08
4.41779551E-08
4.41779551E-08
4.41779551E-08
4.41779551E-08
4.41779551E-08
4.41779551E-08
4.41779551E-08
4.41779551E-08
4.41779551E-08
4.41779551E-08
4.41779551E-08
4.41779551E-08
4.41779551E-08
4.41779551E-08
4.41779551E-08
4.41779551E-08
4.41779551E-08
4.41779551E-08
3.92349737E-08
3.92349737E-08
3.92349737E-08
3.92349737E-08
3.92349737E-08
3.92349737E-08
3.92349737E-08
3.92349737E-08
3.92349737E-08
3.92349737E-08
3.92349737E-08
3.92349737E-08
3.92349737E-08
3.92349737E-08
3.92349737E-08
3.92349737E-08
3.92349737E-08
3.92349737E-08
3.92349737E-08
3.92349737E-08
3.92349737E-08
3.48450524E-08
3.48450524E-08
3.48450524E-08
3.48450524E-08
3.48450524E-08
3.48450524E-08
3.48450524E-08
3.48450524E-08
3.48450524E-08
3.48450524E-08
3.48450524E-08
3.48450524E-08
3.48450524E-08
3.48450524E-08
3.48450524E-08
3.48450524E-08
3.48450524E-08
3.48450524E-08
3.48450524E-08
3.48450524E-08
3.48450524E-08
3.48450524E-08
3.09463103E-08
3.09463103E-08
3.09463103E-08
3.09463103E-08
3.09463103E-08
3.09463103E-08
3.09463103E-08
3.09463103E-08
3.09463103E-08
3.09463103E-08
3.09463103E-08
3.09463103E-08
3.09463103E-08
3.09463103E-08
3.09463103E-08
3.09463103E-08
3.09463103E-08
3.09463103E-08
3.09463103E-08
3.09463103E-08
3.09463103E-08
2.74837905E-08
2.74837905E-08
2.74837905E-08
2.74837905E-08
2.74837905E-08
2.74837905E-08
2.74837905E-08
2.74837905E-08
2.74837905E-08
2.74837905E-08
2.74837905E-08
2.74837905E-08
2.74837905E-08
2.74837905E-08
2.74837905E-08
2.74837905E-08
2.74837905E-08
2.74837905E-08
2.74837905E-08
2.74837905E-08
2.74837905E-08
2.74837905E-08
2.44086850E-08
2.44086850E-08
2.44086850E-08
2.44086850E-08
2.44086850E-08
2.44086850E-08
2.44086850E-08
2.44086850E-08
2.44086850E-08
2.44086850E-08
2.44086850E-08
2.44086850E-08
2.44086850E-08
2.44086850E-08
2.44086850E-08
2.44086850E-08
2.44086850E-08
2.44086850E-08
2.44086850E-08
2.44086850E-08
2.44086850E-08
2.16776467E-08
2.16776467E-08
2.16776467E-08
2.16776467E-08
2.16776467E-08
2.16776467E-08
2.16776467E-08
2.16776467E-08
2.16776467E-08
2.16776467E-08
2.16776467E-08
2.16776467E-08
2.16776467E-08
2.16776467E-08
2.16776467E-08
2.16776467E-08
2.16776467E-08
2.16776467E-08
2.16776467E-08
2.16776467E-08
2.16776467E-08
2.16776467E-08
1.92521788E-08
1.92521788E-08
1.92521788E-08
1.92521788E-08
1.92521788E-08
1.92521788E-08
1.92521788E-08
1.92521788E-08
1.92521788E-08
1.92521788E-08
1.92521788E-08
1.92521788E-08
1.92521788E-08
1.92521788E-08
1.92521788E-08
1.92521788E-08
1.92521788E-08
1.92521788E-08
1.92521788E-08
1.92521788E-08
1.92521788E-08
1.70980915E-08
1.70980915E-08
1.70980915E-08
1.70980915E-08
1.70980915E-08
1.70980915E-08
1.70980915E-08
1.70980915E-08
1.70980915E-08
1.70980915E-08
1.70980915E-08
1.70980915E-08
1.70980915E-08
1.70980915E-08
1.70980915E-08
1.70980915E-08
1.70980915E-08
1.70980915E-08
1.70980915E-08
1.70980915E-08
1.70980915E-08
1.70980915E-08
1.51850206E-08
1.51850206E-08
1.51850206E-08
1.51850206E-08
1.51850206E-08
1.51850206E-08
1.51850206E-08
1.51850206E-08
1.51850206E-08
1.51850206E-08
1.51850206E-08
1.51850206E-08
1.51850206E-08
1.51850206E-08
1.51850206E-08
1.51850206E-08
1.51850206E-08
1.51850206E-08
1.51850206E-08
1.51850206E-08
1.51850206E-08
1.34859994E-08
1.34859994E-08
1.34859994E-08
1.34859994E-08
1.34859994E-08
1.34859994E-08
1.34859994E-08
1.34859994E-08
1.34859994E-08
1.34859994E-08
1.34859994E-08
1.34859994E-08
1.34859994E-08
1.34859994E-08
1.34859994E-08
1.34859994E-08
1.34859994E-08
1.34859994E-08
1.34859994E-08
1.34859994E-08
1.34859994E-08
1.34859994E-08
1.19770782E-08
1.19770782E-08
1.19770782E-08
1.19770782E-08
1.19770782E-08
1.19770782E-08
1.19770782E-08
1.19770782E-08
1.19770782E-08
1.19770782E-08
1.19770782E-08
1.19770782E-08
1.19770782E-08
1.19770782E-08
1.19770782E-08
1.19770782E-08
1.19770782E-08
1.19770782E-08
1.19770782E-08
1.19770782E-08
1.19770782E-08
1.06369871E-08
1.06369871E-08
1.06369871E-08
1.06369871E-08
1.06369871E-08
1.06369871E-08
1.06369871E-08
1.06369871E-08
1.06369871E-08
1.06369871E-08
1.06369871E-08
1.06369871E-08
1.06369871E-08
1.06369871E-08
1.06369871E-08
1.06369871E-08
1.06369871E-08
1.06369871E-08
1.06369871E-08
1.06369871E-08
1.06369871E-08
1.06369871E-08
9.44683615E-09
9.44683615E-09
9.44683615E-09
9.44683615E-09
9.44683615E-09
9.44683615E-09
9.44683615E-09
9.44683615E-09
9.44683615E-09
9.44683615E-09
9.44683615E-09
9.44683615E-09
9.44683615E-09
9.44683615E-09
9.44683615E-09
9.44683615E-09
9.44683615E-09
9.44683615E-09
9.44683615E-09
9.44683615E-09
9.44683615E-09
8.38984874E-09
8.38984874E-09
8.38984874E-09
8.38984874E-09
8.38984874E-09
8.38984874E-09
8.38984874E-09
8.38984874E-09
8.38984874E-09
8.38984874E-09
8.38984874E-09
8.38984874E-09
8.38984874E-09
8.38984874E-09
8.38984874E-09
8.38984874E-09
8.38984874E-09
8.38984874E-09
8.38984874E-09
8.38984874E-09
8.38984874E-09
8.38984874E-09
7.45112552E-09
7.45112552E-09
7.45112552E-09
7.45112552E-09
7.45112552E-09
7.45112552E-09
7.45112552E-09
7.45112552E-09
7.45112552E-09
7.45112552E-09
7.45112552E-09
7.45112552E-09
7.45112552E-09
7.45112552E-09
7.45112552E-09
7.45112552E-09
7.45112552E-09
7.45112552E-09
7.45112552E-09
7.45112552E-09
7.45112552E-09
6.61743413E-09
6.61743413E-09
6.61743413E-09
6.61743413E-09
6.61743413E-09
6.61743413E-09
6.61743413E-09
6.61743413E-09
6.61743413E-09
6.61743413E-09
6.61743413E-09
6.61743413E-09
6.61743413E-09
6.61743413E-09
6.61743413E-09
6.61743413E-09
6.61743413E-09
6.61743413E-09
6.61743413E-09
6.61743413E-09
6.61743413E-09
6.61743413E-09
5.87702279E-09
5.87702279E-09
5.87702279E-09
5.87702279E-09
5.87702279E-09
5.87702279E-09
5.87702279E-09
5.87702279E-09
5.87702279E-09
5.87702279E-09
5.87702279E-09
5.87702279E-09
5.87702279E-09
5.87702279E-09
5.87702279E-09
5.87702279E-09
5.87702279E-09
5.87702279E-09
5.87702279E-09
5.87702279E-09
5.87702279E-09
5.21945457E-09
5.21945457E-09
5.21945457E-09
5.21945457E-09
5.21945457E-09
5.21945457E-09
5.21945457E-09
5.21945457E-09
5.21945457E-09
5.21945457E-09
5.21945457E-09
5.21945457E-09
5.21945457E-09
5.21945457E-09
5.21945457E-09
5.21945457E-09
5.21945457E-09
5.21945457E-09
5.21945457E-09
5.21945457E-09
5.21945457E-09
5.21945457E-09
4.63546034E-09
4.63546034E-09
4.63546034E-09
4.63546034E-09
4.63546034E-09
4.63546034E-09
4.63546034E-09
4.63546034E-09
4.63546034E-09
4.63546034E-09
4.63546034E-09
4.63546034E-09
4.63546034E-09
4.63546034E-09
4.63546034E-09
4.63546034E-09
4.63546034E-09
4.63546034E-09
4.63546034E-09
4.63546034E-09
4.63546034E-09
4.11680804E-09
4.11680804E-09
4.11680804E-09
4.11680804E-09
4.11680804E-09
4.11680804E-09
4.11680804E-09
4.11680804E-09
4.11680804E-09
4.11680804E-09
4.11680804E-09
4.11680804E-09
4.11680804E-09
4.11680804E-09
4.11680804E-09
4.11680804E-09
4.11680804E-09
4.11680804E-09
4.11680804E-09
4.11680804E-09
4.11680804E-09
4.11680804E-09
3.65618669E-09
3.65618669E-09
3.65618669E-09
3.65618669E-09
3.65618669E-09
3.65618669E-09
3.65618669E-09
3.65618669E-09
3.65618669E-09
3.65618669E-09
3.65618669E-09
3.65618669E-09
3.65618669E-09
3.65618669E-09
3.65618669E-09
3.65618669E-09
3.65618669E-09
3.65618669E-09
3.65618669E-09
3.65618669E-09
3.65618669E-09
3.24710334E-09
3.24710334E-09
3.24710334E-09
3.24710334E-09
3.24710334E-09
3.24710334E-09
3.24710334E-09
3.24710334E-09
3.24710334E-09
3.24710334E-09
3.24710334E-09
3.24710334E-09
3.24710334E-09
3.24710334E-09
3.24710334E-09
3.24710334E-09
3.24710334E-09
3.24710334E-09
3.24710334E-09
3.24710334E-09
3.24710334E-09
3.24710334E-09
2.88379150E-09
2.88379150E-09
2.88379150E-09
2.88379150E-09
2.88379150E-09
2.88379150E-09
2.88379150E-09
2.88379150E-09
2.88379150E-09
2.88379150E-09
2.88379150E-09
2.88379150E-09
2.88379150E-09
2.88379150E-09
2.88379150E-09
2.88379150E-09
2.88379150E-09
2.88379150E-09
2.88379150E-09
2.88379150E-09
2.88379150E-09
2.56112989E-09
2.56112989E-09
2.56112989E-09
2.56112989E-09
2.56112989E-09
2.56112989E-09
2.56112989E-09
2.56112989E-09
2.56112989E-09
2.56112989E-09
2.56112989E-09
2.56112989E-09
2.56112989E-09
2.56112989E-09
2.56112989E-09
2.56112989E-09
2.56112989E-09
2.56112989E-09
2.56112989E-09
2.56112989E-09
2.56112989E-09
2.56112989E-09
2.27457023E-09
2.27457023E-09
2.27457023E-09
2.27457023E-09
2.27457023E-09
2.27457023E-09
2.27457023E-09
2.27457023E-09
2.27457023E-09
2.27457023E-09
2.27457023E-09
2.27457023E-09
2.27457023E-09
2.27457023E-09
2.27457023E-09
2.27457023E-09
2.27457023E-09
2.27457023E-09
2.27457023E-09
2.27457023E-09
2.27457023E-09
2.02007316E-09
2.02007316E-09
2.02007316E-09
2.02007316E-09
2.02007316E-09
2.02007316E-09
2.02007316E-09
2.02007316E-09
2.02007316E-09
2.02007316E-09
2.02007316E-09
2.02007316E-09
2.02007316E-09
2.02007316E-09
2.02007316E-09
2.02007316E-09
2.02007316E-09
2.02007316E-09
2.02007316E-09
2.02007316E-09
2.02007316E-09
2.02007316E-09
1.79405124E-09
1.79405124E-09
1.79405124E-09
1.79405124E-09
1.79405124E-09
1.79405124E-09
1.79405124E-09
1.79405124E-09
1.79405124E-09
1.79405124E-09
1.79405124E-09
1.79405124E-09
1.79405124E-09
1.79405124E-09
1.79405124E-09
1.79405124E-09
1.79405124E-09
1.79405124E-09
1.79405124E-09
1.79405124E-09
1.79405124E-09
1.59331847E-09
1.59331847E-09
1.59331847E-09
1.59331847E-09
1.59331847E-09
1.59331847E-09
1.59331847E-09
1.59331847E-09
1.59331847E-09
1.59331847E-09
1.59331847E-09
1.59331847E-09
1.59331847E-09
1.59331847E-09
1.59331847E-09
1.59331847E-09
1.59331847E-09
1.59331847E-09
1.59331847E-09
1.59331847E-09
1.59331847E-09
1.59331847E-09
1.41504528E-09
1.41504528E-09
1.41504528E-09
1.41504528E-09
1.41504528E-09
1.41504528E-09
1.41504528E-09
1.41504528E-09
1.41504528E-09
1.41504528E-09
1.41504528E-09
1.41504528E-09
1.41504528E-09
1.41504528E-09
1.41504528E-09
1.41504528E-09
1.41504528E-09
1.41504528E-09
1.41504528E-09
1.41504528E-09
1.41504528E-09
1.25671872E-09
1.25671872E-09
1.25671872E-09
1.25671872E-09
1.25671872E-09
1.25671872E-09
1.25671872E-09
1.25671872E-09
1.25671872E-09
1.25671872E-09
1.25671872E-09
1.25671872E-09
1.25671872E-09
1.25671872E-09
1.25671872E-09
1.25671872E-09
1.25671872E-09
1.25671872E-09
1.25671872E-09
1.25671872E-09
1.25671872E-09
1.25671872E-09
1.11610699E-09
1.11610699E-09
1.11610699E-09
1.11610699E-09
1.11610699E-09
1.11610699E-09
1.11610699E-09
1.11610699E-09
1.11610699E-09
1.11610699E-09
1.11610699E-09
1.11610699E-09
1.11610699E-09
1.11610699E-09
1.11610699E-09
1.11610699E-09
1.11610699E-09
1.11610699E-09
1.11610699E-09
1.11610699E-09
1.11610699E-09
9.91228033E-10
9.91228033E-10
9.91228033E-10
9.91228033E-10
9.91228033E-10
9.91228033E-10
9.91228033E-10
9.91228033E-10
9.91228033E-10
9.91228033E-10
9.91228033E-10
9.91228033E-10
9.91228033E-10
9.91228033E-10
9.91228033E-10
9.91228033E-10
9.91228033E-10
9.91228033E-10
9.91228033E-10
9.91228033E-10
9.91228033E-10
9.91228033E-10
8.80321527E-10
8.80321527E-10
8.80321527E-10
8.80321527E-10
8.80321527E-10
8.80321527E-10
8.80321527E-10
8.80321527E-10
8.80321527E-10
8.80321527E-10
8.80321527E-10
8.80321527E-10
8.80321527E-10
8.80321527E-10
8.80321527E-10
8.80321527E-10
8.80321527E-10
8.80321527E-10
8.80321527E-10
8.80321527E-10
8.80321527E-10
7.81824127E-10
7.81824127E-10
7.81824127E-10
7.81824127E-10
7.81824127E-10
7.81824127E-10
7.81824127E-10
7.81824127E-10
7.81824127E-10
7.81824127E-10
7.81824127E-10
7.81824127E-10
7.81824127E-10
7.81824127E-10
7.81824127E-10
7.81824127E-10
7.81824127E-10
7.81824127E-10
7.81824127E-10
7.81824127E-10
7.81824127E-10
7.81824127E-10
6.94347401E-10
6.94347401E-10
6.94347401E-10
6.94347401E-10
6.94347401E-10
6.94347401E-10
6.94347401E-10
6.94347401E-10
6.94347401E-10
6.94347401E-10
6.94347401E-10
6.94347401E-10
6.94347401E-10
6.94347401E-10
6.94347401E-10
6.94347401E-10
6.94347401E-10
6.94347401E-10
6.94347401E-10
6.94347401E-10
6.94347401E-10
6.16658271E-10
6.16658271E-10
6.16658271E-10
6.16658271E-10
6.16658271E-10
6.16658271E-10
6.16658271E-10
6.16658271E-10
6.16658271E-10
6.16658271E-10
6.16658271E-10
6.16658271E-10
6.16658271E-10
6.16658271E-10
6.16658271E-10
6.16658271E-10
6.16658271E-10
6.16658271E-10
6.16658271E-10
6.16658271E-10
6.16658271E-10
6.16658271E-10
5.47661620E-10
5.47661620E-10
5.47661620E-10
5.47661620E-10
5.47661620E-10
5.47661620E-10
5.47661620E-10
5.47661620E-10
5.47661620E-10
5.47661620E-10
5.47661620E-10
5.47661620E-10
5.47661620E-10
5.47661620E-10
5.47661620E-10
5.47661620E-10
5.47661620E-10
5.47661620E-10
5.47661620E-10
5.47661620E-10
5.47661620E-10
4.86384866E-10
4.86384866E-10
4.86384866E-10
4.86384866E-10
4.86384866E-10
4.86384866E-10
4.86384866E-10
4.86384866E-10
4.86384866E-10
4.86384866E-10
4.86384866E-10
4.86384866E-10
4.86384866E-10
4.86384866E-10
4.86384866E-10
4.86384866E-10
4.86384866E-10
4.86384866E-10
4.86384866E-10
4.86384866E-10
4.86384866E-10
4.86384866E-10
4.31964244E-10
4.31964244E-10
4.31964244E-10
4.31964244E-10
4.31964244E-10
4.31964244E-10
4.31964244E-10
4.31964244E-10
4.31964244E-10
4.31964244E-10
4.31964244E-10
4.31964244E-10
4.31964244E-10
4.31964244E-10
4.31964244E-10
4.31964244E-10
4.31964244E-10
4.31964244E-10
4.31964244E-10
4.31964244E-10
4.31964244E-10
3.83632635E-10
3.83632635E-10
3.83632635E-10
3.83632635E-10
3.83632635E-10
3.83632635E-10
3.83632635E-10
3.83632635E-10
3.83632635E-10
3.83632635E-10
3.83632635E-10
3.83632635E-10
3.83632635E-10
3.83632635E-10
3.83632635E-10
3.83632635E-10
3.83632635E-10
3.83632635E-10
3.83632635E-10
3.83632635E-10
3.83632635E-10
3.83632635E-10
3.40708753E-10
3.40708753E-10
3.40708753E-10
3.40708753E-10
3.40708753E-10
3.40708753E-10
3.40708753E-10
3.40708753E-10
3.40708753E-10
3.40708753E-10
3.40708753E-10
3.40708753E-10
3.40708753E-10
3.40708753E-10
3.40708753E-10
3.40708753E-10
3.40708753E-10
3.40708753E-10
3.40708753E-10
3.40708753E-10
3.40708753E-10
3.02587538E-10
3.02587538E-10
3.02587538E-10
3.02587538E-10
3.02587538E-10
3.02587538E-10
3.02587538E-10
3.02587538E-10
3.02587538E-10
3.02587538E-10
3.02587538E-10
3.02587538E-10
3.02587538E-10
3.02587538E-10
3.02587538E-10
3.02587538E-10
3.02587538E-10
3.02587538E-10
3.02587538E-10
3.02587538E-10
3.02587538E-10
3.02587538E-10
2.68731628E-10
2.68731628E-10
2.68731628E-10
2.68731628E-10
2.68731628E-10
2.68731628E-10
2.68731628E-10
2.68731628E-10
2.68731628E-10
2.68731628E-10
2.68731628E-10
2.68731628E-10
2.68731628E-10
2.68731628E-10
2.68731628E-10
2.68731628E-10
2.68731628E-10
2.68731628E-10
2.68731628E-10
2.68731628E-10
2.68731628E-10
2.38663788E-10
2.38663788E-10
2.38663788E-10
2.38663788E-10
2.38663788E-10
2.38663788E-10
2.38663788E-10
2.38663788E-10
2.38663788E-10
2.38663788E-10
2.38663788E-10
2.38663788E-10
2.38663788E-10
2.38663788E-10
2.38663788E-10
2.38663788E-10
2.38663788E-10
2.38663788E-10
2.38663788E-10
2.38663788E-10
2.38663788E-10
2.38663788E-10
2.11960178E-10
2.11960178E-10
2.11960178E-10
2.11960178E-10
2.11960178E-10
2.11960178E-10
2.11960178E-10
2.11960178E-10
2.11960178E-10
2.11960178E-10
2.11960178E-10
2.11960178E-10
2.11960178E-10
2.11960178E-10
2.11960178E-10
2.11960178E-10
2.11960178E-10
2.11960178E-10
2.11960178E-10
2.11960178E-10
2.11960178E-10
1.88244381E-10
1.88244381E-10
1.88244381E-10
1.88244381E-10
1.88244381E-10
1.88244381E-10
1.88244381E-10
1.88244381E-10
1.88244381E-10
1.88244381E-10
1.88244381E-10
1.88244381E-10
1.88244381E-10
1.88244381E-10
1.88244381E-10
1.88244381E-10
1.88244381E-10
1.88244381E-10
1.88244381E-10
1.88244381E-10
1.88244381E-10
1.88244381E-10
1.67182097E-10
1.67182097E-10
1.67182097E-10
1.67182097E-10
1.67182097E-10
1.67182097E-10
1.67182097E-10
1.67182097E-10
1.67182097E-10
1.67182097E-10
1.67182097E-10
1.67182097E-10
1.67182097E-10
1.67182097E-10
1.67182097E-10
1.67182097E-10
1.67182097E-10
1.67182097E-10
1.67182097E-10
1.67182097E-10
1.67182097E-10
1.48476429E-10
1.48476429E-10
1.48476429E-10
1.48476429E-10
1.48476429E-10
1.48476429E-10
1.48476429E-10
1.48476429E-10
1.48476429E-10
1.48476429E-10
1.48476429E-10
1.48476429E-10
1.48476429E-10
1.48476429E-10
1.48476429E-10
1.48476429E-10
1.48476429E-10
1.48476429E-10
1.48476429E-10
1.48476429E-10
1.48476429E-10
1.48476429E-10
1.31863701E-10
1.31863701E-10
1.31863701E-10
1.31863701E-10
1.31863701E-10
1.31863701E-10
1.31863701E-10
1.31863701E-10
1.31863701E-10
1.31863701E-10
1.31863701E-10
1.31863701E-10
1.31863701E-10
1.31863701E-10
1.31863701E-10
1.31863701E-10
1.31863701E-10
1.31863701E-10
1.31863701E-10
1.31863701E-10
1.31863701E-10
1.17109737E-10
1.17109737E-10
1.17109737E-10
1.17109737E-10
1.17109737E-10
1.17109737E-10
1.17109737E-10
1.17109737E-10
1.17109737E-10
1.17109737E-10
1.17109737E-10
1.17109737E-10
1.17109737E-10
1.17109737E-10
1.17109737E-10
1.17109737E-10
1.17109737E-10
1.17109737E-10
1.17109737E-10
1.17109737E-10
1.17109737E-10
1.17109737E-10
1.04006565E-10
1.04006565E-10
1.04006565E-10
1.04006565E-10
1.04006565E-10
1.04006565E-10
1.04006565E-10
1.04006565E-10
1.04006565E-10
1.04006565E-10
1.04006565E-10
1.04006565E-10
1.04006565E-10
1.04006565E-10
1.04006565E-10
1.04006565E-10
1.04006565E-10
1.04006565E-10
1.04006565E-10
1.04006565E-10
1.04006565E-10
9.23694799E-11
9.23694799E-11
9.23694799E-11
9.23694799E-11
9.23694799E-11
9.23694799E-11
9.23694799E-11
9.23694799E-11
9.23694799E-11
9.23694799E-11
9.23694799E-11
9.23694799E-11
9.23694799E-11
9.23694799E-11
9.23694799E-11
9.23694799E-11
9.23694799E-11
9.23694799E-11
9.23694799E-11
9.23694799E-11
9.23694799E-11
9.23694799E-11
8.20344450E-11
8.20344450E-11
8.20344450E-11
8.20344450E-11
8.20344450E-11
8.20344450E-11
8.20344450E-11
8.20344450E-11
8.20344450E-11
8.20344450E-11
8.20344450E-11
8.20344450E-11
8.20344450E-11
8.20344450E-11
8.20344450E-11
8.20344450E-11
8.20344450E-11
8.20344450E-11
8.20344450E-11
8.20344450E-11
8.20344450E-11
7.28557763E-11
7.28557763E-11
7.28557763E-11
7.28557763E-11
7.28557763E-11
7.28557763E-11
7.28557763E-11
7.28557763E-11
7.28557763E-11
7.28557763E-11
7.28557763E-11
7.28557763E-11
7.28557763E-11
7.28557763E-11
7.28557763E-11
7.28557763E-11
7.28557763E-11
7.28557763E-11
7.28557763E-11
7.28557763E-11
7.28557763E-11
7.28557763E-11
6.47040904E-11
6.47040904E-11
6.47040904E-11
6.47040904E-11
6.47040904E-11
6.47040904E-11
6.47040904E-11
6.47040904E-11
6.47040904E-11
6.47040904E-11
6.47040904E-11
6.47040904E-11
6.47040904E-11
6.47040904E-11
6.47040904E-11
6.47040904E-11
6.47040904E-11
6.47040904E-11
6.47040904E-11
6.47040904E-11
6.47040904E-11
5.74644802E-11
5.74644802E-11
5.74644802E-11
5.74644802E-11
5.74644802E-11
5.74644802E-11
5.74644802E-11
5.74644802E-11
5.74644802E-11
5.74644802E-11
5.74644802E-11
5.74644802E-11
5.74644802E-11
5.74644802E-11
5.74644802E-11
5.74644802E-11
5.74644802E-11
5.74644802E-11
5.74644802E-11
5.74644802E-11
5.74644802E-11
5.74644802E-11
5.10348953E-11
5.10348953E-11
5.10348953E-11
5.10348953E-11
5.10348953E-11
5.10348953E-11
5.10348953E-11
5.10348953E-11
5.10348953E-11
5.10348953E-11
5.10348953E-11
5.10348953E-11
5.10348953E-11
5.10348953E-11
5.10348953E-11
5.10348953E-11
5.10348953E-11
5.10348953E-11
5.10348953E-11
5.10348953E-11
5.10348953E-11
4.53247038E-11
4.53247038E-11
4.53247038E-11
4.53247038E-11
4.53247038E-11
4.53247038E-11
4.53247038E-11
4.53247038E-11
4.53247038E-11
4.53247038E-11
4.53247038E-11
4.53247038E-11
4.53247038E-11
4.53247038E-11
4.53247038E-11
4.53247038E-11
4.53247038E-11
4.53247038E-11
4.53247038E-11
4.53247038E-11
4.53247038E-11
4.53247038E-11
4.02534141E-11
4.02534141E-11
4.02534141E-11
4.02534141E-11
4.02534141E-11
4.02534141E-11
4.02534141E-11
4.02534141E-11
4.02534141E-11
4.02534141E-11
4.02534141E-11
4.02534141E-11
4.02534141E-11
4.02534141E-11
4.02534141E-11
4.02534141E-11
4.02534141E-11
4.02534141E-11
4.02534141E-11
4.02534141E-11
4.02534141E-11
3.57495407E-11
3.57495407E-11
3.57495407E-11
3.57495407E-11
3.57495407E-11
3.57495407E-11
3.57495407E-11
3.57495407E-11
3.57495407E-11
3.57495407E-11
3.57495407E-11
3.57495407E-11
3.57495407E-11
3.57495407E-11
3.57495407E-11
3.57495407E-11
3.57495407E-11
3.57495407E-11
3.57495407E-11
3.57495407E-11
3.57495407E-11
3.57495407E-11
3.17495967E-11
3.17495967E-11
3.17495967E-11
3.17495967E-11
3.17495967E-11
3.17495967E-11
3.17495967E-11
3.17495967E-11
3.17495967E-11
3.17495967E-11
3.17495967E-11
3.17495967E-11
3.17495967E-11
3.17495967E-11
3.17495967E-11
3.17495967E-11
3.17495967E-11
3.17495967E-11
3.17495967E-11
3.17495967E-11
3.17495967E-11
2.81971983E-11
2.81971983E-11
2.81971983E-11
2.81971983E-11
2.81971983E-11
2.81971983E-11
2.81971983E-11
2.81971983E-11
2.81971983E-11
2.81971983E-11
2.81971983E-11
2.81971983E-11
2.81971983E-11
2.81971983E-11
2.81971983E-11
2.81971983E-11
2.81971983E-11
2.81971983E-11
2.81971983E-11
2.81971983E-11
2.81971983E-11
2.81971983E-11
2.50422706E-11
2.50422706E-11
2.50422706E-11
2.50422706E-11
2.50422706E-11
2.50422706E-11
2.50422706E-11
2.50422706E-11
2.50422706E-11
2.50422706E-11
2.50422706E-11
2.50422706E-11
2.50422706E-11
2.50422706E-11
2.50422706E-11
2.50422706E-11
2.50422706E-11
2.50422706E-11
2.50422706E-11
2.50422706E-11
2.50422706E-11
2.22403415E-11
2.22403415E-11
2.22403415E-11
2.22403415E-11
2.22403415E-11
2.22403415E-11
2.22403415E-11
2.22403415E-11
2.22403415E-11
2.22403415E-11
2.22403415E-11
2.22403415E-11
2.22403415E-11
2.22403415E-11
2.22403415E-11
2.22403415E-11
2.22403415E-11
2.22403415E-11
2.22403415E-11
2.22403415E-11
2.22403415E-11
2.22403415E-11
1.97519145E-11
1.97519145E-11
1.97519145E-11
1.97519145E-11
1.97519145E-11
1.97519145E-11
1.97519145E-11
1.97519145E-11
1.97519145E-11
1.97519145E-11
1.97519145E-11
1.97519145E-11
1.97519145E-11
1.97519145E-11
1.97519145E-11
1.97519145E-11
1.97519145E-11
1.97519145E-11
1.97519145E-11
1.97519145E-11
1.97519145E-11
1.75419126E-11
1.75419126E-11
1.75419126E-11
1.75419126E-11
1.75419126E-11
1.75419126E-11
1.75419126E-11
1.75419126E-11
1.75419126E-11
1.75419126E-11
1.75419126E-11
1.75419126E-11
1.75419126E-11
1.75419126E-11
1.75419126E-11
1.75419126E-11
1.75419126E-11
1.75419126E-11
1.75419126E-11
1.75419126E-11
1.75419126E-11
1.75419126E-11
1.55791834E-11
1.55791834E-11
1.55791834E-11
1.55791834E-11
1.55791834E-11
1.55791834E-11
1.55791834E-11
1.55791834E-11
1.55791834E-11
1.55791834E-11
1.55791834E-11
1.55791834E-11
1.55791834E-11
1.55791834E-11
1.55791834E-11
1.55791834E-11
1.55791834E-11
1.55791834E-11
1.55791834E-11
1.55791834E-11
1.55791834E-11
1.38360599E-11
1.38360599E-11
1.38360599E-11
1.38360599E-11
1.38360599E-11
1.38360599E-11
1.38360599E-11
1.38360599E-11
1.38360599E-11
1.38360599E-11
1.38360599E-11
1.38360599E-11
1.38360599E-11
1.38360599E-11
1.38360599E-11
1.38360599E-11
1.38360599E-11
1.38360599E-11
1.38360599E-11
1.38360599E-11
1.38360599E-11
1.38360599E-11
1.22879711E-11
1.22879711E-11
1.22879711E-11
1.22879711E-11
1.22879711E-11
1.22879711E-11
1.22879711E-11
1.22879711E-11
1.22879711E-11
1.22879711E-11
1.22879711E-11
1.22879711E-11
1.22879711E-11
1.22879711E-11
1.22879711E-11
1.22879711E-11
1.22879711E-11
1.22879711E-11
1.22879711E-11
1.22879711E-11
1.22879711E-11
1.09130948E-11
1.09130948E-11
1.09130948E-11
1.09130948E-11
1.09130948E-11
1.09130948E-11
1.09130948E-11
1.09130948E-11
1.09130948E-11
1.09130948E-11
1.09130948E-11
1.09130948E-11
1.09130948E-11
1.09130948E-11
1.09130948E-11
1.09130948E-11
1.09130948E-11
1.09130948E-11
1.09130948E-11
1.09130948E-11
1.09130948E-11
1.09130948E-11
9.69205060E-12
9.69205060E-12
9.69205060E-12
9.69205060E-12
9.69205060E-12
9.69205060E-12
9.69205060E-12
9.69205060E-12
9.69205060E-12
9.69205060E-12
9.69205060E-12
9.69205060E-12
9.69205060E-12
9.69205060E-12
9.69205060E-12
9.69205060E-12
9.69205060E-12
9.69205060E-12
9.69205060E-12
9.69205060E-12
9.69205060E-12
8.60762660E-12
8.60762660E-12
8.60762660E-12
8.60762660E-12
8.60762660E-12
8.60762660E-12
8.60762660E-12
8.60762660E-12
8.60762660E-12
8.60762660E-12
8.60762660E-12
8.60762660E-12
8.60762660E-12
8.60762660E-12
8.60762660E-12
8.60762660E-12
8.60762660E-12
8.60762660E-12
8.60762660E-12
8.60762660E-12
8.60762660E-12
8.60762660E-12
7.64453661E-12
7.64453661E-12
7.64453661E-12
7.64453661E-12
7.64453661E-12
7.64453661E-12
7.64453661E-12
7.64453661E-12
7.64453661E-12
7.64453661E-12
7.64453661E-12
7.64453661E-12
7.64453661E-12
7.64453661E-12
7.64453661E-12
7.64453661E-12
7.64453661E-12
7.64453661E-12
7.64453661E-12
7.64453661E-12
7.64453661E-12
6.78920482E-12
6.78920482E-12
6.78920482E-12
6.78920482E-12
6.78920482E-12
6.78920482E-12
6.78920482E-12
6.78920482E-12
6.78920482E-12
6.78920482E-12
6.78920482E-12
6.78920482E-12
6.78920482E-12
6.78920482E-12
6.78920482E-12
6.78920482E-12
6.78920482E-12
6.78920482E-12
6.78920482E-12
6.78920482E-12
6.78920482E-12
6.78920482E-12
6.02957438E-12
6.02957438E-12
6.02957438E-12
6.02957438E-12
6.02957438E-12
6.02957438E-12
6.02957438E-12
6.02957438E-12
6.02957438E-12
6.02957438E-12
6.02957438E-12
6.02957438E-12
6.02957438E-12
6.02957438E-12
6.02957438E-12
6.02957438E-12
6.02957438E-12
6.02957438E-12
6.02957438E-12
6.02957438E-12
6.02957438E-12
5.35493746E-12
5.35493746E-12
5.35493746E-12
5.35493746E-12
5.35493746E-12
5.35493746E-12
5.35493746E-12
5.35493746E-12
5.35493746E-12
5.35493746E-12
5.35493746E-12
5.35493746E-12
5.35493746E-12
5.35493746E-12
5.35493746E-12
5.35493746E-12
5.35493746E-12
5.35493746E-12
5.35493746E-12
5.35493746E-12
5.35493746E-12
5.35493746E-12
4.75578430E-12
4.75578430E-12
4.75578430E-12
4.75578430E-12
4.75578430E-12
4.75578430E-12
4.75578430E-12
4.75578430E-12
4.75578430E-12
4.75578430E-12
4.75578430E-12
4.75578430E-12
4.75578430E-12
4.75578430E-12
4.75578430E-12
4.75578430E-12
4.75578430E-12
4.75578430E-12
4.75578430E-12
4.75578430E-12
4.75578430E-12
4.22366918E-12
4.22366918E-12
4.22366918E-12
4.22366918E-12
4.22366918E-12
4.22366918E-12
4.22366918E-12
4.22366918E-12
4.22366918E-12
4.22366918E-12
4.22366918E-12
4.22366918E-12
4.22366918E-12
4.22366918E-12
4.22366918E-12
4.22366918E-12
4.22366918E-12
4.22366918E-12
4.22366918E-12
4.22366918E-12
4.22366918E-12
4.22366918E-12
3.75109135E-12
3.75109135E-12
3.75109135E-12
3.75109135E-12
3.75109135E-12
3.75109135E-12
3.75109135E-12
3.75109135E-12
3.75109135E-12
3.75109135E-12
3.75109135E-12
3.75109135E-12
3.75109135E-12
3.75109135E-12
3.75109135E-12
3.75109135E-12
3.75109135E-12
3.75109135E-12
3.75109135E-12
3.75109135E-12
3.75109135E-12
3.33138931E-12
3.33138931E-12
3.33138931E-12
3.33138931E-12
3.33138931E-12
3.33138931E-12
3.33138931E-12
3.33138931E-12
3.33138931E-12
3.33138931E-12
3.33138931E-12
3.33138931E-12
3.33138931E-12
3.33138931E-12
3.33138931E-12
3.33138931E-12
3.33138931E-12
3.33138931E-12
3.33138931E-12
3.33138931E-12
3.33138931E-12
3.33138931E-12
2.95864687E-12
2.95864687E-12
2.95864687E-12
2.95864687E-12
2.95864687E-12
2.95864687E-12
2.95864687E-12
2.95864687E-12
2.95864687E-12
2.95864687E-12
2.95864687E-12
2.95864687E-12
2.95864687E-12
2.95864687E-12
2.95864687E-12
2.95864687E-12
2.95864687E-12
2.95864687E-12
2.95864687E-12
2.95864687E-12
2.95864687E-12
2.62760984E-12
2.62760984E-12
2.62760984E-12
2.62760984E-12
2.62760984E-12
2.62760984E-12
2.62760984E-12
2.62760984E-12
2.62760984E-12
2.62760984E-12
2.62760984E-12
2.62760984E-12
2.62760984E-12
2.62760984E-12
2.62760984E-12
2.62760984E-12
2.62760984E-12
2.62760984E-12
2.62760984E-12
2.62760984E-12
2.62760984E-12
2.62760984E-12
2.33361187E-12
2.33361187E-12
2.33361187E-12
2.33361187E-12
2.33361187E-12
2.33361187E-12
2.33361187E-12
2.33361187E-12
2.33361187E-12
2.33361187E-12
2.33361187E-12
2.33361187E-12
2.33361187E-12
2.33361187E-12
2.33361187E-12
2.33361187E-12
2.33361187E-12
2.33361187E-12
2.33361187E-12
2.33361187E-12
2.33361187E-12
2.07250874E-12
2.07250874E-12
2.07250874E-12
2.07250874E-12
2.07250874E-12
2.07250874E-12
2.07250874E-12
2.07250874E-12
2.07250874E-12
2.07250874E-12
2.07250874E-12
2.07250874E-12
2.07250874E-12
2.07250874E-12
2.07250874E-12
2.07250874E-12
2.07250874E-12
2.07250874E-12
2.07250874E-12
2.07250874E-12
2.07250874E-12
2.07250874E-12
1.84061992E-12
1.84061992E-12
1.84061992E-12
1.84061992E-12
1.84061992E-12
1.84061992E-12
1.84061992E-12
1.84061992E-12
1.84061992E-12
1.84061992E-12
1.84061992E-12
1.84061992E-12
1.84061992E-12
1.84061992E-12
1.84061992E-12
1.84061992E-12
1.84061992E-12
1.84061992E-12
1.84061992E-12
1.84061992E-12
1.84061992E-12
1.63467667E-12
1.63467667E-12
1.63467667E-12
1.63467667E-12
1.63467667E-12
1.63467667E-12
1.63467667E-12
1.63467667E-12
1.63467667E-12
1.63467667E-12
1.63467667E-12
1.63467667E-12
1.63467667E-12
1.63467667E-12
1.63467667E-12
1.63467667E-12
1.63467667E-12
1.63467667E-12
1.63467667E-12
1.63467667E-12
1.63467667E-12
1.63467667E-12
1.45177599E-12
1.45177599E-12
1.45177599E-12
1.45177599E-12
1.45177599E-12
1.45177599E-12
1.45177599E-12
1.45177599E-12
1.45177599E-12
1.45177599E-12
1.45177599E-12
1.45177599E-12
1.45177599E-12
1.45177599E-12
1.45177599E-12
1.45177599E-12
1.45177599E-12
1.45177599E-12
1.45177599E-12
1.45177599E-12
1.45177599E-12
1.28933970E-12
1.28933970E-12
1.28933970E-12
1.28933970E-12
1.28933970E-12
1.28933970E-12
1.28933970E-12
1.28933970E-12
1.28933970E-12
1.28933970E-12
1.28933970E-12
1.28933970E-12
1.28933970E-12
1.28933970E-12
1.28933970E-12
1.28933970E-12
1.28933970E-12
1.28933970E-12
1.28933970E-12
1.28933970E-12
1.28933970E-12
1.28933970E-12
1.14507808E-12
1.14507808E-12
1.14507808E-12
1.14507808E-12
1.14507808E-12
1.14507808E-12
1.14507808E-12
1.14507808E-12
1.14507808E-12
1.14507808E-12
1.14507808E-12
1.14507808E-12
1.14507808E-12
1.14507808E-12
1.14507808E-12
1.14507808E-12
1.14507808E-12
1.14507808E-12
1.14507808E-12
1.14507808E-12
1.14507808E-12
1.01695760E-12
1.01695760E-12
1.01695760E-12
1.01695760E-12
1.01695760E-12
1.01695760E-12
1.01695760E-12
1.01695760E-12
1.01695760E-12
1.01695760E-12
1.01695760E-12
1.01695760E-12
1.01695760E-12
1.01695760E-12
1.01695760E-12
1.01695760E-12
1.01695760E-12
1.01695760E-12
1.01695760E-12
1.01695760E-12
1.01695760E-12
1.01695760E-12
9.03172267E-13
9.03172267E-13
9.03172267E-13
9.03172267E-13
9.03172267E-13
9.03172267E-13
9.03172267E-13
9.03172267E-13
9.03172267E-13
9.03172267E-13
9.03172267E-13
9.03172267E-13
9.03172267E-13
9.03172267E-13
9.03172267E-13
9.03172267E-13
9.03172267E-13
9.03172267E-13
9.03172267E-13
9.03172267E-13
9.03172267E-13
8.02118143E-13
8.02118143E-13
8.02118143E-13
8.02118143E-13
8.02118143E-13
8.02118143E-13
8.02118143E-13
8.02118143E-13
8.02118143E-13
8.02118143E-13
8.02118143E-13
8.02118143E-13
8.02118143E-13
8.02118143E-13
8.02118143E-13
8.02118143E-13
8.02118143E-13
8.02118143E-13
8.02118143E-13
8.02118143E-13
8.02118143E-13
8.02118143E-13
7.12370761E-13
7.12370761E-13
7.12370761E-13
7.12370761E-13
7.12370761E-13
7.12370761E-13
7.12370761E-13
7.12370761E-13
7.12370761E-13
7.12370761E-13
7.12370761E-13
7.12370761E-13
7.12370761E-13
7.12370761E-13
7.12370761E-13
7.12370761E-13
7.12370761E-13
7.12370761E-13
7.12370761E-13
7.12370761E-13
7.12370761E-13
6.32665032E-13
6.32665032E-13
6.32665032E-13
6.32665032E-13
6.32665032E-13
6.32665032E-13
6.32665032E-13
6.32665032E-13
6.32665032E-13
6.32665032E-13
6.32665032E-13
6.32665032E-13
6.32665032E-13
6.32665032E-13
6.32665032E-13
6.32665032E-13
6.32665032E-13
6.32665032E-13
6.32665032E-13
6.32665032E-13
6.32665032E-13
6.32665032E-13
5.61877417E-13
5.61877417E-13
5.61877417E-13
5.61877417E-13
5.61877417E-13
5.61877417E-13
5.61877417E-13
5.61877417E-13
5.61877417E-13
5.61877417E-13
5.61877417E-13
5.61877417E-13
5.61877417E-13
5.61877417E-13
5.61877417E-13
5.61877417E-13
5.61877417E-13
5.61877417E-13
5.61877417E-13
5.61877417E-13
5.61877417E-13
4.99010086E-13
4.99010086E-13
4.99010086E-13
4.99010086E-13
4.99010086E-13
4.99010086E-13
4.99010086E-13
4.99010086E-13
4.99010086E-13
4.99010086E-13
4.99010086E-13
4.99010086E-13
4.99010086E-13
4.99010086E-13
4.99010086E-13
4.99010086E-13
4.99010086E-13
4.99010086E-13
4.99010086E-13
4.99010086E-13
4.99010086E-13
4.99010086E-13
4.43176853E-13
4.43176853E-13
4.43176853E-13
4.43176853E-13
4.43176853E-13
4.43176853E-13
4.43176853E-13
4.43176853E-13
4.43176853E-13
4.43176853E-13
4.43176853E-13
4.43176853E-13
4.43176853E-13
4.43176853E-13
4.43176853E-13
4.43176853E-13
4.43176853E-13
4.43176853E-13
4.43176853E-13
4.43176853E-13
4.43176853E-13
3.93590689E-13
3.93590689E-13
3.93590689E-13
3.93590689E-13
3.93590689E-13
3.93590689E-13
3.93590689E-13
3.93590689E-13
3.93590689E-13
3.93590689E-13
3.93590689E-13
3.93590689E-13
3.93590689E-13
3.93590689E-13
3.93590689E-13
3.93590689E-13
3.93590689E-13
3.93590689E-13
3.93590689E-13
3.93590689E-13
3.93590689E-13
3.93590689E-13
3.49552620E-13
3.49552620E-13
3.49552620E-13
3.49552620E-13
3.49552620E-13
3.49552620E-13
3.49552620E-13
3.49552620E-13
3.49552620E-13
3.49552620E-13
3.49552620E-13
3.49552620E-13
3.49552620E-13
3.49552620E-13
3.49552620E-13
3.49552620E-13
3.49552620E-13
3.49552620E-13
3.49552620E-13
3.49552620E-13
3.49552620E-13
3.10441882E-13
3.10441882E-13
3.10441882E-13
3.10441882E-13
3.10441882E-13
3.10441882E-13
3.10441882E-13
3.10441882E-13
3.10441882E-13
3.10441882E-13
3.10441882E-13
3.10441882E-13
3.10441882E-13
3.10441882E-13
3.10441882E-13
3.10441882E-13
3.10441882E-13
3.10441882E-13
3.10441882E-13
3.10441882E-13
3.10441882E-13
3.10441882E-13
2.75707166E-13
2.75707166E-13
2.75707166E-13
2.75707166E-13
2.75707166E-13
2.75707166E-13
2.75707166E-13
2.75707166E-13
2.75707166E-13
2.75707166E-13
2.75707166E-13
2.75707166E-13
2.75707166E-13
2.75707166E-13
2.75707166E-13
2.75707166E-13
2.75707166E-13
2.75707166E-13
2.75707166E-13
2.75707166E-13
2.75707166E-13
2.44858847E-13
2.44858847E-13
2.44858847E-13
2.44858847E-13
2.44858847E-13
2.44858847E-13
2.44858847E-13
2.44858847E-13
2.44858847E-13
2.44858847E-13
2.44858847E-13
2.44858847E-13
2.44858847E-13
2.44858847E-13
2.44858847E-13
2.44858847E-13
2.44858847E-13
2.44858847E-13
2.44858847E-13
2.44858847E-13
2.44858847E-13
2.44858847E-13
2.17462084E-13
2.17462084E-13
2.17462084E-13
2.17462084E-13
2.17462084E-13
2.17462084E-13
2.17462084E-13
2.17462084E-13
2.17462084E-13
2.17462084E-13
2.17462084E-13
2.17462084E-13
2.17462084E-13
2.17462084E-13
2.17462084E-13
2.17462084E-13
2.17462084E-13
2.17462084E-13
2.17462084E-13
2.17462084E-13
2.17462084E-13
1.93130690E-13
1.93130690E-13
1.93130690E-13
1.93130690E-13
1.93130690E-13
1.93130690E-13
1.93130690E-13
1.93130690E-13
1.93130690E-13
1.93130690E-13
1.93130690E-13
1.93130690E-13
1.93130690E-13
1.93130690E-13
1.93130690E-13
1.93130690E-13
1.93130690E-13
1.93130690E-13
1.93130690E-13
1.93130690E-13
1.93130690E-13
1.93130690E-13
1.71521686E-13
1.71521686E-13
1.71521686E-13
1.71521686E-13
1.71521686E-13
1.71521686E-13
1.71521686E-13
1.71521686E-13
1.71521686E-13
1.71521686E-13
1.71521686E-13
1.71521686E-13
1.71521686E-13
1.71521686E-13
1.71521686E-13
1.71521686E-13
1.71521686E-13
1.71521686E-13
1.71521686E-13
1.71521686E-13
1.71521686E-13
1.52330471E-13
1.52330471E-13
1.52330471E-13
1.52330471E-13
1.52330471E-13
1.52330471E-13
1.52330471E-13
1.52330471E-13
1.52330471E-13
1.52330471E-13
1.52330471E-13
1.52330471E-13
1.52330471E-13
1.52330471E-13
1.52330471E-13
1.52330471E-13
1.52330471E-13
1.52330471E-13
1.52330471E-13
1.52330471E-13
1.52330471E-13
1.52330471E-13
1.35286521E-13
1.35286521E-13
1.35286521E-13
1.35286521E-13
1.35286521E-13
1.35286521E-13
1.35286521E-13
1.35286521E-13
1.35286521E-13
1.35286521E-13
1.35286521E-13
1.35286521E-13
1.35286521E-13
1.35286521E-13
1.35286521E-13
1.35286521E-13
1.35286521E-13
1.35286521E-13
1.35286521E-13
1.35286521E-13
1.35286521E-13
1.20149585E-13
1.20149585E-13
1.20149585E-13
1.20149585E-13
1.20149585E-13
1.20149585E-13
1.20149585E-13
1.20149585E-13
1.20149585E-13
1.20149585E-13
1.20149585E-13
1.20149585E-13
1.20149585E-13
1.20149585E-13
1.20149585E-13
1.20149585E-13
1.20149585E-13
1.20149585E-13
1.20149585E-13
1.20149585E-13
1.20149585E-13
1.20149585E-13
1.06706290E-13
1.06706290E-13
1.06706290E-13
1.06706290E-13
1.06706290E-13
1.06706290E-13
1.06706290E-13
1.06706290E-13
1.06706290E-13
1.06706290E-13
1.06706290E-13
1.06706290E-13
1.06706290E-13
1.06706290E-13
1.06706290E-13
1.06706290E-13
1.06706290E-13
1.06706290E-13
1.06706290E-13
1.06706290E-13
1.06706290E-13
9.47671387E-14
9.47671387E-14
9.47671387E-14
9.47671387E-14
9.47671387E-14
9.47671387E-14
9.47671387E-14
9.47671387E-14
9.47671387E-14
9.47671387E-14
9.47671387E-14
9.47671387E-14
9.47671387E-14
9.47671387E-14
9.47671387E-14
9.47671387E-14
9.47671387E-14
9.47671387E-14
9.47671387E-14
9.47671387E-14
9.47671387E-14
9.47671387E-14
8.41638346E-14
8.41638346E-14
8.41638346E-14
8.41638346E-14
8.41638346E-14
8.41638346E-14
8.41638346E-14
8.41638346E-14
8.41638346E-14
8.41638346E-14
8.41638346E-14
8.41638346E-14
8.41638346E-14
8.41638346E-14
8.41638346E-14
8.41638346E-14
8.41638346E-14
8.41638346E-14
8.41638346E-14
8.41638346E-14
8.41638346E-14
7.47469128E-14
7.47469128E-14
7.47469128E-14
7.47469128E-14
7.47469128E-14
7.47469128E-14
7.47469128E-14
7.47469128E-14
7.47469128E-14
7.47469128E-14
7.47469128E-14
7.47469128E-14
7.47469128E-14
7.47469128E-14
7.47469128E-14
7.47469128E-14
7.47469128E-14
7.47469128E-14
7.47469128E-14
7.47469128E-14
7.47469128E-14
7.47469128E-14
6.63836314E-14
6.63836314E-14
6.63836314E-14
6.63836314E-14
6.63836314E-14
6.63836314E-14
6.63836314E-14
6.63836314E-14
6.63836314E-14
6.63836314E-14
6.63836314E-14
6.63836314E-14
6.63836314E-14
6.63836314E-14
6.63836314E-14
6.63836314E-14
6.63836314E-14
6.63836314E-14
6.63836314E-14
6.63836314E-14
6.63836314E-14
5.89561007E-14
5.89561007E-14
5.89561007E-14
5.89561007E-14
5.89561007E-14
5.89561007E-14
5.89561007E-14
5.89561007E-14
5.89561007E-14
5.89561007E-14
5.89561007E-14
5.89561007E-14
5.89561007E-14
5.89561007E-14
5.89561007E-14
5.89561007E-14
5.89561007E-14
5.89561007E-14
5.89561007E-14
5.89561007E-14
5.89561007E-14
5.89561007E-14
5.23596215E-14
5.23596215E-14
5.23596215E-14
5.23596215E-14
5.23596215E-14
5.23596215E-14
5.23596215E-14
5.23596215E-14
5.23596215E-14
5.23596215E-14
5.23596215E-14
5.23596215E-14
5.23596215E-14
5.23596215E-14
5.23596215E-14
5.23596215E-14
5.23596215E-14
5.23596215E-14
5.23596215E-14
5.23596215E-14
5.23596215E-14
4.65012090E-14
4.65012090E-14
4.65012090E-14
4.65012090E-14
4.65012090E-14
4.65012090E-14
4.65012090E-14
4.65012090E-14
4.65012090E-14
4.65012090E-14
4.65012090E-14
4.65012090E-14
4.65012090E-14
4.65012090E-14
4.65012090E-14
4.65012090E-14
4.65012090E-14
4.65012090E-14
4.65012090E-14
4.65012090E-14
4.65012090E-14
4.65012090E-14
4.12982825E-14
4.12982825E-14
4.12982825E-14
4.12982825E-14
4.12982825E-14
4.12982825E-14
4.12982825E-14
4.12982825E-14
4.12982825E-14
4.12982825E-14
4.12982825E-14
4.12982825E-14
4.12982825E-14
4.12982825E-14
4.12982825E-14
4.12982825E-14
4.12982825E-14
4.12982825E-14
4.12982825E-14
4.12982825E-14
4.12982825E-14
3.66775009E-14
3.66775009E-14
3.66775009E-14
3.66775009E-14
3.66775009E-14
3.66775009E-14
3.66775009E-14
3.66775009E-14
3.66775009E-14
3.66775009E-14
3.66775009E-14
3.66775009E-14
3.66775009E-14
3.66775009E-14
3.66775009E-14
3.66775009E-14
3.66775009E-14
3.66775009E-14
3.66775009E-14
3.66775009E-14
3.66775009E-14
3.66775009E-14
3.25737292E-14
3.25737292E-14
3.25737292E-14
3.25737292E-14
3.25737292E-14
3.25737292E-14
3.25737292E-14
3.25737292E-14
3.25737292E-14
3.25737292E-14
3.25737292E-14
3.25737292E-14
3.25737292E-14
3.25737292E-14
3.25737292E-14
3.25737292E-14
3.25737292E-14
3.25737292E-14
3.25737292E-14
3.25737292E-14
3.25737292E-14
2.89291204E-14
2.89291204E-14
2.89291204E-14
2.89291204E-14
2.89291204E-14
2.89291204E-14
2.89291204E-14
2.89291204E-14
2.89291204E-14
2.89291204E-14
2.89291204E-14
2.89291204E-14
2.89291204E-14
2.89291204E-14
2.89291204E-14
2.89291204E-14
2.89291204E-14
2.89291204E-14
2.89291204E-14
2.89291204E-14
2.89291204E-14
2.89291204E-14
2.56922994E-14
2.56922994E-14
2.56922994E-14
2.56922994E-14
2.56922994E-14
2.56922994E-14
2.56922994E-14
2.56922994E-14
2.56922994E-14
2.56922994E-14
2.56922994E-14
2.56922994E-14
2.56922994E-14
2.56922994E-14
2.56922994E-14
2.56922994E-14
2.56922994E-14
2.56922994E-14
2.56922994E-14
2.56922994E-14
2.56922994E-14
2.28176398E-14
2.28176398E-14
2.28176398E-14
2.28176398E-14
2.28176398E-14
2.28176398E-14
2.28176398E-14
2.28176398E-14
2.28176398E-14
2.28176398E-14
2.28176398E-14
2.28176398E-14
2.28176398E-14
2.28176398E-14
2.28176398E-14
2.28176398E-14
2.28176398E-14
2.28176398E-14
2.28176398E-14
2.28176398E-14
2.28176398E-14
2.28176398E-14
2.02646201E-14
2.02646201E-14
2.02646201E-14
2.02646201E-14
2.02646201E-14
2.02646201E-14
2.02646201E-14
2.02646201E-14
2.02646201E-14
2.02646201E-14
2.02646201E-14
2.02646201E-14
2.02646201E-14
2.02646201E-14
2.02646201E-14
2.02646201E-14
2.02646201E-14
2.02646201E-14
2.02646201E-14
2.02646201E-14
2.02646201E-14
1.79972526E-14
1.79972526E-14
1.79972526E-14
1.79972526E-14
1.79972526E-14
1.79972526E-14
1.79972526E-14
1.79972526E-14
1.79972526E-14
1.79972526E-14
1.79972526E-14
1.79972526E-14
1.79972526E-14
1.79972526E-14
1.79972526E-14
1.79972526E-14
1.79972526E-14
1.79972526E-14
1.79972526E-14
1.79972526E-14
1.79972526E-14
1.79972526E-14
1.59835763E-14
1.59835763E-14
1.59835763E-14
1.59835763E-14
1.59835763E-14
1.59835763E-14
1.59835763E-14
1.59835763E-14
1.59835763E-14
1.59835763E-14
1.59835763E-14
1.59835763E-14
1.59835763E-14
1.59835763E-14
1.59835763E-14
1.59835763E-14
1.59835763E-14
1.59835763E-14
1.59835763E-14
1.59835763E-14
1.59835763E-14
1.41952062E-14
1.41952062E-14
1.41952062E-14
1.41952062E-14
1.41952062E-14
1.41952062E-14
1.41952062E-14
1.41952062E-14
1.41952062E-14
1.41952062E-14
1.41952062E-14
1.41952062E-14
1.41952062E-14
1.41952062E-14
1.41952062E-14
1.41952062E-14
1.41952062E-14
1.41952062E-14
1.41952062E-14
1.41952062E-14
1.41952062E-14
1.41952062E-14
1.26069332E-14
1.26069332E-14
1.26069332E-14
1.26069332E-14
1.26069332E-14
1.26069332E-14
1.26069332E-14
1.26069332E-14
1.26069332E-14
1.26069332E-14
1.26069332E-14
1.26069332E-14
1.26069332E-14
1.26069332E-14
1.26069332E-14
1.26069332E-14
1.26069332E-14
1.26069332E-14
1.26069332E-14
1.26069332E-14
1.26069332E-14
1.11963688E-14
1.11963688E-14
1.11963688E-14
1.11963688E-14
1.11963688E-14
1.11963688E-14
1.11963688E-14
1.11963688E-14
1.11963688E-14
1.11963688E-14
1.11963688E-14
1.11963688E-14
1.11963688E-14
1.11963688E-14
1.11963688E-14
1.11963688E-14
1.11963688E-14
1.11963688E-14
1.11963688E-14
1.11963688E-14
1.11963688E-14
1.11963688E-14
9.94362969E-15
9.94362969E-15
9.94362969E-15
9.94362969E-15
9.94362969E-15
9.94362969E-15
9.94362969E-15
9.94362969E-15
9.94362969E-15
9.94362969E-15
9.94362969E-15
9.94362969E-15
9.94362969E-15
9.94362969E-15
9.94362969E-15
9.94362969E-15
9.94362969E-15
9.94362969E-15
9.94362969E-15
9.94362969E-15
9.94362969E-15
8.83105701E-15
8.83105701E-15
8.83105701E-15
8.83105701E-15
8.83105701E-15
8.83105701E-15
8.83105701E-15
8.83105701E-15
8.83105701E-15
8.83105701E-15
8.83105701E-15
8.83105701E-15
8.83105701E-15
8.83105701E-15
8.83105701E-15
8.83105701E-15
8.83105701E-15
8.83105701E-15
8.83105701E-15
8.83105701E-15
8.83105701E-15
8.83105701E-15
7.84296785E-15
7.84296785E-15
7.84296785E-15
7.84296785E-15
7.84296785E-15
7.84296785E-15
7.84296785E-15
7.84296785E-15
7.84296785E-15
7.84296785E-15
7.84296785E-15
7.84296785E-15
7.84296785E-15
7.84296785E-15
7.84296785E-15
7.84296785E-15
7.84296785E-15
7.84296785E-15
7.84296785E-15
7.84296785E-15
7.84296785E-15
6.96543399E-15
6.96543399E-15
6.96543399E-15
6.96543399E-15
6.96543399E-15
6.96543399E-15
6.96543399E-15
6.96543399E-15
6.96543399E-15
6.96543399E-15
6.96543399E-15
6.96543399E-15
6.96543399E-15
6.96543399E-15
6.96543399E-15
6.96543399E-15
6.96543399E-15
6.96543399E-15
6.96543399E-15
6.96543399E-15
6.96543399E-15
6.96543399E-15
6.18608562E-15
6.18608562E-15
6.18608562E-15
6.18608562E-15
6.18608562E-15
6.18608562E-15
6.18608562E-15
6.18608562E-15
6.18608562E-15
6.18608562E-15
6.18608562E-15
6.18608562E-15
6.18608562E-15
6.18608562E-15
6.18608562E-15
6.18608562E-15
6.18608562E-15
6.18608562E-15
6.18608562E-15
6.18608562E-15
6.18608562E-15
5.49393697E-15
5.49393697E-15
5.49393697E-15
5.49393697E-15
5.49393697E-15
5.49393697E-15
5.49393697E-15
5.49393697E-15
5.49393697E-15
5.49393697E-15
5.49393697E-15
5.49393697E-15
5.49393697E-15
5.49393697E-15
5.49393697E-15
5.49393697E-15
5.49393697E-15
5.49393697E-15
5.49393697E-15
5.49393697E-15
5.49393697E-15
5.49393697E-15
4.87923144E-15
4.87923144E-15
4.87923144E-15
4.87923144E-15
4.87923144E-15
4.87923144E-15
4.87923144E-15
4.87923144E-15
4.87923144E-15
4.87923144E-15
4.87923144E-15
4.87923144E-15
4.87923144E-15
4.87923144E-15
4.87923144E-15
4.87923144E-15
4.87923144E-15
4.87923144E-15
4.87923144E-15
4.87923144E-15
4.87923144E-15
4.33330407E-15
4.33330407E-15
4.33330407E-15
4.33330407E-15
4.33330407E-15
4.33330407E-15
4.33330407E-15
4.33330407E-15
4.33330407E-15
4.33330407E-15
4.33330407E-15
4.33330407E-15
4.33330407E-15
4.33330407E-15
4.33330407E-15
4.33330407E-15
4.33330407E-15
4.33330407E-15
4.33330407E-15
4.33330407E-15
4.33330407E-15
4.33330407E-15
3.84845941E-15
3.84845941E-15
3.84845941E-15
3.84845941E-15
3.84845941E-15
3.84845941E-15
3.84845941E-15
3.84845941E-15
3.84845941E-15
3.84845941E-15
3.84845941E-15
3.84845941E-15
3.84845941E-15
3.84845941E-15
3.84845941E-15
3.84845941E-15
3.84845941E-15
3.84845941E-15
3.84845941E-15
3.84845941E-15
3.84845941E-15
3.41786305E-15
3.41786305E-15
3.41786305E-15
3.41786305E-15
3.41786305E-15
3.41786305E-15
3.41786305E-15
3.41786305E-15
3.41786305E-15
3.41786305E-15
3.41786305E-15
3.41786305E-15
3.41786305E-15
3.41786305E-15
3.41786305E-15
3.41786305E-15
3.41786305E-15
3.41786305E-15
3.41786305E-15
3.41786305E-15
3.41786305E-15
3.41786305E-15
3.03544524E-15
3.03544524E-15
3.03544524E-15
3.03544524E-15
3.03544524E-15
3.03544524E-15
3.03544524E-15
3.03544524E-15
3.03544524E-15
3.03544524E-15
3.03544524E-15
3.03544524E-15
3.03544524E-15
3.03544524E-15
3.03544524E-15
3.03544524E-15
3.03544524E-15
3.03544524E-15
3.03544524E-15
3.03544524E-15
3.03544524E-15
2.69581539E-15
2.69581539E-15
2.69581539E-15
2.69581539E-15
2.69581539E-15
2.69581539E-15
2.69581539E-15
2.69581539E-15
2.69581539E-15
2.69581539E-15
2.69581539E-15
2.69581539E-15
2.69581539E-15
2.69581539E-15
2.69581539E-15
2.69581539E-15
2.69581539E-15
2.69581539E-15
2.69581539E-15
2.69581539E-15
2.69581539E-15
2.69581539E-15
2.39418604E-15
2.39418604E-15
2.39418604E-15
2.39418604E-15
2.39418604E-15
2.39418604E-15
2.39418604E-15
2.39418604E-15
2.39418604E-15
2.39418604E-15
2.39418604E-15
2.39418604E-15
2.39418604E-15
2.39418604E-15
2.39418604E-15
2.39418604E-15
2.39418604E-15
2.39418604E-15
2.39418604E-15
2.39418604E-15
2.39418604E-15
2.12630539E-15
2.12630539E-15
2.12630539E-15
2.12630539E-15
2.12630539E-15
2.12630539E-15
2.12630539E-15
2.12630539E-15
2.12630539E-15
2.12630539E-15
2.12630539E-15
2.12630539E-15
2.12630539E-15
2.12630539E-15
2.12630539E-15
2.12630539E-15
2.12630539E-15
2.12630539E-15
2.12630539E-15
2.12630539E-15
2.12630539E-15
2.12630539E-15
1.88839737E-15
1.88839737E-15
1.88839737E-15
1.88839737E-15
1.88839737E-15
1.88839737E-15
1.88839737E-15
1.88839737E-15
1.88839737E-15
1.88839737E-15
1.88839737E-15
1.88839737E-15
1.88839737E-15
1.88839737E-15
1.88839737E-15
1.88839737E-15
1.88839737E-15
1.88839737E-15
1.88839737E-15
1.88839737E-15
1.88839737E-15
1.67710840E-15
1.67710840E-15
1.67710840E-15
1.67710840E-15
1.67710840E-15
1.67710840E-15
1.67710840E-15
1.67710840E-15
1.67710840E-15
1.67710840E-15
1.67710840E-15
1.67710840E-15
1.67710840E-15
1.67710840E-15
1.67710840E-15
1.67710840E-15
1.67710840E-15
1.67710840E-15
1.67710840E-15
1.67710840E-15
1.67710840E-15
1.67710840E-15
1.48946012E-15
1.48946012E-15
1.48946012E-15
1.48946012E-15
1.48946012E-15
1.48946012E-15
1.48946012E-15
1.48946012E-15
1.48946012E-15
1.48946012E-15
1.48946012E-15
1.48946012E-15
1.48946012E-15
1.48946012E-15
1.48946012E-15
1.48946012E-15
1.48946012E-15
1.48946012E-15
1.48946012E-15
1.48946012E-15
1.48946012E-15
1.32280743E-15
1.32280743E-15
1.32280743E-15
1.32280743E-15
1.32280743E-15
1.32280743E-15
1.32280743E-15
1.32280743E-15
1.32280743E-15
1.32280743E-15
1.32280743E-15
1.32280743E-15
1.32280743E-15
1.32280743E-15
1.32280743E-15
1.32280743E-15
1.32280743E-15
1.32280743E-15
1.32280743E-15
1.32280743E-15
1.32280743E-15
1.32280743E-15
1.17480117E-15
1.17480117E-15
1.17480117E-15
1.17480117E-15
1.17480117E-15
1.17480117E-15
1.17480117E-15
1.17480117E-15
1.17480117E-15
1.17480117E-15
1.17480117E-15
1.17480117E-15
1.17480117E-15
1.17480117E-15
1.17480117E-15
1.17480117E-15
1.17480117E-15
1.17480117E-15
1.17480117E-15
1.17480117E-15
1.17480117E-15
1.04335504E-15
1.04335504E-15
1.04335504E-15
1.04335504E-15
1.04335504E-15
1.04335504E-15
1.04335504E-15
1.04335504E-15
1.04335504E-15
1.04335504E-15
1.04335504E-15
1.04335504E-15
1.04335504E-15
1.04335504E-15
1.04335504E-15
1.04335504E-15
1.04335504E-15
1.04335504E-15
1.04335504E-15
1.04335504E-15
1.04335504E-15
1.04335504E-15
9.26616145E-16
9.26616145E-16
9.26616145E-16
9.26616145E-16
9.26616145E-16
9.26616145E-16
9.26616145E-16
9.26616145E-16
9.26616145E-16
9.26616145E-16
9.26616145E-16
9.26616145E-16
9.26616145E-16
9.26616145E-16
9.26616145E-16
9.26616145E-16
9.26616145E-16
9.26616145E-16
9.26616145E-16
9.26616145E-16
9.26616145E-16
8.22938933E-16
8.22938933E-16
8.22938933E-16
8.22938933E-16
8.22938933E-16
8.22938933E-16
8.22938933E-16
8.22938933E-16
8.22938933E-16
8.22938933E-16
8.22938933E-16
8.22938933E-16
8.22938933E-16
8.22938933E-16
8.22938933E-16
8.22938933E-16
8.22938933E-16
8.22938933E-16
8.22938933E-16
8.22938933E-16
8.22938933E-16
8.22938933E-16
7.30861955E-16
7.30861955E-16
7.30861955E-16
7.30861955E-16
7.30861955E-16
7.30861955E-16
7.30861955E-16
7.30861955E-16
7.30861955E-16
7.30861955E-16
7.30861955E-16
7.30861955E-16
7.30861955E-16
7.30861955E-16
7.30861955E-16
7.30861955E-16
7.30861955E-16
7.30861955E-16
7.30861955E-16
7.30861955E-16
7.30861955E-16
6.49087284E-16
6.49087284E-16
6.49087284E-16
6.49087284E-16
6.49087284E-16
6.49087284E-16
6.49087284E-16
6.49087284E-16
6.49087284E-16
6.49087284E-16
6.49087284E-16
6.49087284E-16
6.49087284E-16
6.49087284E-16
6.49087284E-16
6.49087284E-16
6.49087284E-16
6.49087284E-16
6.49087284E-16
6.49087284E-16
6.49087284E-16
6.49087284E-16
5.76462216E-16
5.76462216E-16
5.76462216E-16
5.76462216E-16
5.76462216E-16
5.76462216E-16
5.76462216E-16
5.76462216E-16
5.76462216E-16
5.76462216E-16
5.76462216E-16
5.76462216E-16
5.76462216E-16
5.76462216E-16
5.76462216E-16
5.76462216E-16
5.76462216E-16
5.76462216E-16
5.76462216E-16
5.76462216E-16
5.76462216E-16
5.11963021E-16
5.11963021E-16
5.11963021E-16
5.11963021E-16
5.11963021E-16
5.11963021E-16
5.11963021E-16
5.11963021E-16
5.11963021E-16
5.11963021E-16
5.11963021E-16
5.11963021E-16
5.11963021E-16
5.11963021E-16
5.11963021E-16
5.11963021E-16
5.11963021E-16
5.11963021E-16
5.11963021E-16
5.11963021E-16
5.11963021E-16
5.11963021E-16
4.54680511E-16
4.54680511E-16
4.54680511E-16
4.54680511E-16
4.54680511E-16
4.54680511E-16
4.54680511E-16
4.54680511E-16
4.54680511E-16
4.54680511E-16
4.54680511E-16
4.54680511E-16
4.54680511E-16
4.54680511E-16
4.54680511E-16
4.54680511E-16
4.54680511E-16
4.54680511E-16
4.54680511E-16
4.54680511E-16
4.54680511E-16
4.03807225E-16
4.03807225E-16
4.03807225E-16
4.03807225E-16
4.03807225E-16
4.03807225E-16
4.03807225E-16
4.03807225E-16
4.03807225E-16
4.03807225E-16
4.03807225E-16
4.03807225E-16
4.03807225E-16
4.03807225E-16
4.03807225E-16
4.03807225E-16
4.03807225E-16
4.03807225E-16
4.03807225E-16
4.03807225E-16
4.03807225E-16
4.03807225E-16
3.58626049E-16
3.58626049E-16
3.58626049E-16
3.58626049E-16
3.58626049E-16
3.58626049E-16
3.58626049E-16
3.58626049E-16
3.58626049E-16
3.58626049E-16
3.58626049E-16
3.58626049E-16
3.58626049E-16
3.58626049E-16
3.58626049E-16
3.58626049E-16
3.58626049E-16
3.58626049E-16
3.58626049E-16
3.58626049E-16
3.58626049E-16
3.18500103E-16
3.18500103E-16
3.18500103E-16
3.18500103E-16
3.18500103E-16
3.18500103E-16
3.18500103E-16
3.18500103E-16
3.18500103E-16
3.18500103E-16
3.18500103E-16
3.18500103E-16
3.18500103E-16
3.18500103E-16
3.18500103E-16
3.18500103E-16
3.18500103E-16
3.18500103E-16
3.18500103E-16
3.18500103E-16
3.18500103E-16
3.18500103E-16
2.82863769E-16
2.82863769E-16
2.82863769E-16
2.82863769E-16
2.82863769E-16
2.82863769E-16
2.82863769E-16
2.82863769E-16
2.82863769E-16
2.82863769E-16
2.82863769E-16
2.82863769E-16
2.82863769E-16
2.82863769E-16
2.82863769E-16
2.82863769E-16
2.82863769E-16
2.82863769E-16
2.82863769E-16
2.82863769E-16
2.82863769E-16
2.51214712E-16
2.51214712E-16
2.51214712E-16
2.51214712E-16
2.51214712E-16
2.51214712E-16
2.51214712E-16
2.51214712E-16
2.51214712E-16
2.51214712E-16
2.51214712E-16
2.51214712E-16
2.51214712E-16
2.51214712E-16
2.51214712E-16
2.51214712E-16
2.51214712E-16
2.51214712E-16
2.51214712E-16
2.51214712E-16
2.51214712E-16
2.51214712E-16
2.23106804E-16
2.23106804E-16
2.23106804E-16
2.23106804E-16
2.23106804E-16
2.23106804E-16
2.23106804E-16
2.23106804E-16
2.23106804E-16
2.23106804E-16
2.23106804E-16
2.23106804E-16
2.23106804E-16
2.23106804E-16
2.23106804E-16
2.23106804E-16
2.23106804E-16
2.23106804E-16
2.23106804E-16
2.23106804E-16
2.23106804E-16
1.98143834E-16
1.98143834E-16
1.98143834E-16
1.98143834E-16
1.98143834E-16
1.98143834E-16
1.98143834E-16
1.98143834E-16
1.98143834E-16
1.98143834E-16
1.98143834E-16
1.98143834E-16
1.98143834E-16
1.98143834E-16
1.98143834E-16
1.98143834E-16
1.98143834E-16
1.98143834E-16
1.98143834E-16
1.98143834E-16
1.98143834E-16
1.98143834E-16
1.75973920E-16
1.75973920E-16
1.75973920E-16
1.75973920E-16
1.75973920E-16
1.75973920E-16
1.75973920E-16
1.75973920E-16
1.75973920E-16
1.75973920E-16
1.75973920E-16
1.75973920E-16
1.75973920E-16
1.75973920E-16
1.75973920E-16
1.75973920E-16
1.75973920E-16
1.75973920E-16
1.75973920E-16
1.75973920E-16
1.75973920E-16
1.56284552E-16
1.56284552E-16
1.56284552E-16
1.56284552E-16
1.56284552E-16
1.56284552E-16
1.56284552E-16
1.56284552E-16
1.56284552E-16
1.56284552E-16
1.56284552E-16
1.56284552E-16
1.56284552E-16
1.56284552E-16
1.56284552E-16
1.56284552E-16
1.56284552E-16
1.56284552E-16
1.56284552E-16
1.56284552E-16
1.56284552E-16
1.56284552E-16
1.38798189E-16
1.38798189E-16
1.38798189E-16
1.38798189E-16
1.38798189E-16
1.38798189E-16
1.38798189E-16
1.38798189E-16
1.38798189E-16
1.38798189E-16
1.38798189E-16
1.38798189E-16
1.38798189E-16
1.38798189E-16
1.38798189E-16
1.38798189E-16
1.38798189E-16
1.38798189E-16
1.38798189E-16
1.38798189E-16
1.38798189E-16
1.23268339E-16
1.23268339E-16
1.23268339E-16
1.23268339E-16
1.23268339E-16
1.23268339E-16
1.23268339E-16
1.23268339E-16
1.23268339E-16
1.23268339E-16
1.23268339E-16
1.23268339E-16
1.23268339E-16
1.23268339E-16
1.23268339E-16
1.23268339E-16
1.23268339E-16
1.23268339E-16
1.23268339E-16
1.23268339E-16
1.23268339E-16
1.23268339E-16
1.09476093E-16
1.09476093E-16
1.09476093E-16
1.09476093E-16
1.09476093E-16
1.09476093E-16
1.09476093E-16
1.09476093E-16
1.09476093E-16
1.09476093E-16
1.09476093E-16
1.09476093E-16
1.09476093E-16
1.09476093E-16
1.09476093E-16
1.09476093E-16
1.09476093E-16
1.09476093E-16
1.09476093E-16
1.09476093E-16
1.09476093E-16
9.72270340E-17
9.72270340E-17
9.72270340E-17
9.72270340E-17
9.72270340E-17
9.72270340E-17
9.72270340E-17
9.72270340E-17
9.72270340E-17
9.72270340E-17
9.72270340E-17
9.72270340E-17
9.72270340E-17
9.72270340E-17
9.72270340E-17
9.72270340E-17
9.72270340E-17
9.72270340E-17
9.72270340E-17
9.72270340E-17
9.72270340E-17
9.72270340E-17
8.63484972E-17
8.63484972E-17
8.63484972E-17
8.63484972E-17
8.63484972E-17
8.63484972E-17
8.63484972E-17
8.63484972E-17
8.63484972E-17
8.63484972E-17
8.63484972E-17
8.63484972E-17
8.63484972E-17
8.63484972E-17
8.63484972E-17
8.63484972E-17
8.63484972E-17
8.63484972E-17
8.63484972E-17
8.63484972E-17
8.63484972E-17
7.66871379E-17
7.66871379E-17
7.66871379E-17
7.66871379E-17
7.66871379E-17
7.66871379E-17
7.66871379E-17
7.66871379E-17
7.66871379E-17
7.66871379E-17
7.66871379E-17
7.66871379E-17
7.66871379E-17
7.66871379E-17
7.66871379E-17
7.66871379E-17
7.66871379E-17
7.66871379E-17
7.66871379E-17
7.66871379E-17
7.66871379E-17
7.66871379E-17
6.81067687E-17
6.81067687E-17
6.81067687E-17
6.81067687E-17
6.81067687E-17
6.81067687E-17
6.81067687E-17
6.81067687E-17
6.81067687E-17
6.81067687E-17
6.81067687E-17
6.81067687E-17
6.81067687E-17
6.81067687E-17
6.81067687E-17
6.81067687E-17
6.81067687E-17
6.81067687E-17
6.81067687E-17
6.81067687E-17
6.81067687E-17
6.04864396E-17
6.04864396E-17
6.04864396E-17
6.04864396E-17
6.04864396E-17
6.04864396E-17
6.04864396E-17
6.04864396E-17
6.04864396E-17
6.04864396E-17
6.04864396E-17
6.04864396E-17
6.04864396E-17
6.04864396E-17
6.04864396E-17
6.04864396E-17
6.04864396E-17
6.04864396E-17
6.04864396E-17
6.04864396E-17
6.04864396E-17
6.04864396E-17
5.37187338E-17
5.37187338E-17
5.37187338E-17
5.37187338E-17
5.37187338E-17
5.37187338E-17
5.37187338E-17
5.37187338E-17
5.37187338E-17
5.37187338E-17
5.37187338E-17
5.37187338E-17
5.37187338E-17
5.37187338E-17
5.37187338E-17
5.37187338E-17
5.37187338E-17
5.37187338E-17
5.37187338E-17
5.37187338E-17
5.37187338E-17
4.77082530E-17
4.77082530E-17
4.77082530E-17
4.77082530E-17
4.77082530E-17
4.77082530E-17
4.77082530E-17
4.77082530E-17
4.77082530E-17
4.77082530E-17
4.77082530E-17
4.77082530E-17
4.77082530E-17
4.77082530E-17
4.77082530E-17
4.77082530E-17
4.77082530E-17
4.77082530E-17
4.77082530E-17
4.77082530E-17
4.77082530E-17
4.77082530E-17
4.23702728E-17
4.23702728E-17
4.23702728E-17
4.23702728E-17
4.23702728E-17
4.23702728E-17
4.23702728E-17
4.23702728E-17
4.23702728E-17
4.23702728E-17
4.23702728E-17
4.23702728E-17
4.23702728E-17
4.23702728E-17
4.23702728E-17
4.23702728E-17
4.23702728E-17
4.23702728E-17
4.23702728E-17
4.23702728E-17
4.23702728E-17
3.76295483E-17
3.76295483E-17
3.76295483E-17
3.76295483E-17
3.76295483E-17
3.76295483E-17
3.76295483E-17
3.76295483E-17
3.76295483E-17
3.76295483E-17
3.76295483E-17
3.76295483E-17
3.76295483E-17
3.76295483E-17
3.76295483E-17
3.76295483E-17
3.76295483E-17
3.76295483E-17
3.76295483E-17
3.76295483E-17
3.76295483E-17
3.76295483E-17
3.34192541E-17
3.34192541E-17
3.34192541E-17
3.34192541E-17
3.34192541E-17
3.34192541E-17
3.34192541E-17
3.34192541E-17
3.34192541E-17
3.34192541E-17
3.34192541E-17
3.34192541E-17
3.34192541E-17
3.34192541E-17
3.34192541E-17
3.34192541E-17
3.34192541E-17
3.34192541E-17
3.34192541E-17
3.34192541E-17
3.34192541E-17
2.96800411E-17
2.96800411E-17
2.96800411E-17
2.96800411E-17
2.96800411E-17
2.96800411E-17
2.96800411E-17
2.96800411E-17
2.96800411E-17
2.96800411E-17
2.96800411E-17
2.96800411E-17
2.96800411E-17
2.96800411E-17
2.96800411E-17
2.96800411E-17
2.96800411E-17
2.96800411E-17
2.96800411E-17
2.96800411E-17
2.96800411E-17
2.96800411E-17
2.63592011E-17
2.63592011E-17
2.63592011E-17
2.63592011E-17
2.63592011E-17
2.63592011E-17
2.63592011E-17
2.63592011E-17
2.63592011E-17
2.63592011E-17
2.63592011E-17
2.63592011E-17
2.63592011E-17
2.63592011E-17
2.63592011E-17
2.63592011E-17
2.63592011E-17
2.63592011E-17
2.63592011E-17
2.63592011E-17
2.63592011E-17
2.34099233E-17
2.34099233E-17
2.34099233E-17
2.34099233E-17
2.34099233E-17
2.34099233E-17
2.34099233E-17
2.34099233E-17
2.34099233E-17
2.34099233E-17
2.34099233E-17
2.34099233E-17
2.34099233E-17
2.34099233E-17
2.34099233E-17
2.34099233E-17
2.34099233E-17
2.34099233E-17
2.34099233E-17
2.34099233E-17
2.34099233E-17
2.34099233E-17
2.07906341E-17
2.07906341E-17
2.07906341E-17
2.07906341E-17
2.07906341E-17
2.07906341E-17
2.07906341E-17
2.07906341E-17
2.07906341E-17
2.07906341E-17
2.07906341E-17
2.07906341E-17
2.07906341E-17
2.07906341E-17
2.07906341E-17
2.07906341E-17
2.07906341E-17
2.07906341E-17
2.07906341E-17
2.07906341E-17
2.07906341E-17
1.84644120E-17
1.84644120E-17
1.84644120E-17
1.84644120E-17
1.84644120E-17
1.84644120E-17
1.84644120E-17
1.84644120E-17
1.84644120E-17
1.84644120E-17
1.84644120E-17
1.84644120E-17
1.84644120E-17
1.84644120E-17
1.84644120E-17
1.84644120E-17
1.84644120E-17
1.84644120E-17
1.84644120E-17
1.84644120E-17
1.84644120E-17
1.84644120E-17
1.63984662E-17
1.63984662E-17
1.63984662E-17
1.63984662E-17
1.63984662E-17
1.63984662E-17
1.63984662E-17
1.63984662E-17
1.63984662E-17
1.63984662E-17
1.63984662E-17
1.63984662E-17
1.63984662E-17
1.63984662E-17
1.63984662E-17
1.63984662E-17
1.63984662E-17
1.63984662E-17
1.63984662E-17
1.63984662E-17
1.63984662E-17
1.45636748E-17
1.45636748E-17
1.45636748E-17
1.45636748E-17
1.45636748E-17
1.45636748E-17
1.45636748E-17
1.45636748E-17
1.45636748E-17
1.45636748E-17
1.45636748E-17
1.45636748E-17
1.45636748E-17
1.45636748E-17
1.45636748E-17
1.45636748E-17
1.45636748E-17
1.45636748E-17
1.45636748E-17
1.45636748E-17
1.45636748E-17
1.45636748E-17
1.29341746E-17
1.29341746E-17
1.29341746E-17
1.29341746E-17
1.29341746E-17
1.29341746E-17
1.29341746E-17
1.29341746E-17
1.29341746E-17
1.29341746E-17
1.29341746E-17
1.29341746E-17
1.29341746E-17
1.29341746E-17
1.29341746E-17
1.29341746E-17
1.29341746E-17
1.29341746E-17
1.29341746E-17
1.29341746E-17
1.29341746E-17
1.14869959E-17
1.14869959E-17
1.14869959E-17
1.14869959E-17
1.14869959E-17
1.14869959E-17
1.14869959E-17
1.14869959E-17
1.14869959E-17
1.14869959E-17
1.14869959E-17
1.14869959E-17
1.14869959E-17
1.14869959E-17
1.14869959E-17
1.14869959E-17
1.14869959E-17
1.14869959E-17
1.14869959E-17
1.14869959E-17
1.14869959E-17
1.14869959E-17
1.02017391E-17
1.02017391E-17
1.02017391E-17
1.02017391E-17
1.02017391E-17
1.02017391E-17
1.02017391E-17
1.02017391E-17
1.02017391E-17
1.02017391E-17
1.02017391E-17
1.02017391E-17
1.02017391E-17
1.02017391E-17
1.02017391E-17
1.02017391E-17
1.02017391E-17
1.02017391E-17
1.02017391E-17
1.02017391E-17
1.02017391E-17
9.06028707E-18
9.06028707E-18
9.06028707E-18
9.06028707E-18
9.06028707E-18
9.06028707E-18
9.06028707E-18
9.06028707E-18
9.06028707E-18
9.06028707E-18
9.06028707E-18
9.06028707E-18
9.06028707E-18
9.06028707E-18
9.06028707E-18
9.06028707E-18
9.06028707E-18
9.06028707E-18
9.06028707E-18
9.06028707E-18
9.06028707E-18
9.06028707E-18
8.04654981E-18
8.04654981E-18
8.04654981E-18
8.04654981E-18
8.04654981E-18
8.04654981E-18
8.04654981E-18
8.04654981E-18
8.04654981E-18
8.04654981E-18
8.04654981E-18
8.04654981E-18
8.04654981E-18
8.04654981E-18
8.04654981E-18
8.04654981E-18
8.04654981E-18
8.04654981E-18
8.04654981E-18
8.04654981E-18
8.04654981E-18
7.14623758E-18
7.14623758E-18
7.14623758E-18
7.14623758E-18
7.14623758E-18
7.14623758E-18
7.14623758E-18
7.14623758E-18
7.14623758E-18
7.14623758E-18
7.14623758E-18
7.14623758E-18
7.14623758E-18
7.14623758E-18
7.14623758E-18
7.14623758E-18
7.14623758E-18
7.14623758E-18
7.14623758E-18
7.14623758E-18
7.14623758E-18
7.14623758E-18
6.34665946E-18
6.34665946E-18
6.34665946E-18
6.34665946E-18
6.34665946E-18
6.34665946E-18
6.34665946E-18
6.34665946E-18
6.34665946E-18
6.34665946E-18
6.34665946E-18
6.34665946E-18
6.34665946E-18
6.34665946E-18
6.34665946E-18
6.34665946E-18
6.34665946E-18
6.34665946E-18
6.34665946E-18
6.34665946E-18
6.34665946E-18
5.63654453E-18
5.63654453E-18
5.63654453E-18
5.63654453E-18
5.63654453E-18
5.63654453E-18
5.63654453E-18
5.63654453E-18
5.63654453E-18
5.63654453E-18
5.63654453E-18
5.63654453E-18
5.63654453E-18
5.63654453E-18
5.63654453E-18
5.63654453E-18
5.63654453E-18
5.63654453E-18
5.63654453E-18
5.63654453E-18
5.63654453E-18
5.63654453E-18
5.00588292E-18
5.00588292E-18
5.00588292E-18
5.00588292E-18
5.00588292E-18
5.00588292E-18
5.00588292E-18
5.00588292E-18
5.00588292E-18
5.00588292E-18
5.00588292E-18
5.00588292E-18
5.00588292E-18
5.00588292E-18
5.00588292E-18
5.00588292E-18
5.00588292E-18
5.00588292E-18
5.00588292E-18
5.00588292E-18
5.00588292E-18
4.44578478E-18
4.44578478E-18
4.44578478E-18
4.44578478E-18
4.44578478E-18
4.44578478E-18
4.44578478E-18
4.44578478E-18
4.44578478E-18
4.44578478E-18
4.44578478E-18
4.44578478E-18
4.44578478E-18
4.44578478E-18
4.44578478E-18
4.44578478E-18
4.44578478E-18
4.44578478E-18
4.44578478E-18
4.44578478E-18
4.44578478E-18
4.44578478E-18
3.94835488E-18
3.94835488E-18
3.94835488E-18
3.94835488E-18
3.94835488E-18
3.94835488E-18
3.94835488E-18
3.94835488E-18
3.94835488E-18
3.94835488E-18
3.94835488E-18
3.94835488E-18
3.94835488E-18
3.94835488E-18
3.94835488E-18
3.94835488E-18
3.94835488E-18
3.94835488E-18
3.94835488E-18
3.94835488E-18
3.94835488E-18
3.50658141E-18
3.50658141E-18
3.50658141E-18
3.50658141E-18
3.50658141E-18
3.50658141E-18
3.50658141E-18
3.50658141E-18
3.50658141E-18
3.50658141E-18
3.50658141E-18
3.50658141E-18
3.50658141E-18
3.50658141E-18
3.50658141E-18
3.50658141E-18
3.50658141E-18
3.50658141E-18
3.50658141E-18
3.50658141E-18
3.50658141E-18
3.50658141E-18
3.11423709E-18
3.11423709E-18
3.11423709E-18
3.11423709E-18
3.11423709E-18
3.11423709E-18
3.11423709E-18
3.11423709E-18
3.11423709E-18
3.11423709E-18
3.11423709E-18
3.11423709E-18
3.11423709E-18
3.11423709E-18
3.11423709E-18
3.11423709E-18
3.11423709E-18
3.11423709E-18
3.11423709E-18
3.11423709E-18
3.11423709E-18
2.76579138E-18
2.76579138E-18
2.76579138E-18
2.76579138E-18
2.76579138E-18
2.76579138E-18
2.76579138E-18
2.76579138E-18
2.76579138E-18
2.76579138E-18
2.76579138E-18
2.76579138E-18
2.76579138E-18
2.76579138E-18
2.76579138E-18
2.76579138E-18
2.76579138E-18
2.76579138E-18
2.76579138E-18
2.76579138E-18
2.76579138E-18
2.76579138E-18
2.45633256E-18
2.45633256E-18
2.45633256E-18
2.45633256E-18
2.45633256E-18
2.45633256E-18
2.45633256E-18
2.45633256E-18
2.45633256E-18
2.45633256E-18
2.45633256E-18
2.45633256E-18
2.45633256E-18
2.45633256E-18
2.45633256E-18
2.45633256E-18
2.45633256E-18
2.45633256E-18
2.45633256E-18
2.45633256E-18
2.45633256E-18
2.18149846E-18
2.18149846E-18
2.18149846E-18
2.18149846E-18
2.18149846E-18
2.18149846E-18
2.18149846E-18
2.18149846E-18
2.18149846E-18
2.18149846E-18
2.18149846E-18
2.18149846E-18
2.18149846E-18
2.18149846E-18
2.18149846E-18
2.18149846E-18
2.18149846E-18
2.18149846E-18
2.18149846E-18
2.18149846E-18
2.18149846E-18
2.18149846E-18
1.93741499E-18
1.93741499E-18
1.93741499E-18
1.93741499E-18
1.93741499E-18
1.93741499E-18
1.93741499E-18
1.93741499E-18
1.93741499E-18
1.93741499E-18
1.93741499E-18
1.93741499E-18
1.93741499E-18
1.93741499E-18
1.93741499E-18
1.93741499E-18
1.93741499E-18
1.93741499E-18
1.93741499E-18
1.93741499E-18
1.93741499E-18
1.72064154E-18
1.72064154E-18
1.72064154E-18
1.72064154E-18
1.72064154E-18
1.72064154E-18
1.72064154E-18
1.72064154E-18
1.72064154E-18
1.72064154E-18
1.72064154E-18
1.72064154E-18
1.72064154E-18
1.72064154E-18
1.72064154E-18
1.72064154E-18
1.72064154E-18
1.72064154E-18
1.72064154E-18
1.72064154E-18
1.72064154E-18
1.72064154E-18
1.52812242E-18
1.52812242E-18
1.52812242E-18
1.52812242E-18
1.52812242E-18
1.52812242E-18
1.52812242E-18
1.52812242E-18
1.52812242E-18
1.52812242E-18
1.52812242E-18
1.52812242E-18
1.52812242E-18
1.52812242E-18
1.52812242E-18
1.52812242E-18
1.52812242E-18
1.52812242E-18
1.52812242E-18
1.52812242E-18
1.52812242E-18
1.35714389E-18
1.35714389E-18
1.35714389E-18
1.35714389E-18
1.35714389E-18
1.35714389E-18
1.35714389E-18
1.35714389E-18
1.35714389E-18
1.35714389E-18
1.35714389E-18
1.35714389E-18
1.35714389E-18
1.35714389E-18
1.35714389E-18
1.35714389E-18
1.35714389E-18
1.35714389E-18
1.35714389E-18
1.35714389E-18
1.35714389E-18
1.35714389E-18
1.20529579E-18
1.20529579E-18
1.20529579E-18
1.20529579E-18
1.20529579E-18
1.20529579E-18
1.20529579E-18
1.20529579E-18
1.20529579E-18
1.20529579E-18
1.20529579E-18
1.20529579E-18
1.20529579E-18
1.20529579E-18
1.20529579E-18
1.20529579E-18
1.20529579E-18
1.20529579E-18
1.20529579E-18
1.20529579E-18
1.20529579E-18
1.07043768E-18
1.07043768E-18
1.07043768E-18
1.07043768E-18
1.07043768E-18
1.07043768E-18
1.07043768E-18
1.07043768E-18
1.07043768E-18
1.07043768E-18
1.07043768E-18
1.07043768E-18
1.07043768E-18
1.07043768E-18
1.07043768E-18
1.07043768E-18
1.07043768E-18
1.07043768E-18
1.07043768E-18
1.07043768E-18
1.07043768E-18
1.07043768E-18
9.50668563E-19
9.50668563E-19
9.50668563E-19
9.50668563E-19
9.50668563E-19
9.50668563E-19
9.50668563E-19
9.50668563E-19
9.50668563E-19
9.50668563E-19
9.50668563E-19
9.50668563E-19
9.50668563E-19
9.50668563E-19
9.50668563E-19
9.50668563E-19
9.50668563E-19
9.50668563E-19
9.50668563E-19
9.50668563E-19
9.50668563E-19
8.44300174E-19
8.44300174E-19
8.44300174E-19
8.44300174E-19
8.44300174E-19
8.44300174E-19
8.44300174E-19
8.44300174E-19
8.44300174E-19
8.44300174E-19
8.44300174E-19
8.44300174E-19
8.44300174E-19
8.44300174E-19
8.44300174E-19
8.44300174E-19
8.44300174E-19
8.44300174E-19
8.44300174E-19
8.44300174E-19
8.44300174E-19
8.44300174E-19
7.49833130E-19
7.49833130E-19
7.49833130E-19
7.49833130E-19
7.49833130E-19
7.49833130E-19
7.49833130E-19
7.49833130E-19
7.49833130E-19
7.49833130E-19
7.49833130E-19
7.49833130E-19
7.49833130E-19
7.49833130E-19
7.49833130E-19
7.49833130E-19
7.49833130E-19
7.49833130E-19
7.49833130E-19
7.49833130E-19
7.49833130E-19
6.65935812E-19
6.65935812E-19
6.65935812E-19
6.65935812E-19
6.65935812E-19
6.65935812E-19
6.65935812E-19
6.65935812E-19
6.65935812E-19
6.65935812E-19
6.65935812E-19
6.65935812E-19
6.65935812E-19
6.65935812E-19
6.65935812E-19
6.65935812E-19
6.65935812E-19
6.65935812E-19
6.65935812E-19
6.65935812E-19
6.65935812E-19
6.65935812E-19
5.91425597E-19
5.91425597E-19
5.91425597E-19
5.91425597E-19
5.91425597E-19
5.91425597E-19
5.91425597E-19
5.91425597E-19
5.91425597E-19
5.91425597E-19
5.91425597E-19
5.91425597E-19
5.91425597E-19
5.91425597E-19
5.91425597E-19
5.91425597E-19
5.91425597E-19
5.91425597E-19
5.91425597E-19
5.91425597E-19
5.91425597E-19
5.25252179E-19
5.25252179E-19
5.25252179E-19
5.25252179E-19
5.25252179E-19
5.25252179E-19
5.25252179E-19
5.25252179E-19
5.25252179E-19
5.25252179E-19
5.25252179E-19
5.25252179E-19
5.25252179E-19
5.25252179E-19
5.25252179E-19
5.25252179E-19
5.25252179E-19
5.25252179E-19
5.25252179E-19
5.25252179E-19
5.25252179E-19
5.25252179E-19
4.66482772E-19
4.66482772E-19
4.66482772E-19
4.66482772E-19
4.66482772E-19
4.66482772E-19
4.66482772E-19
4.66482772E-19
4.66482772E-19
4.66482772E-19
4.66482772E-19
4.66482772E-19
4.66482772E-19
4.66482772E-19
4.66482772E-19
4.66482772E-19
4.66482772E-19
4.66482772E-19
4.66482772E-19
4.66482772E-19
4.66482772E-19
4.14288955E-19
4.14288955E-19
4.14288955E-19
4.14288955E-19
4.14288955E-19
4.14288955E-19
4.14288955E-19
4.14288955E-19
4.14288955E-19
4.14288955E-19
4.14288955E-19
4.14288955E-19
4.14288955E-19
4.14288955E-19
4.14288955E-19
4.14288955E-19
4.14288955E-19
4.14288955E-19
4.14288955E-19
4.14288955E-19
4.14288955E-19
4.14288955E-19
3.67934999E-19
3.67934999E-19
3.67934999E-19
3.67934999E-19
3.67934999E-19
3.67934999E-19
3.67934999E-19
3.67934999E-19
3.67934999E-19
3.67934999E-19
3.67934999E-19
3.67934999E-19
3.67934999E-19
3.67934999E-19
3.67934999E-19
3.67934999E-19
3.67934999E-19
3.67934999E-19
3.67934999E-19
3.67934999E-19
3.67934999E-19
3.26767494E-19
3.26767494E-19
3.26767494E-19
3.26767494E-19
3.26767494E-19
3.26767494E-19
3.26767494E-19
3.26767494E-19
3.26767494E-19
3.26767494E-19
3.26767494E-19
3.26767494E-19
3.26767494E-19
3.26767494E-19
3.26767494E-19
3.26767494E-19
3.26767494E-19
3.26767494E-19
3.26767494E-19
3.26767494E-19
3.26767494E-19
3.26767494E-19
2.90206138E-19
2.90206138E-19
2.90206138E-19
2.90206138E-19
2.90206138E-19
2.90206138E-19
2.90206138E-19
2.90206138E-19
2.90206138E-19
2.90206138E-19
2.90206138E-19
2.90206138E-19
2.90206138E-19
2.90206138E-19
2.90206138E-19
2.90206138E-19
2.90206138E-19
2.90206138E-19
2.90206138E-19
2.90206138E-19
2.90206138E-19
2.57735558E-19
2.57735558E-19
2.57735558E-19
2.57735558E-19
2.57735558E-19
2.57735558E-19
2.57735558E-19
2.57735558E-19
2.57735558E-19
2.57735558E-19
2.57735558E-19
2.57735558E-19
2.57735558E-19
2.57735558E-19
2.57735558E-19
2.57735558E-19
2.57735558E-19
2.57735558E-19
2.57735558E-19
2.57735558E-19
2.57735558E-19
2.57735558E-19
2.28898046E-19
2.28898046E-19
2.28898046E-19
2.28898046E-19
2.28898046E-19
2.28898046E-19
2.28898046E-19
2.28898046E-19
2.28898046E-19
2.28898046E-19
2.28898046E-19
2.28898046E-19
2.28898046E-19
2.28898046E-19
2.28898046E-19
2.28898046E-19
2.28898046E-19
2.28898046E-19
2.28898046E-19
2.28898046E-19
2.28898046E-19
2.03287105E-19
2.03287105E-19
2.03287105E-19
2.03287105E-19
2.03287105E-19
2.03287105E-19
2.03287105E-19
2.03287105E-19
2.03287105E-19
2.03287105E-19
2.03287105E-19
2.03287105E-19
2.03287105E-19
2.03287105E-19
2.03287105E-19
2.03287105E-19
2.03287105E-19
2.03287105E-19
2.03287105E-19
2.03287105E-19
2.03287105E-19
2.03287105E-19
1.80541721E-19
1.80541721E-19
1.80541721E-19
1.80541721E-19
1.80541721E-19
1.80541721E-19
1.80541721E-19
1.80541721E-19
1.80541721E-19
1.80541721E-19
1.80541721E-19
1.80541721E-19
1.80541721E-19
1.80541721E-19
1.80541721E-19
1.80541721E-19
1.80541721E-19
1.80541721E-19
1.80541721E-19
1.80541721E-19
1.80541721E-19
1.60341271E-19
1.60341271E-19
1.60341271E-19
1.60341271E-19
1.60341271E-19
1.60341271E-19
1.60341271E-19
1.60341271E-19
1.60341271E-19
1.60341271E-19
1.60341271E-19
1.60341271E-19
1.60341271E-19
1.60341271E-19
1.60341271E-19
1.60341271E-19
1.60341271E-19
1.60341271E-19
1.60341271E-19
1.60341271E-19
1.60341271E-19
1.60341271E-19
1.42401010E-19
1.42401010E-19
1.42401010E-19
1.42401010E-19
1.42401010E-19
1.42401010E-19
1.42401010E-19
1.42401010E-19
1.42401010E-19
1.42401010E-19
1.42401010E-19
1.42401010E-19
1.42401010E-19
1.42401010E-19
1.42401010E-19
1.42401010E-19
1.42401010E-19
1.42401010E-19
1.42401010E-19
1.42401010E-19
1.42401010E-19
1.26468048E-19
1.26468048E-19
1.26468048E-19
1.26468048E-19
1.26468048E-19
1.26468048E-19
1.26468048E-19
1.26468048E-19
1.26468048E-19
1.26468048E-19
1.26468048E-19
1.26468048E-19
1.26468048E-19
1.26468048E-19
1.26468048E-19
1.26468048E-19
1.26468048E-19
1.26468048E-19
1.26468048E-19
1.26468048E-19
1.26468048E-19
1.26468048E-19
1.12317793E-19
1.12317793E-19
1.12317793E-19
1.12317793E-19
1.12317793E-19
1.12317793E-19
1.12317793E-19
1.12317793E-19
1.12317793E-19
1.12317793E-19
1.12317793E-19
1.12317793E-19
1.12317793E-19
1.12317793E-19
1.12317793E-19
1.12317793E-19
1.12317793E-19
1.12317793E-19
1.12317793E-19
1.12317793E-19
1.12317793E-19
9.97507816E-20
9.97507816E-20
9.97507816E-20
9.97507816E-20
9.97507816E-20
9.97507816E-20
9.97507816E-20
9.97507816E-20
9.97507816E-20
9.97507816E-20
9.97507816E-20
9.97507816E-20
9.97507816E-20
9.97507816E-20
9.97507816E-20
9.97507816E-20
9.97507816E-20
9.97507816E-20
9.97507816E-20
9.97507816E-20
9.97507816E-20
9.97507816E-20
8.85898677E-20
8.85898677E-20
8.85898677E-20
8.85898677E-20
8.85898677E-20
8.85898677E-20
8.85898677E-20
8.85898677E-20
8.85898677E-20
8.85898677E-20
8.85898677E-20
8.85898677E-20
8.85898677E-20
8.85898677E-20
8.85898677E-20
8.85898677E-20
8.85898677E-20
8.85898677E-20
8.85898677E-20
8.85898677E-20
8.85898677E-20
7.86777260E-20
7.86777260E-20
7.86777260E-20
7.86777260E-20
7.86777260E-20
7.86777260E-20
7.86777260E-20
7.86777260E-20
7.86777260E-20
7.86777260E-20
7.86777260E-20
7.86777260E-20
7.86777260E-20
7.86777260E-20
7.86777260E-20
7.86777260E-20
7.86777260E-20
7.86777260E-20
7.86777260E-20
7.86777260E-20
7.86777260E-20
7.86777260E-20
6.98746339E-20
6.98746339E-20
6.98746339E-20
6.98746339E-20
6.98746339E-20
6.98746339E-20
6.98746339E-20
6.98746339E-20
6.98746339E-20
6.98746339E-20
6.98746339E-20
6.98746339E-20
6.98746339E-20
6.98746339E-20
6.98746339E-20
6.98746339E-20
6.98746339E-20
6.98746339E-20
6.98746339E-20
6.98746339E-20
6.98746339E-20
6.20565019E-20
6.20565019E-20
6.20565019E-20
6.20565019E-20
6.20565019E-20
6.20565019E-20
6.20565019E-20
6.20565019E-20
6.20565019E-20
6.20565019E-20
6.20565019E-20
6.20565019E-20
6.20565019E-20
6.20565019E-20
6.20565019E-20
6.20565019E-20
6.20565019E-20
6.20565019E-20
6.20565019E-20
6.20565019E-20
6.20565019E-20
6.20565019E-20
5.51131251E-20
5.51131251E-20
5.51131251E-20
5.51131251E-20
5.51131251E-20
5.51131251E-20
5.51131251E-20
5.51131251E-20
5.51131251E-20
5.51131251E-20
5.51131251E-20
5.51131251E-20
5.51131251E-20
5.51131251E-20
5.51131251E-20
5.51131251E-20
5.51131251E-20
5.51131251E-20
5.51131251E-20
5.51131251E-20
5.51131251E-20
4.89466286E-20
4.89466286E-20
4.89466286E-20
4.89466286E-20
4.89466286E-20
4.89466286E-20
4.89466286E-20
4.89466286E-20
4.89466286E-20
4.89466286E-20
4.89466286E-20
4.89466286E-20
4.89466286E-20
4.89466286E-20
4.89466286E-20
4.89466286E-20
4.89466286E-20
4.89466286E-20
4.89466286E-20
4.89466286E-20
4.89466286E-20
4.89466286E-20
4.34700890E-20
4.34700890E-20
4.34700890E-20
4.34700890E-20
4.34700890E-20
4.34700890E-20
4.34700890E-20
4.34700890E-20
4.34700890E-20
4.34700890E-20
4.34700890E-20
4.34700890E-20
4.34700890E-20
4.34700890E-20
4.34700890E-20
4.34700890E-20
4.34700890E-20
4.34700890E-20
4.34700890E-20
4.34700890E-20
4.34700890E-20
3.86063084E-20
3.86063084E-20
3.86063084E-20
3.86063084E-20
3.86063084E-20
3.86063084E-20
3.86063084E-20
3.86063084E-20
3.86063084E-20
3.86063084E-20
3.86063084E-20
3.86063084E-20
3.86063084E-20
3.86063084E-20
3.86063084E-20
3.86063084E-20
3.86063084E-20
3.86063084E-20
3.86063084E-20
3.86063084E-20
3.86063084E-20
3.86063084E-20
3.42867264E-20
3.42867264E-20
3.42867264E-20
3.42867264E-20
3.42867264E-20
3.42867264E-20
3.42867264E-20
3.42867264E-20
3.42867264E-20
3.42867264E-20
3.42867264E-20
3.42867264E-20
3.42867264E-20
3.42867264E-20
3.42867264E-20
3.42867264E-20
3.42867264E-20
3.42867264E-20
3.42867264E-20
3.42867264E-20
3.42867264E-20
3.04504537E-20
3.04504537E-20
3.04504537E-20
3.04504537E-20
3.04504537E-20
3.04504537E-20
3.04504537E-20
3.04504537E-20
3.04504537E-20
3.04504537E-20
3.04504537E-20
3.04504537E-20
3.04504537E-20
3.04504537E-20
3.04504537E-20
3.04504537E-20
3.04504537E-20
3.04504537E-20
3.04504537E-20
3.04504537E-20
3.04504537E-20
3.04504537E-20
2.70434138E-20
2.70434138E-20
2.70434138E-20
2.70434138E-20
2.70434138E-20
2.70434138E-20
2.70434138E-20
2.70434138E-20
2.70434138E-20
2.70434138E-20
2.70434138E-20
2.70434138E-20
2.70434138E-20
2.70434138E-20
2.70434138E-20
2.70434138E-20
2.70434138E-20
2.70434138E-20
2.70434138E-20
2.70434138E-20
2.70434138E-20
2.40175807E-20
2.40175807E-20
2.40175807E-20
2.40175807E-20
2.40175807E-20
2.40175807E-20
2.40175807E-20
2.40175807E-20
2.40175807E-20
2.40175807E-20
2.40175807E-20
2.40175807E-20
2.40175807E-20
2.40175807E-20
2.40175807E-20
2.40175807E-20
2.40175807E-20
2.40175807E-20
2.40175807E-20
2.40175807E-20
2.40175807E-20
2.40175807E-20
2.13303021E-20
2.13303021E-20
2.13303021E-20
2.13303021E-20
2.13303021E-20
2.13303021E-20
2.13303021E-20
2.13303021E-20
2.13303021E-20
2.13303021E-20
2.13303021E-20
2.13303021E-20
2.13303021E-20
2.13303021E-20
2.13303021E-20
2.13303021E-20
2.13303021E-20
2.13303021E-20
2.13303021E-20
2.13303021E-20
2.13303021E-20
1.89436976E-20
1.89436976E-20
1.89436976E-20
1.89436976E-20
1.89436976E-20
1.89436976E-20
1.89436976E-20
1.89436976E-20
1.89436976E-20
1.89436976E-20
1.89436976E-20
1.89436976E-20
1.89436976E-20
1.89436976E-20
1.89436976E-20
1.89436976E-20
1.89436976E-20
1.89436976E-20
1.89436976E-20
1.89436976E-20
1.89436976E-20
1.89436976E-20
1.68241254E-20
1.68241254E-20
1.68241254E-20
1.68241254E-20
1.68241254E-20
1.68241254E-20
1.68241254E-20
1.68241254E-20
1.68241254E-20
1.68241254E-20
1.68241254E-20
1.68241254E-20
1.68241254E-20
1.68241254E-20
1.68241254E-20
1.68241254E-20
1.68241254E-20
1.68241254E-20
1.68241254E-20
1.68241254E-20
1.68241254E-20
1.49417080E-20
1.49417080E-20
1.49417080E-20
1.49417080E-20
1.49417080E-20
1.49417080E-20
1.49417080E-20
1.49417080E-20
1.49417080E-20
1.49417080E-20
1.49417080E-20
1.49417080E-20
1.49417080E-20
1.49417080E-20
1.49417080E-20
1.49417080E-20
1.49417080E-20
1.49417080E-20
1.49417080E-20
1.49417080E-20
1.49417080E-20
1.49417080E-20
1.32699104E-20
1.32699104E-20
1.32699104E-20
1.32699104E-20
1.32699104E-20
1.32699104E-20
1.32699104E-20
1.32699104E-20
1.32699104E-20
1.32699104E-20
1.32699104E-20
1.32699104E-20
1.32699104E-20
1.32699104E-20
1.32699104E-20
1.32699104E-20
1.32699104E-20
1.32699104E-20
1.32699104E-20
1.32699104E-20
1.32699104E-20
1.17851669E-20
1.17851669E-20
1.17851669E-20
1.17851669E-20
1.17851669E-20
1.17851669E-20
1.17851669E-20
1.17851669E-20
1.17851669E-20
1.17851669E-20
1.17851669E-20
1.17851669E-20
1.17851669E-20
1.17851669E-20
1.17851669E-20
1.17851669E-20
1.17851669E-20
1.17851669E-20
1.17851669E-20
1.17851669E-20
1.17851669E-20
1.17851669E-20
1.04665483E-20
1.04665483E-20
1.04665483E-20
1.04665483E-20
1.04665483E-20
1.04665483E-20
1.04665483E-20
1.04665483E-20
1.04665483E-20
1.04665483E-20
1.04665483E-20
1.04665483E-20
1.04665483E-20
1.04665483E-20
1.04665483E-20
1.04665483E-20
1.04665483E-20
1.04665483E-20
1.04665483E-20
1.04665483E-20
1.04665483E-20
9.29546730E-21
9.29546730E-21
9.29546730E-21
9.29546730E-21
9.29546730E-21
9.29546730E-21
9.29546730E-21
9.29546730E-21
9.29546730E-21
9.29546730E-21
9.29546730E-21
9.29546730E-21
9.29546730E-21
9.29546730E-21
9.29546730E-21
9.29546730E-21
9.29546730E-21
9.29546730E-21
9.29546730E-21
9.29546730E-21
9.29546730E-21
9.29546730E-21
8.25541621E-21
8.25541621E-21
8.25541621E-21
8.25541621E-21
8.25541621E-21
8.25541621E-21
8.25541621E-21
8.25541621E-21
8.25541621E-21
8.25541621E-21
8.25541621E-21
8.25541621E-21
8.25541621E-21
8.25541621E-21
8.25541621E-21
8.25541621E-21
8.25541621E-21
8.25541621E-21
8.25541621E-21
8.25541621E-21
8.25541621E-21
7.33173433E-21
7.33173433E-21
7.33173433E-21
7.33173433E-21
7.33173433E-21
7.33173433E-21
7.33173433E-21
7.33173433E-21
7.33173433E-21
7.33173433E-21
7.33173433E-21
7.33173433E-21
7.33173433E-21
7.33173433E-21
7.33173433E-21
7.33173433E-21
7.33173433E-21
7.33173433E-21
7.33173433E-21
7.33173433E-21
7.33173433E-21
7.33173433E-21
6.51140136E-21
6.51140136E-21
6.51140136E-21
6.51140136E-21
6.51140136E-21
6.51140136E-21
6.51140136E-21
6.51140136E-21
6.51140136E-21
6.51140136E-21
6.51140136E-21
6.51140136E-21
6.51140136E-21
6.51140136E-21
6.51140136E-21
6.51140136E-21
6.51140136E-21
6.51140136E-21
6.51140136E-21
6.51140136E-21
6.51140136E-21
5.78285379E-21
5.78285379E-21
5.78285379E-21
5.78285379E-21
5.78285379E-21
5.78285379E-21
5.78285379E-21
5.78285379E-21
5.78285379E-21
5.78285379E-21
5.78285379E-21
5.78285379E-21
5.78285379E-21
5.78285379E-21
5.78285379E-21
5.78285379E-21
5.78285379E-21
5.78285379E-21
5.78285379E-21
5.78285379E-21
5.78285379E-21
5.78285379E-21
5.13582193E-21
5.13582193E-21
5.13582193E-21
5.13582193E-21
5.13582193E-21
5.13582193E-21
5.13582193E-21
5.13582193E-21
5.13582193E-21
5.13582193E-21
5.13582193E-21
5.13582193E-21
5.13582193E-21
5.13582193E-21
5.13582193E-21
5.13582193E-21
5.13582193E-21
5.13582193E-21
5.13582193E-21
5.13582193E-21
5.13582193E-21
4.56118517E-21
4.56118517E-21
4.56118517E-21
4.56118517E-21
4.56118517E-21
4.56118517E-21
4.56118517E-21
4.56118517E-21
4.56118517E-21
4.56118517E-21
4.56118517E-21
4.56118517E-21
4.56118517E-21
4.56118517E-21
4.56118517E-21
4.56118517E-21
4.56118517E-21
4.56118517E-21
4.56118517E-21
4.56118517E-21
4.56118517E-21
4.56118517E-21
4.05084336E-21
4.05084336E-21
4.05084336E-21
4.05084336E-21
4.05084336E-21
4.05084336E-21
4.05084336E-21
4.05084336E-21
4.05084336E-21
4.05084336E-21
4.05084336E-21
4.05084336E-21
4.05084336E-21
4.05084336E-21
4.05084336E-21
4.05084336E-21
4.05084336E-21
4.05084336E-21
4.05084336E-21
4.05084336E-21
4.05084336E-21
3.59760266E-21
3.59760266E-21
3.59760266E-21
3.59760266E-21
3.59760266E-21
3.59760266E-21
3.59760266E-21
3.59760266E-21
3.59760266E-21
3.59760266E-21
3.59760266E-21
3.59760266E-21
3.59760266E-21
3.59760266E-21
3.59760266E-21
3.59760266E-21
3.59760266E-21
3.59760266E-21
3.59760266E-21
3.59760266E-21
3.59760266E-21
3.59760266E-21
3.19507415E-21
3.19507415E-21
3.19507415E-21
3.19507415E-21
3.19507415E-21
3.19507415E-21
3.19507415E-21
3.19507415E-21
3.19507415E-21
3.19507415E-21
3.19507415E-21
3.19507415E-21
3.19507415E-21
3.19507415E-21
3.19507415E-21
3.19507415E-21
3.19507415E-21
3.19507415E-21
3.19507415E-21
3.19507415E-21
3.19507415E-21
2.83758375E-21
2.83758375E-21
2.83758375E-21
2.83758375E-21
2.83758375E-21
2.83758375E-21
2.83758375E-21
2.83758375E-21
2.83758375E-21
2.83758375E-21
2.83758375E-21
2.83758375E-21
2.83758375E-21
2.83758375E-21
2.83758375E-21
2.83758375E-21
2.83758375E-21
2.83758375E-21
2.83758375E-21
2.83758375E-21
2.83758375E-21
2.83758375E-21
2.52009222E-21
2.52009222E-21
2.52009222E-21
2.52009222E-21
2.52009222E-21
2.52009222E-21
2.52009222E-21
2.52009222E-21
2.52009222E-21
2.52009222E-21
2.52009222E-21
2.52009222E-21
2.52009222E-21
2.52009222E-21
2.52009222E-21
2.52009222E-21
2.52009222E-21
2.52009222E-21
2.52009222E-21
2.52009222E-21
2.52009222E-21
2.23812418E-21
2.23812418E-21
2.23812418E-21
2.23812418E-21
2.23812418E-21
2.23812418E-21
2.23812418E-21
2.23812418E-21
2.23812418E-21
2.23812418E-21
2.23812418E-21
2.23812418E-21
2.23812418E-21
2.23812418E-21
2.23812418E-21
2.23812418E-21
2.23812418E-21
2.23812418E-21
2.23812418E-21
2.23812418E-21
2.23812418E-21
2.23812418E-21
1.98770498E-21
1.98770498E-21
1.98770498E-21
1.98770498E-21
1.98770498E-21
1.98770498E-21
1.98770498E-21
1.98770498E-21
1.98770498E-21
1.98770498E-21
1.98770498E-21
1.98770498E-21
1.98770498E-21
1.98770498E-21
1.98770498E-21
1.98770498E-21
1.98770498E-21
1.98770498E-21
1.98770498E-21
1.98770498E-21
1.98770498E-21
1.76530468E-21
1.76530468E-21
1.76530468E-21
1.76530468E-21
1.76530468E-21
1.76530468E-21
1.76530468E-21
1.76530468E-21
1.76530468E-21
1.76530468E-21
1.76530468E-21
1.76530468E-21
1.76530468E-21
1.76530468E-21
1.76530468E-21
1.76530468E-21
1.76530468E-21
1.76530468E-21
1.76530468E-21
1.76530468E-21
1.76530468E-21
1.76530468E-21
1.56778830E-21
1.56778830E-21
1.56778830E-21
1.56778830E-21
1.56778830E-21
1.56778830E-21
1.56778830E-21
1.56778830E-21
1.56778830E-21
1.56778830E-21
1.56778830E-21
1.56778830E-21
1.56778830E-21
1.56778830E-21
1.56778830E-21
1.56778830E-21
1.56778830E-21
1.56778830E-21
1.56778830E-21
1.56778830E-21
1.56778830E-21
1.39237162E-21
1.39237162E-21
1.39237162E-21
1.39237162E-21
1.39237162E-21
1.39237162E-21
1.39237162E-21
1.39237162E-21
1.39237162E-21
1.39237162E-21
1.39237162E-21
1.39237162E-21
1.39237162E-21
1.39237162E-21
1.39237162E-21
1.39237162E-21
1.39237162E-21
1.39237162E-21
1.39237162E-21
1.39237162E-21
1.39237162E-21
1.39237162E-21
1.23658197E-21
1.23658197E-21
1.23658197E-21
1.23658197E-21
1.23658197E-21
1.23658197E-21
1.23658197E-21
1.23658197E-21
1.23658197E-21
1.23658197E-21
1.23658197E-21
1.23658197E-21
1.23658197E-21
1.23658197E-21
1.23658197E-21
1.23658197E-21
1.23658197E-21
1.23658197E-21
1.23658197E-21
1.23658197E-21
1.23658197E-21
1.09822331E-21
1.09822331E-21
1.09822331E-21
1.09822331E-21
1.09822331E-21
1.09822331E-21
1.09822331E-21
1.09822331E-21
1.09822331E-21
1.09822331E-21
1.09822331E-21
1.09822331E-21
1.09822331E-21
1.09822331E-21
1.09822331E-21
1.09822331E-21
1.09822331E-21
1.09822331E-21
1.09822331E-21
1.09822331E-21
1.09822331E-21
1.09822331E-21
9.75345315E-22
9.75345315E-22
9.75345315E-22
9.75345315E-22
9.75345315E-22
9.75345315E-22
9.75345315E-22
9.75345315E-22
9.75345315E-22
9.75345315E-22
9.75345315E-22
9.75345315E-22
9.75345315E-22
9.75345315E-22
9.75345315E-22
9.75345315E-22
9.75345315E-22
9.75345315E-22
9.75345315E-22
9.75345315E-22
9.75345315E-22
8.66215894E-22
8.66215894E-22
8.66215894E-22
8.66215894E-22
8.66215894E-22
8.66215894E-22
8.66215894E-22
8.66215894E-22
8.66215894E-22
8.66215894E-22
8.66215894E-22
8.66215894E-22
8.66215894E-22
8.66215894E-22
8.66215894E-22
8.66215894E-22
8.66215894E-22
8.66215894E-22
8.66215894E-22
8.66215894E-22
8.66215894E-22
8.66215894E-22
7.69296744E-22
7.69296744E-22
7.69296744E-22
7.69296744E-22
7.69296744E-22
7.69296744E-22
7.69296744E-22
7.69296744E-22
7.69296744E-22
7.69296744E-22
7.69296744E-22
7.69296744E-22
7.69296744E-22
7.69296744E-22
7.69296744E-22
7.69296744E-22
7.69296744E-22
7.69296744E-22
7.69296744E-22
7.69296744E-22
7.69296744E-22
6.83221682E-22
6.83221682E-22
6.83221682E-22
6.83221682E-22
6.83221682E-22
6.83221682E-22
6.83221682E-22
6.83221682E-22
6.83221682E-22
6.83221682E-22
6.83221682E-22
6.83221682E-22
6.83221682E-22
6.83221682E-22
6.83221682E-22
6.83221682E-22
6.83221682E-22
6.83221682E-22
6.83221682E-22
6.83221682E-22
6.83221682E-22
6.83221682E-22
6.06777386E-22
6.06777386E-22
6.06777386E-22
6.06777386E-22
6.06777386E-22
6.06777386E-22
6.06777386E-22
6.06777386E-22
6.06777386E-22
6.06777386E-22
6.06777386E-22
6.06777386E-22
6.06777386E-22
6.06777386E-22
6.06777386E-22
6.06777386E-22
6.06777386E-22
6.06777386E-22
6.06777386E-22
6.06777386E-22
6.06777386E-22
5.38886287E-22
5.38886287E-22
5.38886287E-22
5.38886287E-22
5.38886287E-22
5.38886287E-22
5.38886287E-22
5.38886287E-22
5.38886287E-22
5.38886287E-22
5.38886287E-22
5.38886287E-22
5.38886287E-22
5.38886287E-22
5.38886287E-22
5.38886287E-22
5.38886287E-22
5.38886287E-22
5.38886287E-22
5.38886287E-22
5.38886287E-22
5.38886287E-22
4.78591387E-22
4.78591387E-22
4.78591387E-22
4.78591387E-22
4.78591387E-22
4.78591387E-22
4.78591387E-22
4.78591387E-22
4.78591387E-22
4.78591387E-22
4.78591387E-22
4.78591387E-22
4.78591387E-22
4.78591387E-22
4.78591387E-22
4.78591387E-22
4.78591387E-22
4.78591387E-22
4.78591387E-22
4.78591387E-22
4.78591387E-22
4.25042761E-22
4.25042761E-22
4.25042761E-22
4.25042761E-22
4.25042761E-22
4.25042761E-22
4.25042761E-22
4.25042761E-22
4.25042761E-22
4.25042761E-22
4.25042761E-22
4.25042761E-22
4.25042761E-22
4.25042761E-22
4.25042761E-22
4.25042761E-22
4.25042761E-22
4.25042761E-22
4.25042761E-22
4.25042761E-22
4.25042761E-22
4.25042761E-22
3.77485584E-22
3.77485584E-22
3.77485584E-22
3.77485584E-22
3.77485584E-22
3.77485584E-22
3.77485584E-22
3.77485584E-22
3.77485584E-22
3.77485584E-22
3.77485584E-22
3.77485584E-22
3.77485584E-22
3.77485584E-22
3.77485584E-22
3.77485584E-22
3.77485584E-22
3.77485584E-22
3.77485584E-22
3.77485584E-22
3.77485584E-22
3.35249483E-22
3.35249483E-22
3.35249483E-22
3.35249483E-22
3.35249483E-22
3.35249483E-22
3.35249483E-22
3.35249483E-22
3.35249483E-22
3.35249483E-22
3.35249483E-22
3.35249483E-22
3.35249483E-22
3.35249483E-22
3.35249483E-22
3.35249483E-22
3.35249483E-22
3.35249483E-22
3.35249483E-22
3.35249483E-22
3.35249483E-22
3.35249483E-22
2.97739094E-22
2.97739094E-22
2.97739094E-22
2.97739094E-22
2.97739094E-22
2.97739094E-22
2.97739094E-22
2.97739094E-22
2.97739094E-22
2.97739094E-22
2.97739094E-22
2.97739094E-22
2.97739094E-22
2.97739094E-22
2.97739094E-22
2.97739094E-22
2.97739094E-22
2.97739094E-22
2.97739094E-22
2.97739094E-22
2.97739094E-22
2.64425667E-22
2.64425667E-22
2.64425667E-22
2.64425667E-22
2.64425667E-22
2.64425667E-22
2.64425667E-22
2.64425667E-22
2.64425667E-22
2.64425667E-22
2.64425667E-22
2.64425667E-22
2.64425667E-22
2.64425667E-22
2.64425667E-22
2.64425667E-22
2.64425667E-22
2.64425667E-22
2.64425667E-22
2.64425667E-22
2.64425667E-22
2.64425667E-22
2.34839612E-22
2.34839612E-22
2.34839612E-22
2.34839612E-22
2.34839612E-22
2.34839612E-22
2.34839612E-22
2.34839612E-22
2.34839612E-22
2.34839612E-22
2.34839612E-22
2.34839612E-22
2.34839612E-22
2.34839612E-22
2.34839612E-22
2.34839612E-22
2.34839612E-22
2.34839612E-22
2.34839612E-22
2.34839612E-22
2.34839612E-22
2.08563881E-22
2.08563881E-22
2.08563881E-22
2.08563881E-22
2.08563881E-22
2.08563881E-22
2.08563881E-22
2.08563881E-22
2.08563881E-22
2.08563881E-22
2.08563881E-22
2.08563881E-22
2.08563881E-22
2.08563881E-22
2.08563881E-22
2.08563881E-22
2.08563881E-22
2.08563881E-22
2.08563881E-22
2.08563881E-22
2.08563881E-22
2.08563881E-22
1.85228089E-22
1.85228089E-22
1.85228089E-22
1.85228089E-22
1.85228089E-22
1.85228089E-22
1.85228089E-22
1.85228089E-22
1.85228089E-22
1.85228089E-22
1.85228089E-22
1.85228089E-22
1.85228089E-22
1.85228089E-22
1.85228089E-22
1.85228089E-22
1.85228089E-22
1.85228089E-22
1.85228089E-22
1.85228089E-22
1.85228089E-22
1.64503292E-22
1.64503292E-22
1.64503292E-22
1.64503292E-22
1.64503292E-22
1.64503292E-22
1.64503292E-22
1.64503292E-22
1.64503292E-22
1.64503292E-22
1.64503292E-22
1.64503292E-22
1.64503292E-22
1.64503292E-22
1.64503292E-22
1.64503292E-22
1.64503292E-22
1.64503292E-22
1.64503292E-22
1.64503292E-22
1.64503292E-22
1.64503292E-22
1.46097350E-22
1.46097350E-22
1.46097350E-22
1.46097350E-22
1.46097350E-22
1.46097350E-22
1.46097350E-22
1.46097350E-22
1.46097350E-22
1.46097350E-22
1.46097350E-22
1.46097350E-22
1.46097350E-22
1.46097350E-22
1.46097350E-22
1.46097350E-22
1.46097350E-22
1.46097350E-22
1.46097350E-22
1.46097350E-22
1.46097350E-22
1.29750812E-22
1.29750812E-22
1.29750812E-22
1.29750812E-22
1.29750812E-22
1.29750812E-22
1.29750812E-22
1.29750812E-22
1.29750812E-22
1.29750812E-22
1.29750812E-22
1.29750812E-22
1.29750812E-22
1.29750812E-22
1.29750812E-22
1.29750812E-22
1.29750812E-22
1.29750812E-22
1.29750812E-22
1.29750812E-22
1.29750812E-22
1.29750812E-22
1.15233255E-22
1.15233255E-22
1.15233255E-22
1.15233255E-22
1.15233255E-22
1.15233255E-22
1.15233255E-22
1.15233255E-22
1.15233255E-22
1.15233255E-22
1.15233255E-22
1.15233255E-22
1.15233255E-22
1.15233255E-22
1.15233255E-22
1.15233255E-22
1.15233255E-22
1.15233255E-22
1.15233255E-22
1.15233255E-22
1.15233255E-22
1.02340039E-22
1.02340039E-22
1.02340039E-22
1.02340039E-22
1.02340039E-22
1.02340039E-22
1.02340039E-22
1.02340039E-22
1.02340039E-22
1.02340039E-22
1.02340039E-22
1.02340039E-22
1.02340039E-22
1.02340039E-22
1.02340039E-22
1.02340039E-22
1.02340039E-22
1.02340039E-22
1.02340039E-22
1.02340039E-22
1.02340039E-22
1.02340039E-22
9.08894181E-23
9.08894181E-23
9.08894181E-23
9.08894181E-23
9.08894181E-23
9.08894181E-23
9.08894181E-23
9.08894181E-23
9.08894181E-23
9.08894181E-23
9.08894181E-23
9.08894181E-23
9.08894181E-23
9.08894181E-23
9.08894181E-23
9.08894181E-23
9.08894181E-23
9.08894181E-23
9.08894181E-23
9.08894181E-23
9.08894181E-23
8.07199843E-23
8.07199843E-23
8.07199843E-23
8.07199843E-23
8.07199843E-23
8.07199843E-23
8.07199843E-23
8.07199843E-23
8.07199843E-23
8.07199843E-23
8.07199843E-23
8.07199843E-23
8.07199843E-23
8.07199843E-23
8.07199843E-23
8.07199843E-23
8.07199843E-23
8.07199843E-23
8.07199843E-23
8.07199843E-23
8.07199843E-23
8.07199843E-23
7.16883880E-23
7.16883880E-23
7.16883880E-23
7.16883880E-23
7.16883880E-23
7.16883880E-23
7.16883880E-23
7.16883880E-23
7.16883880E-23
7.16883880E-23
7.16883880E-23
7.16883880E-23
7.16883880E-23
7.16883880E-23
7.16883880E-23
7.16883880E-23
7.16883880E-23
7.16883880E-23
7.16883880E-23
7.16883880E-23
7.16883880E-23
6.36673188E-23
6.36673188E-23
6.36673188E-23
6.36673188E-23
6.36673188E-23
6.36673188E-23
6.36673188E-23
6.36673188E-23
6.36673188E-23
6.36673188E-23
6.36673188E-23
6.36673188E-23
6.36673188E-23
6.36673188E-23
6.36673188E-23
6.36673188E-23
6.36673188E-23
6.36673188E-23
6.36673188E-23
6.36673188E-23
6.36673188E-23
6.36673188E-23
5.65437108E-23
5.65437108E-23
5.65437108E-23
5.65437108E-23
5.65437108E-23
5.65437108E-23
5.65437108E-23
5.65437108E-23
5.65437108E-23
5.65437108E-23
5.65437108E-23
5.65437108E-23
5.65437108E-23
5.65437108E-23
5.65437108E-23
5.65437108E-23
5.65437108E-23
5.65437108E-23
5.65437108E-23
5.65437108E-23
5.65437108E-23
5.02171490E-23
5.02171490E-23
5.02171490E-23
5.02171490E-23
5.02171490E-23
5.02171490E-23
5.02171490E-23
5.02171490E-23
5.02171490E-23
5.02171490E-23
5.02171490E-23
5.02171490E-23
5.02171490E-23
5.02171490E-23
5.02171490E-23
5.02171490E-23
5.02171490E-23
5.02171490E-23
5.02171490E-23
5.02171490E-23
5.02171490E-23
5.02171490E-23
4.45984535E-23
4.45984535E-23
4.45984535E-23
4.45984535E-23
4.45984535E-23
4.45984535E-23
4.45984535E-23
4.45984535E-23
4.45984535E-23
4.45984535E-23
4.45984535E-23
4.45984535E-23
4.45984535E-23
4.45984535E-23
4.45984535E-23
4.45984535E-23
4.45984535E-23
4.45984535E-23
4.45984535E-23
4.45984535E-23
4.45984535E-23
3.96084224E-23
3.96084224E-23
3.96084224E-23
3.96084224E-23
3.96084224E-23
3.96084224E-23
3.96084224E-23
3.96084224E-23
3.96084224E-23
3.96084224E-23
3.96084224E-23
3.96084224E-23
3.96084224E-23
3.96084224E-23
3.96084224E-23
3.96084224E-23
3.96084224E-23
3.96084224E-23
3.96084224E-23
3.96084224E-23
3.96084224E-23
3.96084224E-23
3.51767159E-23
3.51767159E-23
3.51767159E-23
3.51767159E-23
3.51767159E-23
3.51767159E-23
3.51767159E-23
3.51767159E-23
3.51767159E-23
3.51767159E-23
3.51767159E-23
3.51767159E-23
3.51767159E-23
3.51767159E-23
3.51767159E-23
3.51767159E-23
3.51767159E-23
3.51767159E-23
3.51767159E-23
3.51767159E-23
3.51767159E-23
3.12408641E-23
3.12408641E-23
3.12408641E-23
3.12408641E-23
3.12408641E-23
3.12408641E-23
3.12408641E-23
3.12408641E-23
3.12408641E-23
3.12408641E-23
3.12408641E-23
3.12408641E-23
3.12408641E-23
3.12408641E-23
3.12408641E-23
3.12408641E-23
3.12408641E-23
3.12408641E-23
3.12408641E-23
3.12408641E-23
3.12408641E-23
3.12408641E-23
2.77453868E-23
2.77453868E-23
2.77453868E-23
2.77453868E-23
2.77453868E-23
2.77453868E-23
2.77453868E-23
2.77453868E-23
2.77453868E-23
2.77453868E-23
2.77453868E-23
2.77453868E-23
2.77453868E-23
2.77453868E-23
2.77453868E-23
2.77453868E-23
2.77453868E-23
2.77453868E-23
2.77453868E-23
2.77453868E-23
2.77453868E-23
2.46410114E-23
2.46410114E-23
2.46410114E-23
2.46410114E-23
2.46410114E-23
2.46410114E-23
2.46410114E-23
2.46410114E-23
2.46410114E-23
2.46410114E-23
2.46410114E-23
2.46410114E-23
2.46410114E-23
2.46410114E-23
2.46410114E-23
2.46410114E-23
2.46410114E-23
2.46410114E-23
2.46410114E-23
2.46410114E-23
2.46410114E-23
2.46410114E-23
2.18839783E-23
2.18839783E-23
2.18839783E-23
2.18839783E-23
2.18839783E-23
2.18839783E-23
2.18839783E-23
2.18839783E-23
2.18839783E-23
2.18839783E-23
2.18839783E-23
2.18839783E-23
2.18839783E-23
2.18839783E-23
2.18839783E-23
2.18839783E-23
2.18839783E-23
2.18839783E-23
2.18839783E-23
2.18839783E-23
2.18839783E-23
1.94354241E-23
1.94354241E-23
1.94354241E-23
1.94354241E-23
1.94354241E-23
1.94354241E-23
1.94354241E-23
1.94354241E-23
1.94354241E-23
1.94354241E-23
1.94354241E-23
1.94354241E-23
1.94354241E-23
1.94354241E-23
1.94354241E-23
1.94354241E-23
1.94354241E-23
1.94354241E-23
1.94354241E-23
1.94354241E-23
1.94354241E-23
1.94354241E-23
1.72608337E-23
1.72608337E-23
1.72608337E-23
1.72608337E-23
1.72608337E-23
1.72608337E-23
1.72608337E-23
1.72608337E-23
1.72608337E-23
1.72608337E-23
1.72608337E-23
1.72608337E-23
1.72608337E-23
1.72608337E-23
1.72608337E-23
1.72608337E-23
1.72608337E-23
1.72608337E-23
1.72608337E-23
1.72608337E-23
1.72608337E-23
1.53295538E-23
1.53295538E-23
1.53295538E-23
1.53295538E-23
1.53295538E-23
1.53295538E-23
1.53295538E-23
1.53295538E-23
1.53295538E-23
1.53295538E-23
1.53295538E-23
1.53295538E-23
1.53295538E-23
1.53295538E-23
1.53295538E-23
1.53295538E-23
1.53295538E-23
1.53295538E-23
1.53295538E-23
1.53295538E-23
1.53295538E-23
1.53295538E-23
1.36143609E-23
1.36143609E-23
1.36143609E-23
1.36143609E-23
1.36143609E-23
1.36143609E-23
1.36143609E-23
1.36143609E-23
1.36143609E-23
1.36143609E-23
1.36143609E-23
1.36143609E-23
1.36143609E-23
1.36143609E-23
1.36143609E-23
1.36143609E-23
1.36143609E-23
1.36143609E-23
1.36143609E-23
1.36143609E-23
1.36143609E-23
1.20910775E-23
1.20910775E-23
1.20910775E-23
1.20910775E-23
1.20910775E-23
1.20910775E-23
1.20910775E-23
1.20910775E-23
1.20910775E-23
1.20910775E-23
1.20910775E-23
1.20910775E-23
1.20910775E-23
1.20910775E-23
1.20910775E-23
1.20910775E-23
1.20910775E-23
1.20910775E-23
1.20910775E-23
1.20910775E-23
1.20910775E-23
1.20910775E-23
1.07382312E-23
1.07382312E-23
1.07382312E-23
1.07382312E-23
1.07382312E-23
1.07382312E-23
1.07382312E-23
1.07382312E-23
1.07382312E-23
1.07382312E-23
1.07382312E-23
1.07382312E-23
1.07382312E-23
1.07382312E-23
1.07382312E-23
1.07382312E-23
1.07382312E-23
1.07382312E-23
1.07382312E-23
1.07382312E-23
1.07382312E-23
9.53675218E-24
9.53675218E-24
9.53675218E-24
9.53675218E-24
9.53675218E-24
9.53675218E-24
9.53675218E-24
9.53675218E-24
9.53675218E-24
9.53675218E-24
9.53675218E-24
9.53675218E-24
9.53675218E-24
9.53675218E-24
9.53675218E-24
9.53675218E-24
9.53675218E-24
9.53675218E-24
9.53675218E-24
9.53675218E-24
9.53675218E-24
9.53675218E-24
8.46970420E-24
8.46970420E-24
8.46970420E-24
8.46970420E-24
8.46970420E-24
8.46970420E-24
8.46970420E-24
8.46970420E-24
8.46970420E-24
8.46970420E-24
8.46970420E-24
8.46970420E-24
8.46970420E-24
8.46970420E-24
8.46970420E-24
8.46970420E-24
8.46970420E-24
8.46970420E-24
8.46970420E-24
8.46970420E-24
8.46970420E-24
7.52204608E-24
7.52204608E-24
7.52204608E-24
7.52204608E-24
7.52204608E-24
7.52204608E-24
7.52204608E-24
7.52204608E-24
7.52204608E-24
7.52204608E-24
7.52204608E-24
7.52204608E-24
7.52204608E-24
7.52204608E-24
7.52204608E-24
7.52204608E-24
7.52204608E-24
7.52204608E-24
7.52204608E-24
7.52204608E-24
7.52204608E-24
7.52204608E-24
6.68041950E-24
6.68041950E-24
6.68041950E-24
6.68041950E-24
6.68041950E-24
6.68041950E-24
6.68041950E-24
6.68041950E-24
6.68041950E-24
6.68041950E-24
6.68041950E-24
6.68041950E-24
6.68041950E-24
6.68041950E-24
6.68041950E-24
6.68041950E-24
6.68041950E-24
6.68041950E-24
6.68041950E-24
6.68041950E-24
6.68041950E-24
5.93296083E-24
5.93296083E-24
5.93296083E-24
5.93296083E-24
5.93296083E-24
5.93296083E-24
5.93296083E-24
5.93296083E-24
5.93296083E-24
5.93296083E-24
5.93296083E-24
5.93296083E-24
5.93296083E-24
5.93296083E-24
5.93296083E-24
5.93296083E-24
5.93296083E-24
5.93296083E-24
5.93296083E-24
5.93296083E-24
5.93296083E-24
5.93296083E-24
5.26913381E-24
5.26913381E-24
5.26913381E-24
5.26913381E-24
5.26913381E-24
5.26913381E-24
5.26913381E-24
5.26913381E-24
5.26913381E-24
5.26913381E-24
5.26913381E-24
5.26913381E-24
5.26913381E-24
5.26913381E-24
5.26913381E-24
5.26913381E-24
5.26913381E-24
5.26913381E-24
5.26913381E-24
5.26913381E-24
5.26913381E-24
4.67958105E-24
4.67958105E-24
4.67958105E-24
4.67958105E-24
4.67958105E-24
4.67958105E-24
4.67958105E-24
4.67958105E-24
4.67958105E-24
4.67958105E-24
4.67958105E-24
4.67958105E-24
4.67958105E-24
4.67958105E-24
4.67958105E-24
4.67958105E-24
4.67958105E-24
4.67958105E-24
4.67958105E-24
4.67958105E-24
4.67958105E-24
4.67958105E-24
4.15599216E-24
4.15599216E-24
4.15599216E-24
4.15599216E-24
4.15599216E-24
4.15599216E-24
4.15599216E-24
4.15599216E-24
4.15599216E-24
4.15599216E-24
4.15599216E-24
4.15599216E-24
4.15599216E-24
4.15599216E-24
4.15599216E-24
4.15599216E-24
4.15599216E-24
4.15599216E-24
4.15599216E-24
4.15599216E-24
4.15599216E-24
3.69098657E-24
3.69098657E-24
3.69098657E-24
3.69098657E-24
3.69098657E-24
3.69098657E-24
3.69098657E-24
3.69098657E-24
3.69098657E-24
3.69098657E-24
3.69098657E-24
3.69098657E-24
3.69098657E-24
3.69098657E-24
3.69098657E-24
3.69098657E-24
3.69098657E-24
3.69098657E-24
3.69098657E-24
3.69098657E-24
3.69098657E-24
3.69098657E-24
3.27800953E-24
3.27800953E-24
3.27800953E-24
3.27800953E-24
3.27800953E-24
3.27800953E-24
3.27800953E-24
3.27800953E-24
3.27800953E-24
3.27800953E-24
3.27800953E-24
3.27800953E-24
3.27800953E-24
3.27800953E-24
3.27800953E-24
3.27800953E-24
3.27800953E-24
3.27800953E-24
3.27800953E-24
3.27800953E-24
3.27800953E-24
2.91123965E-24
2.91123965E-24
2.91123965E-24
2.91123965E-24
2.91123965E-24
2.91123965E-24
2.91123965E-24
2.91123965E-24
2.91123965E-24
2.91123965E-24
2.91123965E-24
2.91123965E-24
2.91123965E-24
2.91123965E-24
2.91123965E-24
2.91123965E-24
2.91123965E-24
2.91123965E-24
2.91123965E-24
2.91123965E-24
2.91123965E-24
2.91123965E-24
2.58550691E-24
2.58550691E-24
2.58550691E-24
2.58550691E-24
2.58550691E-24
2.58550691E-24
2.58550691E-24
2.58550691E-24
2.58550691E-24
2.58550691E-24
2.58550691E-24
2.58550691E-24
2.58550691E-24
2.58550691E-24
2.58550691E-24
2.58550691E-24
2.58550691E-24
2.58550691E-24
2.58550691E-24
2.58550691E-24
2.58550691E-24
2.29621976E-24
2.29621976E-24
2.29621976E-24
2.29621976E-24
2.29621976E-24
2.29621976E-24
2.29621976E-24
2.29621976E-24
2.29621976E-24
2.29621976E-24
2.29621976E-24
2.29621976E-24
2.29621976E-24
2.29621976E-24
2.29621976E-24
2.29621976E-24
2.29621976E-24
2.29621976E-24
2.29621976E-24
2.29621976E-24
2.29621976E-24
2.29621976E-24
2.03930036E-24
2.03930036E-24
2.03930036E-24
2.03930036E-24
2.03930036E-24
2.03930036E-24
2.03930036E-24
2.03930036E-24
2.03930036E-24
2.03930036E-24
2.03930036E-24
2.03930036E-24
2.03930036E-24
2.03930036E-24
2.03930036E-24
2.03930036E-24
2.03930036E-24
2.03930036E-24
2.03930036E-24
2.03930036E-24
2.03930036E-24
1.81112715E-24
1.81112715E-24
1.81112715E-24
1.81112715E-24
1.81112715E-24
1.81112715E-24
1.81112715E-24
1.81112715E-24
1.81112715E-24
1.81112715E-24
1.81112715E-24
1.81112715E-24
1.81112715E-24
1.81112715E-24
1.81112715E-24
1.81112715E-24
1.81112715E-24
1.81112715E-24
1.81112715E-24
1.81112715E-24
1.81112715E-24
1.81112715E-24
1.60848379E-24
1.60848379E-24
1.60848379E-24
1.60848379E-24
1.60848379E-24
1.60848379E-24
1.60848379E-24
1.60848379E-24
1.60848379E-24
1.60848379E-24
1.60848379E-24
1.60848379E-24
1.60848379E-24
1.60848379E-24
1.60848379E-24
1.60848379E-24
1.60848379E-24
1.60848379E-24
1.60848379E-24
1.60848379E-24
1.60848379E-24
1.42851378E-24
1.42851378E-24
1.42851378E-24
1.42851378E-24
1.42851378E-24
1.42851378E-24
1.42851378E-24
1.42851378E-24
1.42851378E-24
1.42851378E-24
1.42851378E-24
1.42851378E-24
1.42851378E-24
1.42851378E-24
1.42851378E-24
1.42851378E-24
1.42851378E-24
1.42851378E-24
1.42851378E-24
1.42851378E-24
1.42851378E-24
1.42851378E-24
1.26868025E-24
1.26868025E-24
1.26868025E-24
1.26868025E-24
1.26868025E-24
1.26868025E-24
1.26868025E-24
1.26868025E-24
1.26868025E-24
1.26868025E-24
1.26868025E-24
1.26868025E-24
1.26868025E-24
1.26868025E-24
1.26868025E-24
1.26868025E-24
1.26868025E-24
1.26868025E-24
1.26868025E-24
1.26868025E-24
1.26868025E-24
1.12673018E-24
1.12673018E-24
1.12673018E-24
1.12673018E-24
1.12673018E-24
1.12673018E-24
1.12673018E-24
1.12673018E-24
1.12673018E-24
1.12673018E-24
1.12673018E-24
1.12673018E-24
1.12673018E-24
1.12673018E-24
1.12673018E-24
1.12673018E-24
1.12673018E-24
1.12673018E-24
1.12673018E-24
1.12673018E-24
1.12673018E-24
1.12673018E-24
1.00066261E-24
1.00066261E-24
1.00066261E-24
1.00066261E-24
1.00066261E-24
1.00066261E-24
1.00066261E-24
1.00066261E-24
1.00066261E-24
1.00066261E-24
1.00066261E-24
1.00066261E-24
1.00066261E-24
1.00066261E-24
1.00066261E-24
1.00066261E-24
1.00066261E-24
1.00066261E-24
1.00066261E-24
1.00066261E-24
1.00066261E-24
8.88700486E-25
8.88700486E-25
8.88700486E-25
8.88700486E-25
8.88700486E-25
8.88700486E-25
8.88700486E-25
8.88700486E-25
8.88700486E-25
8.88700486E-25
8.88700486E-25
8.88700486E-25
8.88700486E-25
8.88700486E-25
8.88700486E-25
8.88700486E-25
8.88700486E-25
8.88700486E-25
8.88700486E-25
8.88700486E-25
8.88700486E-25
8.88700486E-25
7.89265581E-25
7.89265581E-25
7.89265581E-25
7.89265581E-25
7.89265581E-25
7.89265581E-25
7.89265581E-25
7.89265581E-25
7.89265581E-25
7.89265581E-25
7.89265581E-25
7.89265581E-25
7.89265581E-25
7.89265581E-25
7.89265581E-25
7.89265581E-25
7.89265581E-25
7.89265581E-25
7.89265581E-25
7.89265581E-25
7.89265581E-25
7.00956246E-25
7.00956246E-25
7.00956246E-25
7.00956246E-25
7.00956246E-25
7.00956246E-25
7.00956246E-25
7.00956246E-25
7.00956246E-25
7.00956246E-25
7.00956246E-25
7.00956246E-25
7.00956246E-25
7.00956246E-25
7.00956246E-25
7.00956246E-25
7.00956246E-25
7.00956246E-25
7.00956246E-25
7.00956246E-25
7.00956246E-25
7.00956246E-25
6.22527665E-25
6.22527665E-25
6.22527665E-25
6.22527665E-25
6.22527665E-25
6.22527665E-25
6.22527665E-25
6.22527665E-25
6.22527665E-25
6.22527665E-25
6.22527665E-25
6.22527665E-25
6.22527665E-25
6.22527665E-25
6.22527665E-25
6.22527665E-25
6.22527665E-25
6.22527665E-25
6.22527665E-25
6.22527665E-25
6.22527665E-25
5.52874299E-25
5.52874299E-25
5.52874299E-25
5.52874299E-25
5.52874299E-25
5.52874299E-25
5.52874299E-25
5.52874299E-25
5.52874299E-25
5.52874299E-25
5.52874299E-25
5.52874299E-25
5.52874299E-25
5.52874299E-25
5.52874299E-25
5.52874299E-25
5.52874299E-25
5.52874299E-25
5.52874299E-25
5.52874299E-25
5.52874299E-25
5.52874299E-25
4.91014308E-25
4.91014308E-25
4.91014308E-25
4.91014308E-25
4.91014308E-25
4.91014308E-25
4.91014308E-25
4.91014308E-25
4.91014308E-25
4.91014308E-25
4.91014308E-25
4.91014308E-25
4.91014308E-25
4.91014308E-25
4.91014308E-25
4.91014308E-25
4.91014308E-25
4.91014308E-25
4.91014308E-25
4.91014308E-25
4.91014308E-25
4.36075707E-25
4.36075707E-25
4.36075707E-25
4.36075707E-25
4.36075707E-25
4.36075707E-25
4.36075707E-25
4.36075707E-25
4.36075707E-25
4.36075707E-25
4.36075707E-25
4.36075707E-25
4.36075707E-25
4.36075707E-25
4.36075707E-25
4.36075707E-25
4.36075707E-25
4.36075707E-25
4.36075707E-25
4.36075707E-25
4.36075707E-25
4.36075707E-25
3.87284076E-25
3.87284076E-25
3.87284076E-25
3.87284076E-25
3.87284076E-25
3.87284076E-25
3.87284076E-25
3.87284076E-25
3.87284076E-25
3.87284076E-25
3.87284076E-25
3.87284076E-25
3.87284076E-25
3.87284076E-25
3.87284076E-25
3.87284076E-25
3.87284076E-25
3.87284076E-25
3.87284076E-25
3.87284076E-25
3.87284076E-25
3.43951641E-25
3.43951641E-25
3.43951641E-25
3.43951641E-25
3.43951641E-25
3.43951641E-25
3.43951641E-25
3.43951641E-25
3.43951641E-25
3.43951641E-25
3.43951641E-25
3.43951641E-25
3.43951641E-25
3.43951641E-25
3.43951641E-25
3.43951641E-25
3.43951641E-25
3.43951641E-25
3.43951641E-25
3.43951641E-25
3.43951641E-25
3.43951641E-25
3.05467586E-25
3.05467586E-25
3.05467586E-25
3.05467586E-25
3.05467586E-25
3.05467586E-25
3.05467586E-25
3.05467586E-25
3.05467586E-25
3.05467586E-25
3.05467586E-25
3.05467586E-25
3.05467586E-25
3.05467586E-25
3.05467586E-25
3.05467586E-25
3.05467586E-25
3.05467586E-25
3.05467586E-25
3.05467586E-25
3.05467586E-25
2.71289433E-25
2.71289433E-25
2.71289433E-25
2.71289433E-25
2.71289433E-25
2.71289433E-25
2.71289433E-25
2.71289433E-25
2.71289433E-25
2.71289433E-25
2.71289433E-25
2.71289433E-25
2.71289433E-25
2.71289433E-25
2.71289433E-25
2.71289433E-25
2.71289433E-25
2.71289433E-25
2.71289433E-25
2.71289433E-25
2.71289433E-25
2.71289433E-25
2.40935405E-25
2.40935405E-25
2.40935405E-25
2.40935405E-25
2.40935405E-25
2.40935405E-25
2.40935405E-25
2.40935405E-25
2.40935405E-25
2.40935405E-25
2.40935405E-25
2.40935405E-25
2.40935405E-25
2.40935405E-25
2.40935405E-25
2.40935405E-25
2.40935405E-25
2.40935405E-25
2.40935405E-25
2.40935405E-25
2.40935405E-25
2.13977629E-25
2.13977629E-25
2.13977629E-25
2.13977629E-25
2.13977629E-25
2.13977629E-25
2.13977629E-25
2.13977629E-25
2.13977629E-25
2.13977629E-25
2.13977629E-25
2.13977629E-25
2.13977629E-25
2.13977629E-25
2.13977629E-25
2.13977629E-25
2.13977629E-25
2.13977629E-25
2.13977629E-25
2.13977629E-25
2.13977629E-25
2.13977629E-25
1.90036103E-25
1.90036103E-25
1.90036103E-25
1.90036103E-25
1.90036103E-25
1.90036103E-25
1.90036103E-25
1.90036103E-25
1.90036103E-25
1.90036103E-25
1.90036103E-25
1.90036103E-25
1.90036103E-25
1.90036103E-25
1.90036103E-25
1.90036103E-25
1.90036103E-25
1.90036103E-25
1.90036103E-25
1.90036103E-25
1.90036103E-25
1.68773347E-25
1.68773347E-25
1.68773347E-25
1.68773347E-25
1.68773347E-25
1.68773347E-25
1.68773347E-25
1.68773347E-25
1.68773347E-25
1.68773347E-25
1.68773347E-25
1.68773347E-25
1.68773347E-25
1.68773347E-25
1.68773347E-25
1.68773347E-25
1.68773347E-25
1.68773347E-25
1.68773347E-25
1.68773347E-25
1.68773347E-25
1.68773347E-25
1.49889637E-25
1.49889637E-25
1.49889637E-25
1.49889637E-25
1.49889637E-25
1.49889637E-25
1.49889637E-25
1.49889637E-25
1.49889637E-25
1.49889637E-25
1.49889637E-25
1.49889637E-25
1.49889637E-25
1.49889637E-25
1.49889637E-25
1.49889637E-25
1.49889637E-25
1.49889637E-25
1.49889637E-25
1.49889637E-25
1.49889637E-25
1.33118788E-25
1.33118788E-25
1.33118788E-25
1.33118788E-25
1.33118788E-25
1.33118788E-25
1.33118788E-25
1.33118788E-25
1.33118788E-25
1.33118788E-25
1.33118788E-25
1.33118788E-25
1.33118788E-25
1.33118788E-25
1.33118788E-25
1.33118788E-25
1.33118788E-25
1.33118788E-25
1.33118788E-25
1.33118788E-25
1.33118788E-25
1.33118788E-25
1.18224395E-25
1.18224395E-25
1.18224395E-25
1.18224395E-25
1.18224395E-25
1.18224395E-25
1.18224395E-25
1.18224395E-25
1.18224395E-25
1.18224395E-25
1.18224395E-25
1.18224395E-25
1.18224395E-25
1.18224395E-25
1.18224395E-25
1.18224395E-25
1.18224395E-25
1.18224395E-25
1.18224395E-25
1.18224395E-25
1.18224395E-25
1.04996506E-25
1.04996506E-25
1.04996506E-25
1.04996506E-25
1.04996506E-25
1.04996506E-25
1.04996506E-25
1.04996506E-25
1.04996506E-25
1.04996506E-25
1.04996506E-25
1.04996506E-25
1.04996506E-25
1.04996506E-25
1.04996506E-25
1.04996506E-25
1.04996506E-25
1.04996506E-25
1.04996506E-25
1.04996506E-25
1.04996506E-25
1.04996506E-25
9.32486584E-26
9.32486584E-26
9.32486584E-26
9.32486584E-26
9.32486584E-26
9.32486584E-26
9.32486584E-26
9.32486584E-26
9.32486584E-26
9.32486584E-26
9.32486584E-26
9.32486584E-26
9.32486584E-26
9.32486584E-26
9.32486584E-26
9.32486584E-26
9.32486584E-26
9.32486584E-26
9.32486584E-26
9.32486584E-26
9.32486584E-26
8.28152540E-26
8.28152540E-26
8.28152540E-26
8.28152540E-26
8.28152540E-26
8.28152540E-26
8.28152540E-26
8.28152540E-26
8.28152540E-26
8.28152540E-26
8.28152540E-26
8.28152540E-26
8.28152540E-26
8.28152540E-26
8.28152540E-26
8.28152540E-26
8.28152540E-26
8.28152540E-26
8.28152540E-26
8.28152540E-26
8.28152540E-26
8.28152540E-26
7.35492222E-26
7.35492222E-26
7.35492222E-26
7.35492222E-26
7.35492222E-26
7.35492222E-26
7.35492222E-26
7.35492222E-26
7.35492222E-26
7.35492222E-26
7.35492222E-26
7.35492222E-26
7.35492222E-26
7.35492222E-26
7.35492222E-26
7.35492222E-26
7.35492222E-26
7.35492222E-26
7.35492222E-26
7.35492222E-26
7.35492222E-26
6.53199480E-26
6.53199480E-26
6.53199480E-26
6.53199480E-26
6.53199480E-26
6.53199480E-26
6.53199480E-26
6.53199480E-26
6.53199480E-26
6.53199480E-26
6.53199480E-26
6.53199480E-26
6.53199480E-26
6.53199480E-26
6.53199480E-26
6.53199480E-26
6.53199480E-26
6.53199480E-26
6.53199480E-26
6.53199480E-26
6.53199480E-26
6.53199480E-26
5.80114307E-26
5.80114307E-26
5.80114307E-26
5.80114307E-26
5.80114307E-26
5.80114307E-26
5.80114307E-26
5.80114307E-26
5.80114307E-26
5.80114307E-26
5.80114307E-26
5.80114307E-26
5.80114307E-26
5.80114307E-26
5.80114307E-26
5.80114307E-26
5.80114307E-26
5.80114307E-26
5.80114307E-26
5.80114307E-26
5.80114307E-26
5.15206487E-26
5.15206487E-26
5.15206487E-26
5.15206487E-26
5.15206487E-26
5.15206487E-26
5.15206487E-26
5.15206487E-26
5.15206487E-26
5.15206487E-26
5.15206487E-26
5.15206487E-26
5.15206487E-26
5.15206487E-26
5.15206487E-26
5.15206487E-26
5.15206487E-26
5.15206487E-26
5.15206487E-26
5.15206487E-26
5.15206487E-26
5.15206487E-26
4.57561072E-26
4.57561072E-26
4.57561072E-26
4.57561072E-26
4.57561072E-26
4.57561072E-26
4.57561072E-26
4.57561072E-26
4.57561072E-26
4.57561072E-26
4.57561072E-26
4.57561072E-26
4.57561072E-26
4.57561072E-26
4.57561072E-26
4.57561072E-26
4.57561072E-26
4.57561072E-26
4.57561072E-26
4.57561072E-26
4.57561072E-26
4.06365486E-26
4.06365486E-26
4.06365486E-26
4.06365486E-26
4.06365486E-26
4.06365486E-26
4.06365486E-26
4.06365486E-26
4.06365486E-26
4.06365486E-26
4.06365486E-26
4.06365486E-26
4.06365486E-26
4.06365486E-26
4.06365486E-26
4.06365486E-26
4.06365486E-26
4.06365486E-26
4.06365486E-26
4.06365486E-26
4.06365486E-26
4.06365486E-26
3.60898071E-26
3.60898071E-26
3.60898071E-26
3.60898071E-26
3.60898071E-26
3.60898071E-26
3.60898071E-26
3.60898071E-26
3.60898071E-26
3.60898071E-26
3.60898071E-26
3.60898071E-26
3.60898071E-26
3.60898071E-26
3.60898071E-26
3.60898071E-26
3.60898071E-26
3.60898071E-26
3.60898071E-26
3.60898071E-26
3.60898071E-26
3.20517913E-26
3.20517913E-26
3.20517913E-26
3.20517913E-26
3.20517913E-26
3.20517913E-26
3.20517913E-26
3.20517913E-26
3.20517913E-26
3.20517913E-26
3.20517913E-26
3.20517913E-26
3.20517913E-26
3.20517913E-26
3.20517913E-26
3.20517913E-26
3.20517913E-26
3.20517913E-26
3.20517913E-26
3.20517913E-26
3.20517913E-26
3.20517913E-26
2.84655810E-26
2.84655810E-26
2.84655810E-26
2.84655810E-26
2.84655810E-26
2.84655810E-26
2.84655810E-26
2.84655810E-26
2.84655810E-26
2.84655810E-26
2.84655810E-26
2.84655810E-26
2.84655810E-26
2.84655810E-26
2.84655810E-26
2.84655810E-26
2.84655810E-26
2.84655810E-26
2.84655810E-26
2.84655810E-26
2.84655810E-26
2.52806245E-26
2.52806245E-26
2.52806245E-26
2.52806245E-26
2.52806245E-26
2.52806245E-26
2.52806245E-26
2.52806245E-26
2.52806245E-26
2.52806245E-26
2.52806245E-26
2.52806245E-26
2.52806245E-26
2.52806245E-26
2.52806245E-26
2.52806245E-26
2.52806245E-26
2.52806245E-26
2.52806245E-26
2.52806245E-26
2.52806245E-26
2.52806245E-26
2.24520264E-26
2.24520264E-26
2.24520264E-26
2.24520264E-26
2.24520264E-26
2.24520264E-26
2.24520264E-26
2.24520264E-26
2.24520264E-26
2.24520264E-26
2.24520264E-26
2.24520264E-26
2.24520264E-26
2.24520264E-26
2.24520264E-26
2.24520264E-26
2.24520264E-26
2.24520264E-26
2.24520264E-26
2.24520264E-26
2.24520264E-26
1.99399144E-26
1.99399144E-26
1.99399144E-26
1.99399144E-26
1.99399144E-26
1.99399144E-26
1.99399144E-26
1.99399144E-26
1.99399144E-26
1.99399144E-26
1.99399144E-26
1.99399144E-26
1.99399144E-26
1.99399144E-26
1.99399144E-26
1.99399144E-26
1.99399144E-26
1.99399144E-26
1.99399144E-26
1.99399144E-26
1.99399144E-26
1.99399144E-26
1.77088776E-26
1.77088776E-26
1.77088776E-26
1.77088776E-26
1.77088776E-26
1.77088776E-26
1.77088776E-26
1.77088776E-26
1.77088776E-26
1.77088776E-26
1.77088776E-26
1.77088776E-26
1.77088776E-26
1.77088776E-26
1.77088776E-26
1.77088776E-26
1.77088776E-26
1.77088776E-26
1.77088776E-26
1.77088776E-26
1.77088776E-26
1.57274670E-26
1.57274670E-26
1.57274670E-26
1.57274670E-26
1.57274670E-26
1.57274670E-26
1.57274670E-26
1.57274670E-26
1.57274670E-26
1.57274670E-26
1.57274670E-26
1.57274670E-26
1.57274670E-26
1.57274670E-26
1.57274670E-26
1.57274670E-26
1.57274670E-26
1.57274670E-26
1.57274670E-26
1.57274670E-26
1.57274670E-26
1.57274670E-26
1.39677524E-26
1.39677524E-26
1.39677524E-26
1.39677524E-26
1.39677524E-26
1.39677524E-26
1.39677524E-26
1.39677524E-26
1.39677524E-26
1.39677524E-26
1.39677524E-26
1.39677524E-26
1.39677524E-26
1.39677524E-26
1.39677524E-26
1.39677524E-26
1.39677524E-26
1.39677524E-26
1.39677524E-26
1.39677524E-26
1.39677524E-26
1.24049288E-26
1.24049288E-26
1.24049288E-26
1.24049288E-26
1.24049288E-26
1.24049288E-26
1.24049288E-26
1.24049288E-26
1.24049288E-26
1.24049288E-26
1.24049288E-26
1.24049288E-26
1.24049288E-26
1.24049288E-26
1.24049288E-26
1.24049288E-26
1.24049288E-26
1.24049288E-26
1.24049288E-26
1.24049288E-26
1.24049288E-26
1.24049288E-26
1.10169663E-26
1.10169663E-26
1.10169663E-26
1.10169663E-26
1.10169663E-26
1.10169663E-26
1.10169663E-26
1.10169663E-26
1.10169663E-26
1.10169663E-26
1.10169663E-26
1.10169663E-26
1.10169663E-26
1.10169663E-26
1.10169663E-26
1.10169663E-26
1.10169663E-26
1.10169663E-26
1.10169663E-26
1.10169663E-26
1.10169663E-26
9.78430015E-27
9.78430015E-27
9.78430015E-27
9.78430015E-27
9.78430015E-27
9.78430015E-27
9.78430015E-27
9.78430015E-27
9.78430015E-27
9.78430015E-27
9.78430015E-27
9.78430015E-27
9.78430015E-27
9.78430015E-27
9.78430015E-27
9.78430015E-27
9.78430015E-27
9.78430015E-27
9.78430015E-27
9.78430015E-27
9.78430015E-27
9.78430015E-27
8.68955453E-27
8.68955453E-27
8.68955453E-27
8.68955453E-27
8.68955453E-27
8.68955453E-27
8.68955453E-27
8.68955453E-27
8.68955453E-27
8.68955453E-27
8.68955453E-27
8.68955453E-27
8.68955453E-27
8.68955453E-27
8.68955453E-27
8.68955453E-27
8.68955453E-27
8.68955453E-27
8.68955453E-27
8.68955453E-27
8.68955453E-27
7.71729779E-27
7.71729779E-27
7.71729779E-27
7.71729779E-27
7.71729779E-27
7.71729779E-27
7.71729779E-27
7.71729779E-27
7.71729779E-27
7.71729779E-27
7.71729779E-27
7.71729779E-27
7.71729779E-27
7.71729779E-27
7.71729779E-27
7.71729779E-27
7.71729779E-27
7.71729779E-27
7.71729779E-27
7.71729779E-27
7.71729779E-27
7.71729779E-27
6.85382490E-27
6.85382490E-27
6.85382490E-27
6.85382490E-27
6.85382490E-27
6.85382490E-27
6.85382490E-27
6.85382490E-27
6.85382490E-27
6.85382490E-27
6.85382490E-27
6.85382490E-27
6.85382490E-27
6.85382490E-27
6.85382490E-27
6.85382490E-27
6.85382490E-27
6.85382490E-27
6.85382490E-27
6.85382490E-27
6.85382490E-27
6.08696425E-27
6.08696425E-27
6.08696425E-27
6.08696425E-27
6.08696425E-27
6.08696425E-27
6.08696425E-27
6.08696425E-27
6.08696425E-27
6.08696425E-27
6.08696425E-27
6.08696425E-27
6.08696425E-27
6.08696425E-27
6.08696425E-27
6.08696425E-27
6.08696425E-27
6.08696425E-27
6.08696425E-27
6.08696425E-27
6.08696425E-27
6.08696425E-27
5.40590609E-27
5.40590609E-27
5.40590609E-27
5.40590609E-27
5.40590609E-27
5.40590609E-27
5.40590609E-27
5.40590609E-27
5.40590609E-27
5.40590609E-27
5.40590609E-27
5.40590609E-27
5.40590609E-27
5.40590609E-27
5.40590609E-27
5.40590609E-27
5.40590609E-27
5.40590609E-27
5.40590609E-27
5.40590609E-27
5.40590609E-27
4.80105016E-27
4.80105016E-27
4.80105016E-27
4.80105016E-27
4.80105016E-27
4.80105016E-27
4.80105016E-27
4.80105016E-27
4.80105016E-27
4.80105016E-27
4.80105016E-27
4.80105016E-27
4.80105016E-27
4.80105016E-27
4.80105016E-27
4.80105016E-27
4.80105016E-27
4.80105016E-27
4.80105016E-27
4.80105016E-27
4.80105016E-27
4.80105016E-27
4.26387033E-27
4.26387033E-27
4.26387033E-27
4.26387033E-27
4.26387033E-27
4.26387033E-27
4.26387033E-27
4.26387033E-27
4.26387033E-27
4.26387033E-27
4.26387033E-27
4.26387033E-27
4.26387033E-27
4.26387033E-27
4.26387033E-27
4.26387033E-27
4.26387033E-27
4.26387033E-27
4.26387033E-27
4.26387033E-27
4.26387033E-27
3.78679448E-27
3.78679448E-27
3.78679448E-27
3.78679448E-27
3.78679448E-27
3.78679448E-27
3.78679448E-27
3.78679448E-27
3.78679448E-27
3.78679448E-27
3.78679448E-27
3.78679448E-27
3.78679448E-27
3.78679448E-27
3.78679448E-27
3.78679448E-27
3.78679448E-27
3.78679448E-27
3.78679448E-27
3.78679448E-27
3.78679448E-27
3.78679448E-27
3.36309768E-27
3.36309768E-27
3.36309768E-27
3.36309768E-27
3.36309768E-27
3.36309768E-27
3.36309768E-27
3.36309768E-27
3.36309768E-27
3.36309768E-27
3.36309768E-27
3.36309768E-27
3.36309768E-27
3.36309768E-27
3.36309768E-27
3.36309768E-27
3.36309768E-27
3.36309768E-27
3.36309768E-27
3.36309768E-27
3.36309768E-27
2.98680746E-27
2.98680746E-27
2.98680746E-27
2.98680746E-27
2.98680746E-27
2.98680746E-27
2.98680746E-27
2.98680746E-27
2.98680746E-27
2.98680746E-27
2.98680746E-27
2.98680746E-27
2.98680746E-27
2.98680746E-27
2.98680746E-27
2.98680746E-27
2.98680746E-27
2.98680746E-27
2.98680746E-27
2.98680746E-27
2.98680746E-27
2.98680746E-27
2.65261959E-27
2.65261959E-27
2.65261959E-27
2.65261959E-27
2.65261959E-27
2.65261959E-27
2.65261959E-27
2.65261959E-27
2.65261959E-27
2.65261959E-27
2.65261959E-27
2.65261959E-27
2.65261959E-27
2.65261959E-27
2.65261959E-27
2.65261959E-27
2.65261959E-27
2.65261959E-27
2.65261959E-27
2.65261959E-27
2.65261959E-27
2.35582333E-27
2.35582333E-27
2.35582333E-27
2.35582333E-27
2.35582333E-27
2.35582333E-27
2.35582333E-27
2.35582333E-27
2.35582333E-27
2.35582333E-27
2.35582333E-27
2.35582333E-27
2.35582333E-27
2.35582333E-27
2.35582333E-27
2.35582333E-27
2.35582333E-27
2.35582333E-27
2.35582333E-27
2.35582333E-27
2.35582333E-27
2.35582333E-27
2.09223501E-27
2.09223501E-27
2.09223501E-27
2.09223501E-27
2.09223501E-27
2.09223501E-27
2.09223501E-27
2.09223501E-27
2.09223501E-27
2.09223501E-27
2.09223501E-27
2.09223501E-27
2.09223501E-27
2.09223501E-27
2.09223501E-27
2.09223501E-27
2.09223501E-27
2.09223501E-27
2.09223501E-27
2.09223501E-27
2.09223501E-27
1.85813905E-27
1.85813905E-27
1.85813905E-27
1.85813905E-27
1.85813905E-27
1.85813905E-27
1.85813905E-27
1.85813905E-27
1.85813905E-27
1.85813905E-27
1.85813905E-27
1.85813905E-27
1.85813905E-27
1.85813905E-27
1.85813905E-27
1.85813905E-27
1.85813905E-27
1.85813905E-27
1.85813905E-27
1.85813905E-27
1.85813905E-27
1.85813905E-27
1.65023562E-27
1.65023562E-27
1.65023562E-27
1.65023562E-27
1.65023562E-27
1.65023562E-27
1.65023562E-27
1.65023562E-27
1.65023562E-27
1.65023562E-27
1.65023562E-27
1.65023562E-27
1.65023562E-27
1.65023562E-27
1.65023562E-27
1.65023562E-27
1.65023562E-27
1.65023562E-27
1.65023562E-27
1.65023562E-27
1.65023562E-27
1.46559408E-27
1.46559408E-27
1.46559408E-27
1.46559408E-27
1.46559408E-27
1.46559408E-27
1.46559408E-27
1.46559408E-27
1.46559408E-27
1.46559408E-27
1.46559408E-27
1.46559408E-27
1.46559408E-27
1.46559408E-27
1.46559408E-27
1.46559408E-27
1.46559408E-27
1.46559408E-27
1.46559408E-27
1.46559408E-27
1.46559408E-27
1.46559408E-27
1.30161172E-27
1.30161172E-27
1.30161172E-27
1.30161172E-27
1.30161172E-27
1.30161172E-27
1.30161172E-27
1.30161172E-27
1.30161172E-27
1.30161172E-27
1.30161172E-27
1.30161172E-27
1.30161172E-27
1.30161172E-27
1.30161172E-27
1.30161172E-27
1.30161172E-27
1.30161172E-27
1.30161172E-27
1.30161172E-27
1.30161172E-27
1.15597701E-27
1.15597701E-27
1.15597701E-27
1.15597701E-27
1.15597701E-27
1.15597701E-27
1.15597701E-27
1.15597701E-27
1.15597701E-27
1.15597701E-27
1.15597701E-27
1.15597701E-27
1.15597701E-27
1.15597701E-27
1.15597701E-27
1.15597701E-27
1.15597701E-27
1.15597701E-27
1.15597701E-27
1.15597701E-27
1.15597701E-27
1.15597701E-27
1.02663707E-27
1.02663707E-27
1.02663707E-27
1.02663707E-27
1.02663707E-27
1.02663707E-27
1.02663707E-27
1.02663707E-27
1.02663707E-27
1.02663707E-27
1.02663707E-27
1.02663707E-27
1.02663707E-27
1.02663707E-27
1.02663707E-27
1.02663707E-27
1.02663707E-27
1.02663707E-27
1.02663707E-27
1.02663707E-27
1.02663707E-27
9.11768717E-28
9.11768717E-28
9.11768717E-28
9.11768717E-28
9.11768717E-28
9.11768717E-28
9.11768717E-28
9.11768717E-28
9.11768717E-28
9.11768717E-28
9.11768717E-28
9.11768717E-28
9.11768717E-28
9.11768717E-28
9.11768717E-28
9.11768717E-28
9.11768717E-28
9.11768717E-28
9.11768717E-28
9.11768717E-28
9.11768717E-28
9.11768717E-28
8.09752753E-28
8.09752753E-28
8.09752753E-28
8.09752753E-28
8.09752753E-28
8.09752753E-28
8.09752753E-28
8.09752753E-28
8.09752753E-28
8.09752753E-28
8.09752753E-28
8.09752753E-28
8.09752753E-28
8.09752753E-28
8.09752753E-28
8.09752753E-28
8.09752753E-28
8.09752753E-28
8.09752753E-28
8.09752753E-28
8.09752753E-28
7.19151150E-28
7.19151150E-28
7.19151150E-28
7.19151150E-28
7.19151150E-28
7.19151150E-28
7.19151150E-28
7.19151150E-28
7.19151150E-28
7.19151150E-28
7.19151150E-28
7.19151150E-28
7.19151150E-28
7.19151150E-28
7.19151150E-28
7.19151150E-28
7.19151150E-28
7.19151150E-28
7.19151150E-28
7.19151150E-28
7.19151150E-28
7.19151150E-28
6.38686778E-28
6.38686778E-28
6.38686778E-28
6.38686778E-28
6.38686778E-28
6.38686778E-28
6.38686778E-28
6.38686778E-28
6.38686778E-28
6.38686778E-28
6.38686778E-28
6.38686778E-28
6.38686778E-28
6.38686778E-28
6.38686778E-28
6.38686778E-28
6.38686778E-28
6.38686778E-28
6.38686778E-28
6.38686778E-28
6.38686778E-28
5.67225402E-28
5.67225402E-28
5.67225402E-28
5.67225402E-28
5.67225402E-28
5.67225402E-28
5.67225402E-28
5.67225402E-28
5.67225402E-28
5.67225402E-28
5.67225402E-28
5.67225402E-28
5.67225402E-28
5.67225402E-28
5.67225402E-28
5.67225402E-28
5.67225402E-28
5.67225402E-28
5.67225402E-28
5.67225402E-28
5.67225402E-28
5.67225402E-28
5.03759695E-28
5.03759695E-28
5.03759695E-28
5.03759695E-28
5.03759695E-28
5.03759695E-28
5.03759695E-28
5.03759695E-28
5.03759695E-28
5.03759695E-28
5.03759695E-28
5.03759695E-28
5.03759695E-28
5.03759695E-28
5.03759695E-28
5.03759695E-28
5.03759695E-28
5.03759695E-28
5.03759695E-28
5.03759695E-28
5.03759695E-28
4.47395038E-28
4.47395038E-28
4.47395038E-28
4.47395038E-28
4.47395038E-28
4.47395038E-28
4.47395038E-28
4.47395038E-28
4.47395038E-28
4.47395038E-28
4.47395038E-28
4.47395038E-28
4.47395038E-28
4.47395038E-28
4.47395038E-28
4.47395038E-28
4.47395038E-28
4.47395038E-28
4.47395038E-28
4.47395038E-28
4.47395038E-28
4.47395038E-28
3.97336910E-28
3.97336910E-28
3.97336910E-28
3.97336910E-28
3.97336910E-28
3.97336910E-28
3.97336910E-28
3.97336910E-28
3.97336910E-28
3.97336910E-28
3.97336910E-28
3.97336910E-28
3.97336910E-28
3.97336910E-28
3.97336910E-28
3.97336910E-28
3.97336910E-28
3.97336910E-28
3.97336910E-28
3.97336910E-28
3.97336910E-28
3.52879684E-28
3.52879684E-28
3.52879684E-28
3.52879684E-28
3.52879684E-28
3.52879684E-28
3.52879684E-28
3.52879684E-28
3.52879684E-28
3.52879684E-28
3.52879684E-28
3.52879684E-28
3.52879684E-28
3.52879684E-28
3.52879684E-28
3.52879684E-28
3.52879684E-28
3.52879684E-28
3.52879684E-28
3.52879684E-28
3.52879684E-28
3.52879684E-28
3.13396687E-28
3.13396687E-28
3.13396687E-28
3.13396687E-28
3.13396687E-28
3.13396687E-28
3.13396687E-28
3.13396687E-28
3.13396687E-28
3.13396687E-28
3.13396687E-28
3.13396687E-28
3.13396687E-28
3.13396687E-28
3.13396687E-28
3.13396687E-28
3.13396687E-28
3.13396687E-28
3.13396687E-28
3.13396687E-28
3.13396687E-28
2.78331364E-28
2.78331364E-28
2.78331364E-28
2.78331364E-28
2.78331364E-28
2.78331364E-28
2.78331364E-28
2.78331364E-28
2.78331364E-28
2.78331364E-28
2.78331364E-28
2.78331364E-28
2.78331364E-28
2.78331364E-28
2.78331364E-28
2.78331364E-28
2.78331364E-28
2.78331364E-28
2.78331364E-28
2.78331364E-28
2.78331364E-28
2.78331364E-28
2.47189429E-28
2.47189429E-28
2.47189429E-28
2.47189429E-28
2.47189429E-28
2.47189429E-28
2.47189429E-28
2.47189429E-28
2.47189429E-28
2.47189429E-28
2.47189429E-28
2.47189429E-28
2.47189429E-28
2.47189429E-28
2.47189429E-28
2.47189429E-28
2.47189429E-28
2.47189429E-28
2.47189429E-28
2.47189429E-28
2.47189429E-28
2.19531902E-28
2.19531902E-28
2.19531902E-28
2.19531902E-28
2.19531902E-28
2.19531902E-28
2.19531902E-28
2.19531902E-28
2.19531902E-28
2.19531902E-28
2.19531902E-28
2.19531902E-28
2.19531902E-28
2.19531902E-28
2.19531902E-28
2.19531902E-28
2.19531902E-28
2.19531902E-28
2.19531902E-28
2.19531902E-28
2.19531902E-28
2.19531902E-28
1.94968920E-28
1.94968920E-28
1.94968920E-28
1.94968920E-28
1.94968920E-28
1.94968920E-28
1.94968920E-28
1.94968920E-28
1.94968920E-28
1.94968920E-28
1.94968920E-28
1.94968920E-28
1.94968920E-28
1.94968920E-28
1.94968920E-28
1.94968920E-28
1.94968920E-28
1.94968920E-28
1.94968920E-28
1.94968920E-28
1.94968920E-28
1.73154241E-28
1.73154241E-28
1.73154241E-28
1.73154241E-28
1.73154241E-28
1.73154241E-28
1.73154241E-28
1.73154241E-28
1.73154241E-28
1.73154241E-28
1.73154241E-28
1.73154241E-28
1.73154241E-28
1.73154241E-28
1.73154241E-28
1.73154241E-28
1.73154241E-28
1.73154241E-28
1.73154241E-28
1.73154241E-28
1.73154241E-28
1.73154241E-28
1.53780362E-28
1.53780362E-28
1.53780362E-28
1.53780362E-28
1.53780362E-28
1.53780362E-28
1.53780362E-28
1.53780362E-28
1.53780362E-28
1.53780362E-28
1.53780362E-28
1.53780362E-28
1.53780362E-28
1.53780362E-28
1.53780362E-28
1.53780362E-28
1.53780362E-28
1.53780362E-28
1.53780362E-28
1.53780362E-28
1.53780362E-28
1.36574187E-28
1.36574187E-28
1.36574187E-28
1.36574187E-28
1.36574187E-28
1.36574187E-28
1.36574187E-28
1.36574187E-28
1.36574187E-28
1.36574187E-28
1.36574187E-28
1.36574187E-28
1.36574187E-28
1.36574187E-28
1.36574187E-28
1.36574187E-28
1.36574187E-28
1.36574187E-28
1.36574187E-28
1.36574187E-28
1.36574187E-28
1.36574187E-28
1.21293177E-28
1.21293177E-28
1.21293177E-28
1.21293177E-28
1.21293177E-28
1.21293177E-28
1.21293177E-28
1.21293177E-28
1.21293177E-28
1.21293177E-28
1.21293177E-28
1.21293177E-28
1.21293177E-28
1.21293177E-28
1.21293177E-28
1.21293177E-28
1.21293177E-28
1.21293177E-28
1.21293177E-28
1.21293177E-28
1.21293177E-28
1.07721928E-28
1.07721928E-28
1.07721928E-28
1.07721928E-28
1.07721928E-28
1.07721928E-28
1.07721928E-28
1.07721928E-28
1.07721928E-28
1.07721928E-28
1.07721928E-28
1.07721928E-28
1.07721928E-28
1.07721928E-28
1.07721928E-28
1.07721928E-28
1.07721928E-28
1.07721928E-28
1.07721928E-28
1.07721928E-28
1.07721928E-28
1.07721928E-28
9.56691382E-29
9.56691382E-29
9.56691382E-29
9.56691382E-29
9.56691382E-29
9.56691382E-29
9.56691382E-29
9.56691382E-29
9.56691382E-29
9.56691382E-29
9.56691382E-29
9.56691382E-29
9.56691382E-29
9.56691382E-29
9.56691382E-29
9.56691382E-29
9.56691382E-29
9.56691382E-29
9.56691382E-29
9.56691382E-29
9.56691382E-29
8.49649112E-29
8.49649112E-29
8.49649112E-29
8.49649112E-29
8.49649112E-29
8.49649112E-29
8.49649112E-29
8.49649112E-29
8.49649112E-29
8.49649112E-29
8.49649112E-29
8.49649112E-29
8.49649112E-29
8.49649112E-29
8.49649112E-29
8.49649112E-29
8.49649112E-29
8.49649112E-29
8.49649112E-29
8.49649112E-29
8.49649112E-29
8.49649112E-29
7.54583586E-29
7.54583586E-29
7.54583586E-29
7.54583586E-29
7.54583586E-29
7.54583586E-29
7.54583586E-29
7.54583586E-29
7.54583586E-29
7.54583586E-29
7.54583586E-29
7.54583586E-29
7.54583586E-29
7.54583586E-29
7.54583586E-29
7.54583586E-29
7.54583586E-29
7.54583586E-29
7.54583586E-29
7.54583586E-29
7.54583586E-29
6.70154750E-29
6.70154750E-29
6.70154750E-29
6.70154750E-29
6.70154750E-29
6.70154750E-29
6.70154750E-29
6.70154750E-29
6.70154750E-29
6.70154750E-29
6.70154750E-29
6.70154750E-29
6.70154750E-29
6.70154750E-29
6.70154750E-29
6.70154750E-29
6.70154750E-29
6.70154750E-29
6.70154750E-29
6.70154750E-29
6.70154750E-29
6.70154750E-29
5.95172486E-29
5.95172486E-29
5.95172486E-29
5.95172486E-29
5.95172486E-29
5.95172486E-29
5.95172486E-29
5.95172486E-29
5.95172486E-29
5.95172486E-29
5.95172486E-29
5.95172486E-29
5.95172486E-29
5.95172486E-29
5.95172486E-29
5.95172486E-29
5.95172486E-29
5.95172486E-29
5.95172486E-29
5.95172486E-29
5.95172486E-29
5.28579836E-29
5.28579836E-29
5.28579836E-29
5.28579836E-29
5.28579836E-29
5.28579836E-29
5.28579836E-29
5.28579836E-29
5.28579836E-29
5.28579836E-29
5.28579836E-29
5.28579836E-29
5.28579836E-29
5.28579836E-29
5.28579836E-29
5.28579836E-29
5.28579836E-29
5.28579836E-29
5.28579836E-29
5.28579836E-29
5.28579836E-29
5.28579836E-29
4.69438104E-29
4.69438104E-29
4.69438104E-29
4.69438104E-29
4.69438104E-29
4.69438104E-29
4.69438104E-29
4.69438104E-29
4.69438104E-29
4.69438104E-29
4.69438104E-29
4.69438104E-29
4.69438104E-29
4.69438104E-29
4.69438104E-29
4.69438104E-29
4.69438104E-29
4.69438104E-29
4.69438104E-29
4.69438104E-29
4.69438104E-29
4.16913621E-29
4.16913621E-29
4.16913621E-29
4.16913621E-29
4.16913621E-29
4.16913621E-29
4.16913621E-29
4.16913621E-29
4.16913621E-29
4.16913621E-29
4.16913621E-29
4.16913621E-29
4.16913621E-29
4.16913621E-29
4.16913621E-29
4.16913621E-29
4.16913621E-29
4.16913621E-29
4.16913621E-29
4.16913621E-29
4.16913621E-29
4.16913621E-29
3.70265996E-29
3.70265996E-29
3.70265996E-29
3.70265996E-29
3.70265996E-29
3.70265996E-29
3.70265996E-29
3.70265996E-29
3.70265996E-29
3.70265996E-29
3.70265996E-29
3.70265996E-29
3.70265996E-29
3.70265996E-29
3.70265996E-29
3.70265996E-29
3.70265996E-29
3.70265996E-29
3.70265996E-29
3.70265996E-29
3.70265996E-29
3.28837680E-29
3.28837680E-29
3.28837680E-29
3.28837680E-29
3.28837680E-29
3.28837680E-29
3.28837680E-29
3.28837680E-29
3.28837680E-29
3.28837680E-29
3.28837680E-29
3.28837680E-29
3.28837680E-29
3.28837680E-29
3.28837680E-29
3.28837680E-29
3.28837680E-29
3.28837680E-29
3.28837680E-29
3.28837680E-29
3.28837680E-29
3.28837680E-29
2.92044695E-29
2.92044695E-29
2.92044695E-29
2.92044695E-29
2.92044695E-29
2.92044695E-29
2.92044695E-29
2.92044695E-29
2.92044695E-29
2.92044695E-29
2.92044695E-29
2.92044695E-29
2.92044695E-29
2.92044695E-29
2.92044695E-29
2.92044695E-29
2.92044695E-29
2.92044695E-29
2.92044695E-29
2.92044695E-29
2.92044695E-29
2.59368403E-29
2.59368403E-29
2.59368403E-29
2.59368403E-29
2.59368403E-29
2.59368403E-29
2.59368403E-29
2.59368403E-29
2.59368403E-29
2.59368403E-29
2.59368403E-29
2.59368403E-29
2.59368403E-29
2.59368403E-29
2.59368403E-29
2.59368403E-29
2.59368403E-29
2.59368403E-29
2.59368403E-29
2.59368403E-29
2.59368403E-29
2.59368403E-29
2.30348195E-29
2.30348195E-29
2.30348195E-29
2.30348195E-29
2.30348195E-29
2.30348195E-29
2.30348195E-29
2.30348195E-29
2.30348195E-29
2.30348195E-29
2.30348195E-29
2.30348195E-29
2.30348195E-29
2.30348195E-29
2.30348195E-29
2.30348195E-29
2.30348195E-29
2.30348195E-29
2.30348195E-29
2.30348195E-29
2.30348195E-29
2.04575000E-29
2.04575000E-29
2.04575000E-29
2.04575000E-29
2.04575000E-29
2.04575000E-29
2.04575000E-29
2.04575000E-29
2.04575000E-29
2.04575000E-29
2.04575000E-29
2.04575000E-29
2.04575000E-29
2.04575000E-29
2.04575000E-29
2.04575000E-29
2.04575000E-29
2.04575000E-29
2.04575000E-29
2.04575000E-29
2.04575000E-29
2.04575000E-29
1.81685516E-29
1.81685516E-29
1.81685516E-29
1.81685516E-29
1.81685516E-29
1.81685516E-29
1.81685516E-29
1.81685516E-29
1.81685516E-29
1.81685516E-29
1.81685516E-29
1.81685516E-29
1.81685516E-29
1.81685516E-29
1.81685516E-29
1.81685516E-29
1.81685516E-29
1.81685516E-29
1.81685516E-29
1.81685516E-29
1.81685516E-29
1.61357090E-29
1.61357090E-29
1.61357090E-29
1.61357090E-29
1.61357090E-29
1.61357090E-29
1.61357090E-29
1.61357090E-29
1.61357090E-29
1.61357090E-29
1.61357090E-29
1.61357090E-29
1.61357090E-29
1.61357090E-29
1.61357090E-29
1.61357090E-29
1.61357090E-29
1.61357090E-29
1.61357090E-29
1.61357090E-29
1.61357090E-29
1.61357090E-29
1.43303170E-29
1.43303170E-29
1.43303170E-29
1.43303170E-29
1.43303170E-29
1.43303170E-29
1.43303170E-29
1.43303170E-29
1.43303170E-29
1.43303170E-29
1.43303170E-29
1.43303170E-29
1.43303170E-29
1.43303170E-29
1.43303170E-29
1.43303170E-29
1.43303170E-29
1.43303170E-29
1.43303170E-29
1.43303170E-29
1.43303170E-29
1.27269267E-29
1.27269267E-29
1.27269267E-29
1.27269267E-29
1.27269267E-29
1.27269267E-29
1.27269267E-29
1.27269267E-29
1.27269267E-29
1.27269267E-29
1.27269267E-29
1.27269267E-29
1.27269267E-29
1.27269267E-29
1.27269267E-29
1.27269267E-29
1.27269267E-29
1.27269267E-29
1.27269267E-29
1.27269267E-29
1.27269267E-29
1.27269267E-29
1.13029366E-29
1.13029366E-29
1.13029366E-29
1.13029366E-29
1.13029366E-29
1.13029366E-29
1.13029366E-29
1.13029366E-29
1.13029366E-29
1.13029366E-29
1.13029366E-29
1.13029366E-29
1.13029366E-29
1.13029366E-29
1.13029366E-29
1.13029366E-29
1.13029366E-29
1.13029366E-29
1.13029366E-29
1.13029366E-29
1.13029366E-29
1.00382738E-29
1.00382738E-29
1.00382738E-29
1.00382738E-29
1.00382738E-29
1.00382738E-29
1.00382738E-29
1.00382738E-29
1.00382738E-29
1.00382738E-29
1.00382738E-29
1.00382738E-29
1.00382738E-29
1.00382738E-29
1.00382738E-29
1.00382738E-29
1.00382738E-29
1.00382738E-29
1.00382738E-29
1.00382738E-29
1.00382738E-29
1.00382738E-29
8.91511157E-30
8.91511157E-30
8.91511157E-30
8.91511157E-30
8.91511157E-30
8.91511157E-30
8.91511157E-30
8.91511157E-30
8.91511157E-30
8.91511157E-30
8.91511157E-30
8.91511157E-30
8.91511157E-30
8.91511157E-30
8.91511157E-30
8.91511157E-30
8.91511157E-30
8.91511157E-30
8.91511157E-30
8.91511157E-30
8.91511157E-30
7.91761771E-30
7.91761771E-30
7.91761771E-30
7.91761771E-30
7.91761771E-30
7.91761771E-30
7.91761771E-30
7.91761771E-30
7.91761771E-30
7.91761771E-30
7.91761771E-30
7.91761771E-30
7.91761771E-30
7.91761771E-30
7.91761771E-30
7.91761771E-30
7.91761771E-30
7.91761771E-30
7.91761771E-30
7.91761771E-30
7.91761771E-30
7.91761771E-30
7.03173142E-30
7.03173142E-30
7.03173142E-30
7.03173142E-30
7.03173142E-30
7.03173142E-30
7.03173142E-30
7.03173142E-30
7.03173142E-30
7.03173142E-30
7.03173142E-30
7.03173142E-30
7.03173142E-30
7.03173142E-30
7.03173142E-30
7.03173142E-30
7.03173142E-30
7.03173142E-30
7.03173142E-30
7.03173142E-30
7.03173142E-30
6.24496517E-30
6.24496517E-30
6.24496517E-30
6.24496517E-30
6.24496517E-30
6.24496517E-30
6.24496517E-30
6.24496517E-30
6.24496517E-30
6.24496517E-30
6.24496517E-30
6.24496517E-30
6.24496517E-30
6.24496517E-30
6.24496517E-30
6.24496517E-30
6.24496517E-30
6.24496517E-30
6.24496517E-30
6.24496517E-30
6.24496517E-30
6.24496517E-30
5.54622861E-30
5.54622861E-30
5.54622861E-30
5.54622861E-30
5.54622861E-30
5.54622861E-30
5.54622861E-30
5.54622861E-30
5.54622861E-30
5.54622861E-30
5.54622861E-30
5.54622861E-30
5.54622861E-30
5.54622861E-30
5.54622861E-30
5.54622861E-30
5.54622861E-30
5.54622861E-30
5.54622861E-30
5.54622861E-30
5.54622861E-30
4.92567227E-30
4.92567227E-30
4.92567227E-30
4.92567227E-30
4.92567227E-30
4.92567227E-30
4.92567227E-30
4.92567227E-30
4.92567227E-30
4.92567227E-30
4.92567227E-30
4.92567227E-30
4.92567227E-30
4.92567227E-30
4.92567227E-30
4.92567227E-30
4.92567227E-30
4.92567227E-30
4.92567227E-30
4.92567227E-30
4.92567227E-30
4.92567227E-30
4.37454873E-30
4.37454873E-30
4.37454873E-30
4.37454873E-30
4.37454873E-30
4.37454873E-30
4.37454873E-30
4.37454873E-30
4.37454873E-30
4.37454873E-30
4.37454873E-30
4.37454873E-30
4.37454873E-30
4.37454873E-30
4.37454873E-30
4.37454873E-30
4.37454873E-30
4.37454873E-30
4.37454873E-30
4.37454873E-30
4.37454873E-30
3.88508929E-30
3.88508929E-30
3.88508929E-30
3.88508929E-30
3.88508929E-30
3.88508929E-30
3.88508929E-30
3.88508929E-30
3.88508929E-30
3.88508929E-30
3.88508929E-30
3.88508929E-30
3.88508929E-30
3.88508929E-30
3.88508929E-30
3.88508929E-30
3.88508929E-30
3.88508929E-30
3.88508929E-30
3.88508929E-30
3.88508929E-30
3.88508929E-30
3.45039448E-30
3.45039448E-30
3.45039448E-30
3.45039448E-30
3.45039448E-30
3.45039448E-30
3.45039448E-30
3.45039448E-30
3.45039448E-30
3.45039448E-30
3.45039448E-30
3.45039448E-30
3.45039448E-30
3.45039448E-30
3.45039448E-30
3.45039448E-30
3.45039448E-30
3.45039448E-30
3.45039448E-30
3.45039448E-30
3.45039448E-30
3.06433680E-30
3.06433680E-30
3.06433680E-30
3.06433680E-30
3.06433680E-30
3.06433680E-30
3.06433680E-30
3.06433680E-30
3.06433680E-30
3.06433680E-30
3.06433680E-30
3.06433680E-30
3.06433680E-30
3.06433680E-30
3.06433680E-30
3.06433680E-30
3.06433680E-30
3.06433680E-30
3.06433680E-30
3.06433680E-30
3.06433680E-30
3.06433680E-30
2.72147433E-30
2.72147433E-30
2.72147433E-30
2.72147433E-30
2.72147433E-30
2.72147433E-30
2.72147433E-30
2.72147433E-30
2.72147433E-30
2.72147433E-30
2.72147433E-30
2.72147433E-30
2.72147433E-30
2.72147433E-30
2.72147433E-30
2.72147433E-30
2.72147433E-30
2.72147433E-30
2.72147433E-30
2.72147433E-30
2.72147433E-30
2.41697406E-30
2.41697406E-30
2.41697406E-30
2.41697406E-30
2.41697406E-30
2.41697406E-30
2.41697406E-30
2.41697406E-30
2.41697406E-30
2.41697406E-30
2.41697406E-30
2.41697406E-30
2.41697406E-30
2.41697406E-30
2.41697406E-30
2.41697406E-30
2.41697406E-30
2.41697406E-30
2.41697406E-30
2.41697406E-30
2.41697406E-30
2.41697406E-30
2.14654370E-30
2.14654370E-30
2.14654370E-30
2.14654370E-30
2.14654370E-30
2.14654370E-30
2.14654370E-30
2.14654370E-30
2.14654370E-30
2.14654370E-30
2.14654370E-30
2.14654370E-30
2.14654370E-30
2.14654370E-30
2.14654370E-30
2.14654370E-30
2.14654370E-30
2.14654370E-30
2.14654370E-30
2.14654370E-30
2.14654370E-30
1.90637125E-30
1.90637125E-30
1.90637125E-30
1.90637125E-30
1.90637125E-30
1.90637125E-30
1.90637125E-30
1.90637125E-30
1.90637125E-30
1.90637125E-30
1.90637125E-30
1.90637125E-30
1.90637125E-30
1.90637125E-30
1.90637125E-30
1.90637125E-30
1.90637125E-30
1.90637125E-30
1.90637125E-30
1.90637125E-30
1.90637125E-30
1.90637125E-30
1.69307122E-30
1.69307122E-30
1.69307122E-30
1.69307122E-30
1.69307122E-30
1.69307122E-30
1.69307122E-30
1.69307122E-30
1.69307122E-30
1.69307122E-30
1.69307122E-30
1.69307122E-30
1.69307122E-30
1.69307122E-30
1.69307122E-30
1.69307122E-30
1.69307122E-30
1.69307122E-30
1.69307122E-30
1.69307122E-30
1.69307122E-30
1.50363689E-30
1.50363689E-30
1.50363689E-30
1.50363689E-30
1.50363689E-30
1.50363689E-30
1.50363689E-30
1.50363689E-30
1.50363689E-30
1.50363689E-30
1.50363689E-30
1.50363689E-30
1.50363689E-30
1.50363689E-30
1.50363689E-30
1.50363689E-30
1.50363689E-30
1.50363689E-30
1.50363689E-30
1.50363689E-30
1.50363689E-30
1.50363689E-30
1.33539799E-30
1.33539799E-30
1.33539799E-30
1.33539799E-30
1.33539799E-30
1.33539799E-30
1.33539799E-30
1.33539799E-30
1.33539799E-30
1.33539799E-30
1.33539799E-30
1.33539799E-30
1.33539799E-30
1.33539799E-30
1.33539799E-30
1.33539799E-30
1.33539799E-30
1.33539799E-30
1.33539799E-30
1.33539799E-30
1.33539799E-30
1.18598300E-30
1.18598300E-30
1.18598300E-30
1.18598300E-30
1.18598300E-30
1.18598300E-30
1.18598300E-30
1.18598300E-30
1.18598300E-30
1.18598300E-30
1.18598300E-30
1.18598300E-30
1.18598300E-30
1.18598300E-30
1.18598300E-30
1.18598300E-30
1.18598300E-30
1.18598300E-30
1.18598300E-30
1.18598300E-30
1.18598300E-30
1.18598300E-30
1.05328576E-30
1.05328576E-30
1.05328576E-30
1.05328576E-30
1.05328576E-30
1.05328576E-30
1.05328576E-30
1.05328576E-30
1.05328576E-30
1.05328576E-30
1.05328576E-30
1.05328576E-30
1.05328576E-30
1.05328576E-30
1.05328576E-30
1.05328576E-30
1.05328576E-30
1.05328576E-30
1.05328576E-30
1.05328576E-30
1.05328576E-30
9.35435736E-31
9.35435736E-31
9.35435736E-31
9.35435736E-31
9.35435736E-31
9.35435736E-31
9.35435736E-31
9.35435736E-31
9.35435736E-31
9.35435736E-31
9.35435736E-31
9.35435736E-31
9.35435736E-31
9.35435736E-31
9.35435736E-31
9.35435736E-31
9.35435736E-31
9.35435736E-31
9.35435736E-31
9.35435736E-31
9.35435736E-31
9.35435736E-31
8.30771717E-31
8.30771717E-31
8.30771717E-31
8.30771717E-31
8.30771717E-31
8.30771717E-31
8.30771717E-31
8.30771717E-31
8.30771717E-31
8.30771717E-31
8.30771717E-31
8.30771717E-31
8.30771717E-31
8.30771717E-31
8.30771717E-31
8.30771717E-31
8.30771717E-31
8.30771717E-31
8.30771717E-31
8.30771717E-31
8.30771717E-31
7.37818345E-31
7.37818345E-31
7.37818345E-31
7.37818345E-31
7.37818345E-31
7.37818345E-31
7.37818345E-31
7.37818345E-31
7.37818345E-31
7.37818345E-31
7.37818345E-31
7.37818345E-31
7.37818345E-31
7.37818345E-31
7.37818345E-31
7.37818345E-31
7.37818345E-31
7.37818345E-31
7.37818345E-31
7.37818345E-31
7.37818345E-31
7.37818345E-31
6.55265337E-31
6.55265337E-31
6.55265337E-31
6.55265337E-31
6.55265337E-31
6.55265337E-31
6.55265337E-31
6.55265337E-31
6.55265337E-31
6.55265337E-31
6.55265337E-31
6.55265337E-31
6.55265337E-31
6.55265337E-31
6.55265337E-31
6.55265337E-31
6.55265337E-31
6.55265337E-31
6.55265337E-31
6.55265337E-31
6.55265337E-31
5.81949020E-31
5.81949020E-31
5.81949020E-31
5.81949020E-31
5.81949020E-31
5.81949020E-31
5.81949020E-31
5.81949020E-31
5.81949020E-31
5.81949020E-31
5.81949020E-31
5.81949020E-31
5.81949020E-31
5.81949020E-31
5.81949020E-31
5.81949020E-31
5.81949020E-31
5.81949020E-31
5.81949020E-31
5.81949020E-31
5.81949020E-31
5.81949020E-31
5.16835917E-31
5.16835917E-31
5.16835917E-31
5.16835917E-31
5.16835917E-31
5.16835917E-31
5.16835917E-31
5.16835917E-31
5.16835917E-31
5.16835917E-31
5.16835917E-31
5.16835917E-31
5.16835917E-31
5.16835917E-31
5.16835917E-31
5.16835917E-31
5.16835917E-31
5.16835917E-31
5.16835917E-31
5.16835917E-31
5.16835917E-31
4.59008189E-31
4.59008189E-31
4.59008189E-31
4.59008189E-31
4.59008189E-31
4.59008189E-31
4.59008189E-31
4.59008189E-31
4.59008189E-31
4.59008189E-31
4.59008189E-31
4.59008189E-31
4.59008189E-31
4.59008189E-31
4.59008189E-31
4.59008189E-31
4.59008189E-31
4.59008189E-31
4.59008189E-31
4.59008189E-31
4.59008189E-31
4.59008189E-31
4.07650688E-31
4.07650688E-31
4.07650688E-31
4.07650688E-31
4.07650688E-31
4.07650688E-31
4.07650688E-31
4.07650688E-31
4.07650688E-31
4.07650688E-31
4.07650688E-31
4.07650688E-31
4.07650688E-31
4.07650688E-31
4.07650688E-31
4.07650688E-31
4.07650688E-31
4.07650688E-31
4.07650688E-31
4.07650688E-31
4.07650688E-31
3.62039474E-31
3.62039474E-31
3.62039474E-31
3.62039474E-31
3.62039474E-31
3.62039474E-31
3.62039474E-31
3.62039474E-31
3.62039474E-31
3.62039474E-31
3.62039474E-31
3.62039474E-31
3.62039474E-31
3.62039474E-31
3.62039474E-31
3.62039474E-31
3.62039474E-31
3.62039474E-31
3.62039474E-31
3.62039474E-31
3.62039474E-31
3.62039474E-31
3.21531607E-31
3.21531607E-31
3.21531607E-31
3.21531607E-31
3.21531607E-31
3.21531607E-31
3.21531607E-31
3.21531607E-31
3.21531607E-31
3.21531607E-31
3.21531607E-31
3.21531607E-31
3.21531607E-31
3.21531607E-31
3.21531607E-31
3.21531607E-31
3.21531607E-31
3.21531607E-31
3.21531607E-31
3.21531607E-31
3.21531607E-31
2.85556084E-31
2.85556084E-31
2.85556084E-31
2.85556084E-31
2.85556084E-31
2.85556084E-31
2.85556084E-31
2.85556084E-31
2.85556084E-31
2.85556084E-31
2.85556084E-31
2.85556084E-31
2.85556084E-31
2.85556084E-31
2.85556084E-31
2.85556084E-31
2.85556084E-31
2.85556084E-31
2.85556084E-31
2.85556084E-31
2.85556084E-31
2.85556084E-31
2.53605789E-31
2.53605789E-31
2.53605789E-31
2.53605789E-31
2.53605789E-31
2.53605789E-31
2.53605789E-31
2.53605789E-31
2.53605789E-31
2.53605789E-31
2.53605789E-31
2.53605789E-31
2.53605789E-31
2.53605789E-31
2.53605789E-31
2.53605789E-31
2.53605789E-31
2.53605789E-31
2.53605789E-31
2.53605789E-31
2.53605789E-31
2.25230349E-31
2.25230349E-31
2.25230349E-31
2.25230349E-31
2.25230349E-31
2.25230349E-31
2.25230349E-31
2.25230349E-31
2.25230349E-31
2.25230349E-31
2.25230349E-31
2.25230349E-31
2.25230349E-31
2.25230349E-31
2.25230349E-31
2.25230349E-31
2.25230349E-31
2.25230349E-31
2.25230349E-31
2.25230349E-31
2.25230349E-31
2.25230349E-31
2.00029779E-31
2.00029779E-31
2.00029779E-31
2.00029779E-31
2.00029779E-31
2.00029779E-31
2.00029779E-31
2.00029779E-31
2.00029779E-31
2.00029779E-31
2.00029779E-31
2.00029779E-31
2.00029779E-31
2.00029779E-31
2.00029779E-31
2.00029779E-31
2.00029779E-31
2.00029779E-31
2.00029779E-31
2.00029779E-31
2.00029779E-31
1.77648850E-31
1.77648850E-31
1.77648850E-31
1.77648850E-31
1.77648850E-31
1.77648850E-31
1.77648850E-31
1.77648850E-31
1.77648850E-31
1.77648850E-31
1.77648850E-31
1.77648850E-31
1.77648850E-31
1.77648850E-31
1.77648850E-31
1.77648850E-31
1.77648850E-31
1.77648850E-31
1.77648850E-31
1.77648850E-31
1.77648850E-31
1.77648850E-31
1.57772079E-31
1.57772079E-31
1.57772079E-31
1.57772079E-31
1.57772079E-31
1.57772079E-31
1.57772079E-31
1.57772079E-31
1.57772079E-31
1.57772079E-31
1.57772079E-31
1.57772079E-31
1.57772079E-31
1.57772079E-31
1.57772079E-31
1.57772079E-31
1.57772079E-31
1.57772079E-31
1.57772079E-31
1.57772079E-31
1.57772079E-31
1.40119279E-31
1.40119279E-31
1.40119279E-31
1.40119279E-31
1.40119279E-31
1.40119279E-31
1.40119279E-31
1.40119279E-31
1.40119279E-31
1.40119279E-31
1.40119279E-31
1.40119279E-31
1.40119279E-31
1.40119279E-31
1.40119279E-31
1.40119279E-31
1.40119279E-31
1.40119279E-31
1.40119279E-31
1.40119279E-31
1.40119279E-31
1.40119279E-31
1.24441615E-31
1.24441615E-31
1.24441615E-31
1.24441615E-31
1.24441615E-31
1.24441615E-31
1.24441615E-31
1.24441615E-31
1.24441615E-31
1.24441615E-31
1.24441615E-31
1.24441615E-31
1.24441615E-31
1.24441615E-31
1.24441615E-31
1.24441615E-31
1.24441615E-31
1.24441615E-31
1.24441615E-31
1.24441615E-31
1.24441615E-31
1.10518094E-31
1.10518094E-31
1.10518094E-31
1.10518094E-31
1.10518094E-31
1.10518094E-31
1.10518094E-31
1.10518094E-31
1.10518094E-31
1.10518094E-31
1.10518094E-31
1.10518094E-31
1.10518094E-31
1.10518094E-31
1.10518094E-31
1.10518094E-31
1.10518094E-31
1.10518094E-31
1.10518094E-31
1.10518094E-31
1.10518094E-31
1.10518094E-31
9.81524470E-32
9.81524470E-32
9.81524470E-32
9.81524470E-32
9.81524470E-32
9.81524470E-32
9.81524470E-32
9.81524470E-32
9.81524470E-32
9.81524470E-32
9.81524470E-32
9.81524470E-32
9.81524470E-32
9.81524470E-32
9.81524470E-32
9.81524470E-32
9.81524470E-32
9.81524470E-32
9.81524470E-32
9.81524470E-32
9.81524470E-32
8.71703676E-32
8.71703676E-32
8.71703676E-32
8.71703676E-32
8.71703676E-32
8.71703676E-32
8.71703676E-32
8.71703676E-32
8.71703676E-32
8.71703676E-32
8.71703676E-32
8.71703676E-32
8.71703676E-32
8.71703676E-32
8.71703676E-32
8.71703676E-32
8.71703676E-32
8.71703676E-32
8.71703676E-32
8.71703676E-32
8.71703676E-32
8.71703676E-32
7.74170509E-32
7.74170509E-32
7.74170509E-32
7.74170509E-32
7.74170509E-32
7.74170509E-32
7.74170509E-32
7.74170509E-32
7.74170509E-32
7.74170509E-32
7.74170509E-32
7.74170509E-32
7.74170509E-32
7.74170509E-32
7.74170509E-32
7.74170509E-32
7.74170509E-32
7.74170509E-32
7.74170509E-32
7.74170509E-32
7.74170509E-32
6.87550132E-32
6.87550132E-32
6.87550132E-32
6.87550132E-32
6.87550132E-32
6.87550132E-32
6.87550132E-32
6.87550132E-32
6.87550132E-32
6.87550132E-32
6.87550132E-32
6.87550132E-32
6.87550132E-32
6.87550132E-32
6.87550132E-32
6.87550132E-32
6.87550132E-32
6.87550132E-32
6.87550132E-32
6.87550132E-32
6.87550132E-32
6.87550132E-32
6.10621534E-32
6.10621534E-32
6.10621534E-32
6.10621534E-32
6.10621534E-32
6.10621534E-32
6.10621534E-32
6.10621534E-32
6.10621534E-32
6.10621534E-32
6.10621534E-32
6.10621534E-32
6.10621534E-32
6.10621534E-32
6.10621534E-32
6.10621534E-32
6.10621534E-32
6.10621534E-32
6.10621534E-32
6.10621534E-32
6.10621534E-32
5.42300321E-32
5.42300321E-32
5.42300321E-32
5.42300321E-32
5.42300321E-32
5.42300321E-32
5.42300321E-32
5.42300321E-32
5.42300321E-32
5.42300321E-32
5.42300321E-32
5.42300321E-32
5.42300321E-32
5.42300321E-32
5.42300321E-32
5.42300321E-32
5.42300321E-32
5.42300321E-32
5.42300321E-32
5.42300321E-32
5.42300321E-32
5.42300321E-32
4.81623432E-32
4.81623432E-32
4.81623432E-32
4.81623432E-32
4.81623432E-32
4.81623432E-32
4.81623432E-32
4.81623432E-32
4.81623432E-32
4.81623432E-32
4.81623432E-32
4.81623432E-32
4.81623432E-32
4.81623432E-32
4.81623432E-32
4.81623432E-32
4.81623432E-32
4.81623432E-32
4.81623432E-32
4.81623432E-32
4.81623432E-32
4.27735557E-32
4.27735557E-32
4.27735557E-32
4.27735557E-32
4.27735557E-32
4.27735557E-32
4.27735557E-32
4.27735557E-32
4.27735557E-32
4.27735557E-32
4.27735557E-32
4.27735557E-32
4.27735557E-32
4.27735557E-32
4.27735557E-32
4.27735557E-32
4.27735557E-32
4.27735557E-32
4.27735557E-32
4.27735557E-32
4.27735557E-32
4.27735557E-32
3.79877088E-32
3.79877088E-32
3.79877088E-32
3.79877088E-32
3.79877088E-32
3.79877088E-32
3.79877088E-32
3.79877088E-32
3.79877088E-32
3.79877088E-32
3.79877088E-32
3.79877088E-32
3.79877088E-32
3.79877088E-32
3.79877088E-32
3.79877088E-32
3.79877088E-32
3.79877088E-32
3.79877088E-32
3.79877088E-32
3.79877088E-32
3.37373406E-32
3.37373406E-32
3.37373406E-32
3.37373406E-32
3.37373406E-32
3.37373406E-32
3.37373406E-32
3.37373406E-32
3.37373406E-32
3.37373406E-32
3.37373406E-32
3.37373406E-32
3.37373406E-32
3.37373406E-32
3.37373406E-32
3.37373406E-32
3.37373406E-32
3.37373406E-32
3.37373406E-32
3.37373406E-32
3.37373406E-32
3.37373406E-32
2.99625376E-32
2.99625376E-32
2.99625376E-32
2.99625376E-32
2.99625376E-32
2.99625376E-32
2.99625376E-32
2.99625376E-32
2.99625376E-32
2.99625376E-32
2.99625376E-32
2.99625376E-32
2.99625376E-32
2.99625376E-32
2.99625376E-32
2.99625376E-32
2.99625376E-32
2.99625376E-32
2.99625376E-32
2.99625376E-32
2.99625376E-32
2.66100896E-32
2.66100896E-32
2.66100896E-32
2.66100896E-32
2.66100896E-32
2.66100896E-32
2.66100896E-32
2.66100896E-32
2.66100896E-32
2.66100896E-32
2.66100896E-32
2.66100896E-32
2.66100896E-32
2.66100896E-32
2.66100896E-32
2.66100896E-32
2.66100896E-32
2.66100896E-32
2.66100896E-32
2.66100896E-32
2.66100896E-32
2.66100896E-32
2.36327404E-32
2.36327404E-32
2.36327404E-32
2.36327404E-32
2.36327404E-32
2.36327404E-32
2.36327404E-32
2.36327404E-32
2.36327404E-32
2.36327404E-32
2.36327404E-32
2.36327404E-32
2.36327404E-32
2.36327404E-32
2.36327404E-32
2.36327404E-32
2.36327404E-32
2.36327404E-32
2.36327404E-32
2.36327404E-32
2.36327404E-32
2.09885207E-32
2.09885207E-32
2.09885207E-32
2.09885207E-32
2.09885207E-32
2.09885207E-32
2.09885207E-32
2.09885207E-32
2.09885207E-32
2.09885207E-32
2.09885207E-32
2.09885207E-32
2.09885207E-32
2.09885207E-32
2.09885207E-32
2.09885207E-32
2.09885207E-32
2.09885207E-32
2.09885207E-32
2.09885207E-32
2.09885207E-32
2.09885207E-32
1.86401574E-32
1.86401574E-32
1.86401574E-32
1.86401574E-32
1.86401574E-32
1.86401574E-32
1.86401574E-32
1.86401574E-32
1.86401574E-32
1.86401574E-32
1.86401574E-32
1.86401574E-32
1.86401574E-32
1.86401574E-32
1.86401574E-32
1.86401574E-32
1.86401574E-32
1.86401574E-32
1.86401574E-32
1.86401574E-32
1.86401574E-32
1.65545478E-32
1.65545478E-32
1.65545478E-32
1.65545478E-32
1.65545478E-32
1.65545478E-32
1.65545478E-32
1.65545478E-32
1.65545478E-32
1.65545478E-32
1.65545478E-32
1.65545478E-32
1.65545478E-32
1.65545478E-32
1.65545478E-32
1.65545478E-32
1.65545478E-32
1.65545478E-32
1.65545478E-32
1.65545478E-32
1.65545478E-32
1.65545478E-32
1.47022928E-32
1.47022928E-32
1.47022928E-32
1.47022928E-32
1.47022928E-32
1.47022928E-32
1.47022928E-32
1.47022928E-32
1.47022928E-32
1.47022928E-32
1.47022928E-32
1.47022928E-32
1.47022928E-32
1.47022928E-32
1.47022928E-32
1.47022928E-32
1.47022928E-32
1.47022928E-32
1.47022928E-32
1.47022928E-32
1.47022928E-32
1.30572829E-32
1.30572829E-32
1.30572829E-32
1.30572829E-32
1.30572829E-32
1.30572829E-32
1.30572829E-32
1.30572829E-32
1.30572829E-32
1.30572829E-32
1.30572829E-32
1.30572829E-32
1.30572829E-32
1.30572829E-32
1.30572829E-32
1.30572829E-32
1.30572829E-32
1.30572829E-32
1.30572829E-32
1.30572829E-32
1.30572829E-32
1.30572829E-32
1.15963298E-32
1.15963298E-32
1.15963298E-32
1.15963298E-32
1.15963298E-32
1.15963298E-32
1.15963298E-32
1.15963298E-32
1.15963298E-32
1.15963298E-32
1.15963298E-32
1.15963298E-32
1.15963298E-32
1.15963298E-32
1.15963298E-32
1.15963298E-32
1.15963298E-32
1.15963298E-32
1.15963298E-32
1.15963298E-32
1.15963298E-32
1.02988399E-32
1.02988399E-32
1.02988399E-32
1.02988399E-32
1.02988399E-32
1.02988399E-32
1.02988399E-32
1.02988399E-32
1.02988399E-32
1.02988399E-32
1.02988399E-32
1.02988399E-32
1.02988399E-32
1.02988399E-32
1.02988399E-32
1.02988399E-32
1.02988399E-32
1.02988399E-32
1.02988399E-32
1.02988399E-32
1.02988399E-32
1.02988399E-32
9.14652345E-33
9.14652345E-33
9.14652345E-33
9.14652345E-33
9.14652345E-33
9.14652345E-33
9.14652345E-33
9.14652345E-33
9.14652345E-33
9.14652345E-33
9.14652345E-33
9.14652345E-33
9.14652345E-33
9.14652345E-33
9.14652345E-33
9.14652345E-33
9.14652345E-33
9.14652345E-33
9.14652345E-33
9.14652345E-33
9.14652345E-33
8.12313738E-33
8.12313738E-33
8.12313738E-33
8.12313738E-33
8.12313738E-33
8.12313738E-33
8.12313738E-33
8.12313738E-33
8.12313738E-33
8.12313738E-33
8.12313738E-33
8.12313738E-33
8.12313738E-33
8.12313738E-33
8.12313738E-33
8.12313738E-33
8.12313738E-33
8.12313738E-33
8.12313738E-33
8.12313738E-33
8.12313738E-33
8.12313738E-33
7.21425591E-33
7.21425591E-33
7.21425591E-33
7.21425591E-33
7.21425591E-33
7.21425591E-33
7.21425591E-33
7.21425591E-33
7.21425591E-33
7.21425591E-33
7.21425591E-33
7.21425591E-33
7.21425591E-33
7.21425591E-33
7.21425591E-33
7.21425591E-33
7.21425591E-33
7.21425591E-33
7.21425591E-33
7.21425591E-33
7.21425591E-33
6.40706736E-33
6.40706736E-33
6.40706736E-33
6.40706736E-33
6.40706736E-33
6.40706736E-33
6.40706736E-33
6.40706736E-33
6.40706736E-33
6.40706736E-33
6.40706736E-33
6.40706736E-33
6.40706736E-33
6.40706736E-33
6.40706736E-33
6.40706736E-33
6.40706736E-33
6.40706736E-33
6.40706736E-33
6.40706736E-33
6.40706736E-33
6.40706736E-33
5.69019351E-33
5.69019351E-33
5.69019351E-33
5.69019351E-33
5.69019351E-33
5.69019351E-33
5.69019351E-33
5.69019351E-33
5.69019351E-33
5.69019351E-33
5.69019351E-33
5.69019351E-33
5.69019351E-33
5.69019351E-33
5.69019351E-33
5.69019351E-33
5.69019351E-33
5.69019351E-33
5.69019351E-33
5.69019351E-33
5.69019351E-33
5.05352923E-33
5.05352923E-33
5.05352923E-33
5.05352923E-33
5.05352923E-33
5.05352923E-33
5.05352923E-33
5.05352923E-33
5.05352923E-33
5.05352923E-33
5.05352923E-33
5.05352923E-33
5.05352923E-33
5.05352923E-33
5.05352923E-33
5.05352923E-33
5.05352923E-33
5.05352923E-33
5.05352923E-33
5.05352923E-33
5.05352923E-33
5.05352923E-33
4.48810003E-33
4.48810003E-33
4.48810003E-33
4.48810003E-33
4.48810003E-33
4.48810003E-33
4.48810003E-33
4.48810003E-33
4.48810003E-33
4.48810003E-33
4.48810003E-33
4.48810003E-33
4.48810003E-33
4.48810003E-33
4.48810003E-33
4.48810003E-33
4.48810003E-33
4.48810003E-33
4.48810003E-33
4.48810003E-33
4.48810003E-33
3.98593557E-33
3.98593557E-33
3.98593557E-33
3.98593557E-33
3.98593557E-33
3.98593557E-33
3.98593557E-33
3.98593557E-33
3.98593557E-33
3.98593557E-33
3.98593557E-33
3.98593557E-33
3.98593557E-33
3.98593557E-33
3.98593557E-33
3.98593557E-33
3.98593557E-33
3.98593557E-33
3.98593557E-33
3.98593557E-33
3.98593557E-33
3.98593557E-33
3.53995727E-33
3.53995727E-33
3.53995727E-33
3.53995727E-33
3.53995727E-33
3.53995727E-33
3.53995727E-33
3.53995727E-33
3.53995727E-33
3.53995727E-33
3.53995727E-33
3.53995727E-33
3.53995727E-33
3.53995727E-33
3.53995727E-33
3.53995727E-33
3.53995727E-33
3.53995727E-33
3.53995727E-33
3.53995727E-33
3.53995727E-33
3.14387859E-33
3.14387859E-33
3.14387859E-33
3.14387859E-33
3.14387859E-33
3.14387859E-33
3.14387859E-33
3.14387859E-33
3.14387859E-33
3.14387859E-33
3.14387859E-33
3.14387859E-33
3.14387859E-33
3.14387859E-33
3.14387859E-33
3.14387859E-33
3.14387859E-33
3.14387859E-33
3.14387859E-33
3.14387859E-33
3.14387859E-33
3.14387859E-33
2.79211635E-33
2.79211635E-33
2.79211635E-33
2.79211635E-33
2.79211635E-33
2.79211635E-33
2.79211635E-33
2.79211635E-33
2.79211635E-33
2.79211635E-33
2.79211635E-33
2.79211635E-33
2.79211635E-33
2.79211635E-33
2.79211635E-33
2.79211635E-33
2.79211635E-33
2.79211635E-33
2.79211635E-33
2.79211635E-33
2.79211635E-33
2.47971208E-33
2.47971208E-33
2.47971208E-33
2.47971208E-33
2.47971208E-33
2.47971208E-33
2.47971208E-33
2.47971208E-33
2.47971208E-33
2.47971208E-33
2.47971208E-33
2.47971208E-33
2.47971208E-33
2.47971208E-33
2.47971208E-33
2.47971208E-33
2.47971208E-33
2.47971208E-33
2.47971208E-33
2.47971208E-33
2.47971208E-33
2.47971208E-33
2.20226210E-33
2.20226210E-33
2.20226210E-33
2.20226210E-33
2.20226210E-33
2.20226210E-33
2.20226210E-33
2.20226210E-33
2.20226210E-33
2.20226210E-33
2.20226210E-33
2.20226210E-33
2.20226210E-33
2.20226210E-33
2.20226210E-33
2.20226210E-33
2.20226210E-33
2.20226210E-33
2.20226210E-33
2.20226210E-33
2.20226210E-33
1.95585543E-33
1.95585543E-33
1.95585543E-33
1.95585543E-33
1.95585543E-33
1.95585543E-33
1.95585543E-33
1.95585543E-33
1.95585543E-33
1.95585543E-33
1.95585543E-33
1.95585543E-33
1.95585543E-33
1.95585543E-33
1.95585543E-33
1.95585543E-33
1.95585543E-33
1.95585543E-33
1.95585543E-33
1.95585543E-33
1.95585543E-33
1.95585543E-33
1.73701871E-33
1.73701871E-33
1.73701871E-33
1.73701871E-33
1.73701871E-33
1.73701871E-33
1.73701871E-33
1.73701871E-33
1.73701871E-33
1.73701871E-33
1.73701871E-33
1.73701871E-33
1.73701871E-33
1.73701871E-33
1.73701871E-33
1.73701871E-33
1.73701871E-33
1.73701871E-33
1.73701871E-33
1.73701871E-33
1.73701871E-33
1.54266719E-33
1.54266719E-33
1.54266719E-33
1.54266719E-33
1.54266719E-33
1.54266719E-33
1.54266719E-33
1.54266719E-33
1.54266719E-33
1.54266719E-33
1.54266719E-33
1.54266719E-33
1.54266719E-33
1.54266719E-33
1.54266719E-33
1.54266719E-33
1.54266719E-33
1.54266719E-33
1.54266719E-33
1.54266719E-33
1.54266719E-33
1.54266719E-33
1.37006127E-33
1.37006127E-33
1.37006127E-33
1.37006127E-33
1.37006127E-33
1.37006127E-33
1.37006127E-33
1.37006127E-33
1.37006127E-33
1.37006127E-33
1.37006127E-33
1.37006127E-33
1.37006127E-33
1.37006127E-33
1.37006127E-33
1.37006127E-33
1.37006127E-33
1.37006127E-33
1.37006127E-33
1.37006127E-33
1.37006127E-33
1.21676787E-33
1.21676787E-33
1.21676787E-33
1.21676787E-33
1.21676787E-33
1.21676787E-33
1.21676787E-33
1.21676787E-33
1.21676787E-33
1.21676787E-33
1.21676787E-33
1.21676787E-33
1.21676787E-33
1.21676787E-33
1.21676787E-33
1.21676787E-33
1.21676787E-33
1.21676787E-33
1.21676787E-33
1.21676787E-33
1.21676787E-33
1.21676787E-33
1.08062617E-33
1.08062617E-33
1.08062617E-33
1.08062617E-33
1.08062617E-33
1.08062617E-33
1.08062617E-33
1.08062617E-33
1.08062617E-33
1.08062617E-33
1.08062617E-33
1.08062617E-33
1.08062617E-33
1.08062617E-33
1.08062617E-33
1.08062617E-33
1.08062617E-33
1.08062617E-33
1.08062617E-33
1.08062617E-33
1.08062617E-33
9.59717086E-34
9.59717086E-34
9.59717086E-34
9.59717086E-34
9.59717086E-34
9.59717086E-34
9.59717086E-34
9.59717086E-34
9.59717086E-34
9.59717086E-34
9.59717086E-34
9.59717086E-34
9.59717086E-34
9.59717086E-34
9.59717086E-34
9.59717086E-34
9.59717086E-34
9.59717086E-34
9.59717086E-34
9.59717086E-34
9.59717086E-34
9.59717086E-34
8.52336276E-34
8.52336276E-34
8.52336276E-34
8.52336276E-34
8.52336276E-34
8.52336276E-34
8.52336276E-34
8.52336276E-34
8.52336276E-34
8.52336276E-34
8.52336276E-34
8.52336276E-34
8.52336276E-34
8.52336276E-34
8.52336276E-34
8.52336276E-34
8.52336276E-34
8.52336276E-34
8.52336276E-34
8.52336276E-34
8.52336276E-34
7.56970088E-34
7.56970088E-34
7.56970088E-34
7.56970088E-34
7.56970088E-34
7.56970088E-34
7.56970088E-34
7.56970088E-34
7.56970088E-34
7.56970088E-34
7.56970088E-34
7.56970088E-34
7.56970088E-34
7.56970088E-34
7.56970088E-34
7.56970088E-34
7.56970088E-34
7.56970088E-34
7.56970088E-34
7.56970088E-34
7.56970088E-34
7.56970088E-34
6.72274231E-34
6.72274231E-34
6.72274231E-34
6.72274231E-34
6.72274231E-34
6.72274231E-34
6.72274231E-34
6.72274231E-34
6.72274231E-34
6.72274231E-34
6.72274231E-34
6.72274231E-34
6.72274231E-34
6.72274231E-34
6.72274231E-34
6.72274231E-34
6.72274231E-34
6.72274231E-34
6.72274231E-34
6.72274231E-34
6.72274231E-34
5.97054823E-34
5.97054823E-34
5.97054823E-34
5.97054823E-34
5.97054823E-34
5.97054823E-34
5.97054823E-34
5.97054823E-34
5.97054823E-34
5.97054823E-34
5.97054823E-34
5.97054823E-34
5.97054823E-34
5.97054823E-34
5.97054823E-34
5.97054823E-34
5.97054823E-34
5.97054823E-34
5.97054823E-34
5.97054823E-34
5.97054823E-34
5.97054823E-34
5.30251562E-34
5.30251562E-34
5.30251562E-34
5.30251562E-34
5.30251562E-34
5.30251562E-34
5.30251562E-34
5.30251562E-34
5.30251562E-34
5.30251562E-34
5.30251562E-34
5.30251562E-34
5.30251562E-34
5.30251562E-34
5.30251562E-34
5.30251562E-34
5.30251562E-34
5.30251562E-34
5.30251562E-34
5.30251562E-34
5.30251562E-34
4.70922784E-34
4.70922784E-34
4.70922784E-34
4.70922784E-34
4.70922784E-34
4.70922784E-34
4.70922784E-34
4.70922784E-34
4.70922784E-34
4.70922784E-34
4.70922784E-34
4.70922784E-34
4.70922784E-34
4.70922784E-34
4.70922784E-34
4.70922784E-34
4.70922784E-34
4.70922784E-34
4.70922784E-34
4.70922784E-34
4.70922784E-34
4.70922784E-34
4.18232183E-34
4.18232183E-34
4.18232183E-34
4.18232183E-34
4.18232183E-34
4.18232183E-34
4.18232183E-34
4.18232183E-34
4.18232183E-34
4.18232183E-34
4.18232183E-34
4.18232183E-34
4.18232183E-34
4.18232183E-34
4.18232183E-34
4.18232183E-34
4.18232183E-34
4.18232183E-34
4.18232183E-34
4.18232183E-34
4.18232183E-34
3.71437027E-34
3.71437027E-34
3.71437027E-34
3.71437027E-34
3.71437027E-34
3.71437027E-34
3.71437027E-34
3.71437027E-34
3.71437027E-34
3.71437027E-34
3.71437027E-34
3.71437027E-34
3.71437027E-34
3.71437027E-34
3.71437027E-34
3.71437027E-34
3.71437027E-34
3.71437027E-34
3.71437027E-34
3.71437027E-34
3.71437027E-34
3.71437027E-34
3.29877687E-34
3.29877687E-34
3.29877687E-34
3.29877687E-34
3.29877687E-34
3.29877687E-34
3.29877687E-34
3.29877687E-34
3.29877687E-34
3.29877687E-34
3.29877687E-34
3.29877687E-34
3.29877687E-34
3.29877687E-34
3.29877687E-34
3.29877687E-34
3.29877687E-34
3.29877687E-34
3.29877687E-34
3.29877687E-34
3.29877687E-34
2.92968338E-34
2.92968338E-34
2.92968338E-34
2.92968338E-34
2.92968338E-34
2.92968338E-34
2.92968338E-34
2.92968338E-34
2.92968338E-34
2.92968338E-34
2.92968338E-34
2.92968338E-34
2.92968338E-34
2.92968338E-34
2.92968338E-34
2.92968338E-34
2.92968338E-34
2.92968338E-34
2.92968338E-34
2.92968338E-34
2.92968338E-34
2.92968338E-34
2.60188701E-34
2.60188701E-34
2.60188701E-34
2.60188701E-34
2.60188701E-34
2.60188701E-34
2.60188701E-34
2.60188701E-34
2.60188701E-34
2.60188701E-34
2.60188701E-34
2.60188701E-34
2.60188701E-34
2.60188701E-34
2.60188701E-34
2.60188701E-34
2.60188701E-34
2.60188701E-34
2.60188701E-34
2.60188701E-34
2.60188701E-34
2.31076712E-34
2.31076712E-34
2.31076712E-34
2.31076712E-34
2.31076712E-34
2.31076712E-34
2.31076712E-34
2.31076712E-34
2.31076712E-34
2.31076712E-34
2.31076712E-34
2.31076712E-34
2.31076712E-34
2.31076712E-34
2.31076712E-34
2.31076712E-34
2.31076712E-34
2.31076712E-34
2.31076712E-34
2.31076712E-34
2.31076712E-34
2.31076712E-34
2.05222004E-34
2.05222004E-34
2.05222004E-34
2.05222004E-34
2.05222004E-34
2.05222004E-34
2.05222004E-34
2.05222004E-34
2.05222004E-34
2.05222004E-34
2.05222004E-34
2.05222004E-34
2.05222004E-34
2.05222004E-34
2.05222004E-34
2.05222004E-34
2.05222004E-34
2.05222004E-34
2.05222004E-34
2.05222004E-34
2.05222004E-34
1.82260128E-34
1.82260128E-34
1.82260128E-34
1.82260128E-34
1.82260128E-34
1.82260128E-34
1.82260128E-34
1.82260128E-34
1.82260128E-34
1.82260128E-34
1.82260128E-34
1.82260128E-34
1.82260128E-34
1.82260128E-34
1.82260128E-34
1.82260128E-34
1.82260128E-34
1.82260128E-34
1.82260128E-34
1.82260128E-34
1.82260128E-34
1.82260128E-34
1.61867410E-34
1.61867410E-34
1.61867410E-34
1.61867410E-34
1.61867410E-34
1.61867410E-34
1.61867410E-34
1.61867410E-34
1.61867410E-34
1.61867410E-34
1.61867410E-34
1.61867410E-34
1.61867410E-34
1.61867410E-34
1.61867410E-34
1.61867410E-34
1.61867410E-34
1.61867410E-34
1.61867410E-34
1.61867410E-34
1.61867410E-34
1.43756392E-34
1.43756392E-34
1.43756392E-34
1.43756392E-34
1.43756392E-34
1.43756392E-34
1.43756392E-34
1.43756392E-34
1.43756392E-34
1.43756392E-34
1.43756392E-34
1.43756392E-34
1.43756392E-34
1.43756392E-34
1.43756392E-34
1.43756392E-34
1.43756392E-34
1.43756392E-34
1.43756392E-34
1.43756392E-34
1.43756392E-34
1.43756392E-34
1.27671779E-34
1.27671779E-34
1.27671779E-34
1.27671779E-34
1.27671779E-34
1.27671779E-34
1.27671779E-34
1.27671779E-34
1.27671779E-34
1.27671779E-34
1.27671779E-34
1.27671779E-34
1.27671779E-34
1.27671779E-34
1.27671779E-34
1.27671779E-34
1.27671779E-34
1.27671779E-34
1.27671779E-34
1.27671779E-34
1.27671779E-34
1.13386841E-34
1.13386841E-34
1.13386841E-34
1.13386841E-34
1.13386841E-34
1.13386841E-34
1.13386841E-34
1.13386841E-34
1.13386841E-34
1.13386841E-34
1.13386841E-34
1.13386841E-34
1.13386841E-34
1.13386841E-34
1.13386841E-34
1.13386841E-34
1.13386841E-34
1.13386841E-34
1.13386841E-34
1.13386841E-34
1.13386841E-34
1.13386841E-34
1.00700216E-34
1.00700216E-34
1.00700216E-34
1.00700216E-34
1.00700216E-34
1.00700216E-34
1.00700216E-34
1.00700216E-34
1.00700216E-34
1.00700216E-34
1.00700216E-34
1.00700216E-34
1.00700216E-34
1.00700216E-34
1.00700216E-34
1.00700216E-34
1.00700216E-34
1.00700216E-34
1.00700216E-34
1.00700216E-34
1.00700216E-34
8.94330716E-35
8.94330716E-35
8.94330716E-35
8.94330716E-35
8.94330716E-35
8.94330716E-35
8.94330716E-35
8.94330716E-35
8.94330716E-35
8.94330716E-35
8.94330716E-35
8.94330716E-35
8.94330716E-35
8.94330716E-35
8.94330716E-35
8.94330716E-35
8.94330716E-35
8.94330716E-35
8.94330716E-35
8.94330716E-35
8.94330716E-35
8.94330716E-35
7.94265856E-35
7.94265856E-35
7.94265856E-35
7.94265856E-35
7.94265856E-35
7.94265856E-35
7.94265856E-35
7.94265856E-35
7.94265856E-35
7.94265856E-35
7.94265856E-35
7.94265856E-35
7.94265856E-35
7.94265856E-35
7.94265856E-35
7.94265856E-35
7.94265856E-35
7.94265856E-35
7.94265856E-35
7.94265856E-35
7.94265856E-35
7.05397050E-35
7.05397050E-35
7.05397050E-35
7.05397050E-35
7.05397050E-35
7.05397050E-35
7.05397050E-35
7.05397050E-35
7.05397050E-35
7.05397050E-35
7.05397050E-35
7.05397050E-35
7.05397050E-35
7.05397050E-35
7.05397050E-35
7.05397050E-35
7.05397050E-35
7.05397050E-35
7.05397050E-35
7.05397050E-35
7.05397050E-35
7.05397050E-35
6.26471596E-35
6.26471596E-35
6.26471596E-35
6.26471596E-35
6.26471596E-35
6.26471596E-35
6.26471596E-35
6.26471596E-35
6.26471596E-35
6.26471596E-35
6.26471596E-35
6.26471596E-35
6.26471596E-35
6.26471596E-35
6.26471596E-35
6.26471596E-35
6.26471596E-35
6.26471596E-35
6.26471596E-35
6.26471596E-35
6.26471596E-35
5.56376952E-35
5.56376952E-35
5.56376952E-35
5.56376952E-35
5.56376952E-35
5.56376952E-35
5.56376952E-35
5.56376952E-35
5.56376952E-35
5.56376952E-35
5.56376952E-35
5.56376952E-35
5.56376952E-35
5.56376952E-35
5.56376952E-35
5.56376952E-35
5.56376952E-35
5.56376952E-35
5.56376952E-35
5.56376952E-35
5.56376952E-35
5.56376952E-35
4.94125057E-35
4.94125057E-35
4.94125057E-35
4.94125057E-35
4.94125057E-35
4.94125057E-35
4.94125057E-35
4.94125057E-35
4.94125057E-35
4.94125057E-35
4.94125057E-35
4.94125057E-35
4.94125057E-35
4.94125057E-35
4.94125057E-35
4.94125057E-35
4.94125057E-35
4.94125057E-35
4.94125057E-35
4.94125057E-35
4.94125057E-35
4.38838400E-35
4.38838400E-35
4.38838400E-35
4.38838400E-35
4.38838400E-35
4.38838400E-35
4.38838400E-35
4.38838400E-35
4.38838400E-35
4.38838400E-35
4.38838400E-35
4.38838400E-35
4.38838400E-35
4.38838400E-35
4.38838400E-35
4.38838400E-35
4.38838400E-35
4.38838400E-35
4.38838400E-35
4.38838400E-35
4.38838400E-35
4.38838400E-35
3.89737656E-35
3.89737656E-35
3.89737656E-35
3.89737656E-35
3.89737656E-35
3.89737656E-35
3.89737656E-35
3.89737656E-35
3.89737656E-35
3.89737656E-35
3.89737656E-35
3.89737656E-35
3.89737656E-35
3.89737656E-35
3.89737656E-35
3.89737656E-35
3.89737656E-35
3.89737656E-35
3.89737656E-35
3.89737656E-35
3.89737656E-35
3.46130696E-35
3.46130696E-35
3.46130696E-35
3.46130696E-35
3.46130696E-35
3.46130696E-35
3.46130696E-35
3.46130696E-35
3.46130696E-35
3.46130696E-35
3.46130696E-35
3.46130696E-35
3.46130696E-35
3.46130696E-35
3.46130696E-35
3.46130696E-35
3.46130696E-35
3.46130696E-35
3.46130696E-35
3.46130696E-35
3.46130696E-35
3.46130696E-35
3.07402830E-35
3.07402830E-35
3.07402830E-35
3.07402830E-35
3.07402830E-35
3.07402830E-35
3.07402830E-35
3.07402830E-35
3.07402830E-35
3.07402830E-35
3.07402830E-35
3.07402830E-35
3.07402830E-35
3.07402830E-35
3.07402830E-35
3.07402830E-35
3.07402830E-35
3.07402830E-35
3.07402830E-35
3.07402830E-35
3.07402830E-35
2.73008147E-35
2.73008147E-35
2.73008147E-35
2.73008147E-35
2.73008147E-35
2.73008147E-35
2.73008147E-35
2.73008147E-35
2.73008147E-35
2.73008147E-35
2.73008147E-35
2.73008147E-35
2.73008147E-35
2.73008147E-35
2.73008147E-35
2.73008147E-35
2.73008147E-35
2.73008147E-35
2.73008147E-35
2.73008147E-35
2.73008147E-35
2.73008147E-35
2.42461816E-35
2.42461816E-35
2.42461816E-35
2.42461816E-35
2.42461816E-35
2.42461816E-35
2.42461816E-35
2.42461816E-35
2.42461816E-35
2.42461816E-35
2.42461816E-35
2.42461816E-35
2.42461816E-35
2.42461816E-35
2.42461816E-35
2.42461816E-35
2.42461816E-35
2.42461816E-35
2.42461816E-35
2.42461816E-35
2.42461816E-35
2.15333252E-35
2.15333252E-35
2.15333252E-35
2.15333252E-35
2.15333252E-35
2.15333252E-35
2.15333252E-35
2.15333252E-35
2.15333252E-35
2.15333252E-35
2.15333252E-35
2.15333252E-35
2.15333252E-35
2.15333252E-35
2.15333252E-35
2.15333252E-35
2.15333252E-35
2.15333252E-35
2.15333252E-35
2.15333252E-35
2.15333252E-35
2.15333252E-35
1.91240049E-35
1.91240049E-35
1.91240049E-35
1.91240049E-35
1.91240049E-35
1.91240049E-35
1.91240049E-35
1.91240049E-35
1.91240049E-35
1.91240049E-35
1.91240049E-35
1.91240049E-35
1.91240049E-35
1.91240049E-35
1.91240049E-35
1.91240049E-35
1.91240049E-35
1.91240049E-35
1.91240049E-35
1.91240049E-35
1.91240049E-35
1.69842585E-35
1.69842585E-35
1.69842585E-35
1.69842585E-35
1.69842585E-35
1.69842585E-35
1.69842585E-35
1.69842585E-35
1.69842585E-35
1.69842585E-35
1.69842585E-35
1.69842585E-35
1.69842585E-35
1.69842585E-35
1.69842585E-35
1.69842585E-35
1.69842585E-35
1.69842585E-35
1.69842585E-35
1.69842585E-35
1.69842585E-35
1.69842585E-35
1.50839241E-35
1.50839241E-35
1.50839241E-35
1.50839241E-35
1.50839241E-35
1.50839241E-35
1.50839241E-35
1.50839241E-35
1.50839241E-35
1.50839241E-35
1.50839241E-35
1.50839241E-35
1.50839241E-35
1.50839241E-35
1.50839241E-35
1.50839241E-35
1.50839241E-35
1.50839241E-35
1.50839241E-35
1.50839241E-35
1.50839241E-35
1.33962142E-35
1.33962142E-35
1.33962142E-35
1.33962142E-35
1.33962142E-35
1.33962142E-35
1.33962142E-35
1.33962142E-35
1.33962142E-35
1.33962142E-35
1.33962142E-35
1.33962142E-35
1.33962142E-35
1.33962142E-35
1.33962142E-35
1.33962142E-35
1.33962142E-35
1.33962142E-35
1.33962142E-35
1.33962142E-35
1.33962142E-35
1.33962142E-35
1.18973388E-35
1.18973388E-35
1.18973388E-35
1.18973388E-35
1.18973388E-35
1.18973388E-35
1.18973388E-35
1.18973388E-35
1.18973388E-35
1.18973388E-35
1.18973388E-35
1.18973388E-35
1.18973388E-35
1.18973388E-35
1.18973388E-35
1.18973388E-35
1.18973388E-35
1.18973388E-35
1.18973388E-35
1.18973388E-35
1.18973388E-35
1.05661696E-35
1.05661696E-35
1.05661696E-35
1.05661696E-35
1.05661696E-35
1.05661696E-35
1.05661696E-35
1.05661696E-35
1.05661696E-35
1.05661696E-35
1.05661696E-35
1.05661696E-35
1.05661696E-35
1.05661696E-35
1.05661696E-35
1.05661696E-35
1.05661696E-35
1.05661696E-35
1.05661696E-35
1.05661696E-35
1.05661696E-35
1.05661696E-35
9.38394215E-36
9.38394215E-36
9.38394215E-36
9.38394215E-36
9.38394215E-36
9.38394215E-36
9.38394215E-36
9.38394215E-36
9.38394215E-36
9.38394215E-36
9.38394215E-36
9.38394215E-36
9.38394215E-36
9.38394215E-36
9.38394215E-36
9.38394215E-36
9.38394215E-36
9.38394215E-36
9.38394215E-36
9.38394215E-36
9.38394215E-36
8.33399178E-36
8.33399178E-36
8.33399178E-36
8.33399178E-36
8.33399178E-36
8.33399178E-36
8.33399178E-36
8.33399178E-36
8.33399178E-36
8.33399178E-36
8.33399178E-36
8.33399178E-36
8.33399178E-36
8.33399178E-36
8.33399178E-36
8.33399178E-36
8.33399178E-36
8.33399178E-36
8.33399178E-36
8.33399178E-36
8.33399178E-36
8.33399178E-36
7.40151824E-36
7.40151824E-36
7.40151824E-36
7.40151824E-36
7.40151824E-36
7.40151824E-36
7.40151824E-36
7.40151824E-36
7.40151824E-36
7.40151824E-36
7.40151824E-36
7.40151824E-36
7.40151824E-36
7.40151824E-36
7.40151824E-36
7.40151824E-36
7.40151824E-36
7.40151824E-36
7.40151824E-36
7.40151824E-36
7.40151824E-36
6.57337728E-36
6.57337728E-36
6.57337728E-36
6.57337728E-36
6.57337728E-36
6.57337728E-36
6.57337728E-36
6.57337728E-36
6.57337728E-36
6.57337728E-36
6.57337728E-36
6.57337728E-36
6.57337728E-36
6.57337728E-36
6.57337728E-36
6.57337728E-36
6.57337728E-36
6.57337728E-36
6.57337728E-36
6.57337728E-36
6.57337728E-36
6.57337728E-36
5.83789535E-36
5.83789535E-36
5.83789535E-36
5.83789535E-36
5.83789535E-36
5.83789535E-36
5.83789535E-36
5.83789535E-36
5.83789535E-36
5.83789535E-36
5.83789535E-36
5.83789535E-36
5.83789535E-36
5.83789535E-36
5.83789535E-36
5.83789535E-36
5.83789535E-36
5.83789535E-36
5.83789535E-36
5.83789535E-36
5.83789535E-36
5.18470501E-36
5.18470501E-36
5.18470501E-36
5.18470501E-36
5.18470501E-36
5.18470501E-36
5.18470501E-36
5.18470501E-36
5.18470501E-36
5.18470501E-36
5.18470501E-36
5.18470501E-36
5.18470501E-36
5.18470501E-36
5.18470501E-36
5.18470501E-36
5.18470501E-36
5.18470501E-36
5.18470501E-36
5.18470501E-36
5.18470501E-36
5.18470501E-36
4.60459882E-36
4.60459882E-36
4.60459882E-36
4.60459882E-36
4.60459882E-36
4.60459882E-36
4.60459882E-36
4.60459882E-36
4.60459882E-36
4.60459882E-36
4.60459882E-36
4.60459882E-36
4.60459882E-36
4.60459882E-36
4.60459882E-36
4.60459882E-36
4.60459882E-36
4.60459882E-36
4.60459882E-36
4.60459882E-36
4.60459882E-36
4.08939954E-36
4.08939954E-36
4.08939954E-36
4.08939954E-36
4.08939954E-36
4.08939954E-36
4.08939954E-36
4.08939954E-36
4.08939954E-36
4.08939954E-36
4.08939954E-36
4.08939954E-36
4.08939954E-36
4.08939954E-36
4.08939954E-36
4.08939954E-36
4.08939954E-36
4.08939954E-36
4.08939954E-36
4.08939954E-36
4.08939954E-36
4.08939954E-36
3.63184487E-36
3.63184487E-36
3.63184487E-36
3.63184487E-36
3.63184487E-36
3.63184487E-36
3.63184487E-36
3.63184487E-36
3.63184487E-36
3.63184487E-36
3.63184487E-36
3.63184487E-36
3.63184487E-36
3.63184487E-36
3.63184487E-36
3.63184487E-36
3.63184487E-36
3.63184487E-36
3.63184487E-36
3.63184487E-36
3.63184487E-36
3.22548507E-36
3.22548507E-36
3.22548507E-36
3.22548507E-36
3.22548507E-36
3.22548507E-36
3.22548507E-36
3.22548507E-36
3.22548507E-36
3.22548507E-36
3.22548507E-36
3.22548507E-36
3.22548507E-36
3.22548507E-36
3.22548507E-36
3.22548507E-36
3.22548507E-36
3.22548507E-36
3.22548507E-36
3.22548507E-36
3.22548507E-36
3.22548507E-36
2.86459205E-36
2.86459205E-36
2.86459205E-36
2.86459205E-36
2.86459205E-36
2.86459205E-36
2.86459205E-36
2.86459205E-36
2.86459205E-36
2.86459205E-36
2.86459205E-36
2.86459205E-36
2.86459205E-36
2.86459205E-36
2.86459205E-36
2.86459205E-36
2.86459205E-36
2.86459205E-36
2.86459205E-36
2.86459205E-36
2.86459205E-36
2.54407862E-36
2.54407862E-36
2.54407862E-36
2.54407862E-36
2.54407862E-36
2.54407862E-36
2.54407862E-36
2.54407862E-36
2.54407862E-36
2.54407862E-36
2.54407862E-36
2.54407862E-36
2.54407862E-36
2.54407862E-36
2.54407862E-36
2.54407862E-36
2.54407862E-36
2.54407862E-36
2.54407862E-36
2.54407862E-36
2.54407862E-36
2.54407862E-36
2.25942679E-36
2.25942679E-36
2.25942679E-36
2.25942679E-36
2.25942679E-36
2.25942679E-36
2.25942679E-36
2.25942679E-36
2.25942679E-36
2.25942679E-36
2.25942679E-36
2.25942679E-36
2.25942679E-36
2.25942679E-36
2.25942679E-36
2.25942679E-36
2.25942679E-36
2.25942679E-36
2.25942679E-36
2.25942679E-36
2.25942679E-36
2.00662408E-36
2.00662408E-36
2.00662408E-36
2.00662408E-36
2.00662408E-36
2.00662408E-36
2.00662408E-36
2.00662408E-36
2.00662408E-36
2.00662408E-36
2.00662408E-36
2.00662408E-36
2.00662408E-36
2.00662408E-36
2.00662408E-36
2.00662408E-36
2.00662408E-36
2.00662408E-36
2.00662408E-36
2.00662408E-36
2.00662408E-36
2.00662408E-36
1.78210696E-36
1.78210696E-36
1.78210696E-36
1.78210696E-36
1.78210696E-36
1.78210696E-36
1.78210696E-36
1.78210696E-36
1.78210696E-36
1.78210696E-36
1.78210696E-36
1.78210696E-36
1.78210696E-36
1.78210696E-36
1.78210696E-36
1.78210696E-36
1.78210696E-36
1.78210696E-36
1.78210696E-36
1.78210696E-36
1.78210696E-36
1.58271060E-36
1.58271060E-36
1.58271060E-36
1.58271060E-36
1.58271060E-36
1.58271060E-36
1.58271060E-36
1.58271060E-36
1.58271060E-36
1.58271060E-36
1.58271060E-36
1.58271060E-36
1.58271060E-36
1.58271060E-36
1.58271060E-36
1.58271060E-36
1.58271060E-36
1.58271060E-36
1.58271060E-36
1.58271060E-36
1.58271060E-36
1.58271060E-36
1.40562430E-36
1.40562430E-36
1.40562430E-36
1.40562430E-36
1.40562430E-36
1.40562430E-36
1.40562430E-36
1.40562430E-36
1.40562430E-36
1.40562430E-36
1.40562430E-36
1.40562430E-36
1.40562430E-36
1.40562430E-36
1.40562430E-36
1.40562430E-36
1.40562430E-36
1.40562430E-36
1.40562430E-36
1.40562430E-36
1.40562430E-36
1.24835184E-36
1.24835184E-36
1.24835184E-36
1.24835184E-36
1.24835184E-36
1.24835184E-36
1.24835184E-36
1.24835184E-36
1.24835184E-36
1.24835184E-36
1.24835184E-36
1.24835184E-36
1.24835184E-36
1.24835184E-36
1.24835184E-36
1.24835184E-36
1.24835184E-36
1.24835184E-36
1.24835184E-36
1.24835184E-36
1.24835184E-36
1.24835184E-36
1.10867627E-36
1.10867627E-36
1.10867627E-36
1.10867627E-36
1.10867627E-36
1.10867627E-36
1.10867627E-36
1.10867627E-36
1.10867627E-36
1.10867627E-36
1.10867627E-36
1.10867627E-36
1.10867627E-36
1.10867627E-36
1.10867627E-36
1.10867627E-36
1.10867627E-36
1.10867627E-36
1.10867627E-36
1.10867627E-36
1.10867627E-36
9.84628713E-37
9.84628713E-37
9.84628713E-37
9.84628713E-37
9.84628713E-37
9.84628713E-37
9.84628713E-37
9.84628713E-37
9.84628713E-37
9.84628713E-37
9.84628713E-37
9.84628713E-37
9.84628713E-37
9.84628713E-37
9.84628713E-37
9.84628713E-37
9.84628713E-37
9.84628713E-37
9.84628713E-37
9.84628713E-37
9.84628713E-37
9.84628713E-37
8.74460591E-37
8.74460591E-37
8.74460591E-37
8.74460591E-37
8.74460591E-37
8.74460591E-37
8.74460591E-37
8.74460591E-37
8.74460591E-37
8.74460591E-37
8.74460591E-37
8.74460591E-37
8.74460591E-37
8.74460591E-37
8.74460591E-37
8.74460591E-37
8.74460591E-37
8.74460591E-37
8.74460591E-37
8.74460591E-37
8.74460591E-37
7.76618959E-37
7.76618959E-37
7.76618959E-37
7.76618959E-37
7.76618959E-37
7.76618959E-37
7.76618959E-37
7.76618959E-37
7.76618959E-37
7.76618959E-37
7.76618959E-37
7.76618959E-37
7.76618959E-37
7.76618959E-37
7.76618959E-37
7.76618959E-37
7.76618959E-37
7.76618959E-37
7.76618959E-37
7.76618959E-37
7.76618959E-37
7.76618959E-37
6.89724629E-37
6.89724629E-37
6.89724629E-37
6.89724629E-37
6.89724629E-37
6.89724629E-37
6.89724629E-37
6.89724629E-37
6.89724629E-37
6.89724629E-37
6.89724629E-37
6.89724629E-37
6.89724629E-37
6.89724629E-37
6.89724629E-37
6.89724629E-37
6.89724629E-37
6.89724629E-37
6.89724629E-37
6.89724629E-37
6.89724629E-37
6.12552731E-37
6.12552731E-37
6.12552731E-37
6.12552731E-37
6.12552731E-37
6.12552731E-37
6.12552731E-37
6.12552731E-37
6.12552731E-37
6.12552731E-37
6.12552731E-37
6.12552731E-37
6.12552731E-37
6.12552731E-37
6.12552731E-37
6.12552731E-37
6.12552731E-37
6.12552731E-37
6.12552731E-37
6.12552731E-37
6.12552731E-37
6.12552731E-37
5.44015441E-37
5.44015441E-37
5.44015441E-37
5.44015441E-37
5.44015441E-37
5.44015441E-37
5.44015441E-37
5.44015441E-37
5.44015441E-37
5.44015441E-37
5.44015441E-37
5.44015441E-37
5.44015441E-37
5.44015441E-37
5.44015441E-37
5.44015441E-37
5.44015441E-37
5.44015441E-37
5.44015441E-37
5.44015441E-37
5.44015441E-37
4.83146650E-37
4.83146650E-37
4.83146650E-37
4.83146650E-37
4.83146650E-37
4.83146650E-37
4.83146650E-37
4.83146650E-37
4.83146650E-37
4.83146650E-37
4.83146650E-37
4.83146650E-37
4.83146650E-37
4.83146650E-37
4.83146650E-37
4.83146650E-37
4.83146650E-37
4.83146650E-37
4.83146650E-37
4.83146650E-37
4.83146650E-37
4.83146650E-37
4.29088345E-37
4.29088345E-37
4.29088345E-37
4.29088345E-37
4.29088345E-37
4.29088345E-37
4.29088345E-37
4.29088345E-37
4.29088345E-37
4.29088345E-37
4.29088345E-37
4.29088345E-37
4.29088345E-37
4.29088345E-37
4.29088345E-37
4.29088345E-37
4.29088345E-37
4.29088345E-37
4.29088345E-37
4.29088345E-37
4.29088345E-37
3.81078515E-37
3.81078515E-37
3.81078515E-37
3.81078515E-37
3.81078515E-37
3.81078515E-37
3.81078515E-37
3.81078515E-37
3.81078515E-37
3.81078515E-37
3.81078515E-37
3.81078515E-37
3.81078515E-37
3.81078515E-37
3.81078515E-37
3.81078515E-37
3.81078515E-37
3.81078515E-37
3.81078515E-37
3.81078515E-37
3.81078515E-37
3.81078515E-37
3.38440408E-37
3.38440408E-37
3.38440408E-37
3.38440408E-37
3.38440408E-37
3.38440408E-37
3.38440408E-37
3.38440408E-37
3.38440408E-37
3.38440408E-37
3.38440408E-37
3.38440408E-37
3.38440408E-37
3.38440408E-37
3.38440408E-37
3.38440408E-37
3.38440408E-37
3.38440408E-37
3.38440408E-37
3.38440408E-37
3.38440408E-37
3.00572993E-37
3.00572993E-37
3.00572993E-37
3.00572993E-37
3.00572993E-37
3.00572993E-37
3.00572993E-37
3.00572993E-37
3.00572993E-37
3.00572993E-37
3.00572993E-37
3.00572993E-37
3.00572993E-37
3.00572993E-37
3.00572993E-37
3.00572993E-37
3.00572993E-37
3.00572993E-37
3.00572993E-37
3.00572993E-37
3.00572993E-37
3.00572993E-37
2.66942487E-37
2.66942487E-37
2.66942487E-37
2.66942487E-37
2.66942487E-37
2.66942487E-37
2.66942487E-37
2.66942487E-37
2.66942487E-37
2.66942487E-37
2.66942487E-37
2.66942487E-37
2.66942487E-37
2.66942487E-37
2.66942487E-37
2.66942487E-37
2.66942487E-37
2.66942487E-37
2.66942487E-37
2.66942487E-37
2.66942487E-37
2.37074830E-37
2.37074830E-37
2.37074830E-37
2.37074830E-37
2.37074830E-37
2.37074830E-37
2.37074830E-37
2.37074830E-37
2.37074830E-37
2.37074830E-37
2.37074830E-37
2.37074830E-37
2.37074830E-37
2.37074830E-37
2.37074830E-37
2.37074830E-37
2.37074830E-37
2.37074830E-37
2.37074830E-37
2.37074830E-37
2.37074830E-37
2.37074830E-37
2.10549006E-37
2.10549006E-37
2.10549006E-37
2.10549006E-37
2.10549006E-37
2.10549006E-37
2.10549006E-37
2.10549006E-37
2.10549006E-37
2.10549006E-37
2.10549006E-37
2.10549006E-37
2.10549006E-37
2.10549006E-37
2.10549006E-37
2.10549006E-37
2.10549006E-37
2.10549006E-37
2.10549006E-37
2.10549006E-37
2.10549006E-37
1.86991102E-37
1.86991102E-37
1.86991102E-37
1.86991102E-37
1.86991102E-37
1.86991102E-37
1.86991102E-37
1.86991102E-37
1.86991102E-37
1.86991102E-37
1.86991102E-37
1.86991102E-37
1.86991102E-37
1.86991102E-37
1.86991102E-37
1.86991102E-37
1.86991102E-37
1.86991102E-37
1.86991102E-37
1.86991102E-37
1.86991102E-37
1.86991102E-37
1.66069044E-37
1.66069044E-37
1.66069044E-37
1.66069044E-37
1.66069044E-37
1.66069044E-37
1.66069044E-37
1.66069044E-37
1.66069044E-37
1.66069044E-37
1.66069044E-37
1.66069044E-37
1.66069044E-37
1.66069044E-37
1.66069044E-37
1.66069044E-37
1.66069044E-37
1.66069044E-37
1.66069044E-37
1.66069044E-37
1.66069044E-37
1.47487914E-37
1.47487914E-37
1.47487914E-37
1.47487914E-37
1.47487914E-37
1.47487914E-37
1.47487914E-37
1.47487914E-37
1.47487914E-37
1.47487914E-37
1.47487914E-37
1.47487914E-37
1.47487914E-37
1.47487914E-37
1.47487914E-37
1.47487914E-37
1.47487914E-37
1.47487914E-37
1.47487914E-37
1.47487914E-37
1.47487914E-37
1.47487914E-37
1.30985788E-37
1.30985788E-37
1.30985788E-37
1.30985788E-37
1.30985788E-37
1.30985788E-37
1.30985788E-37
1.30985788E-37
1.30985788E-37
1.30985788E-37
1.30985788E-37
1.30985788E-37
1.30985788E-37
1.30985788E-37
1.30985788E-37
1.30985788E-37
1.30985788E-37
1.30985788E-37
1.30985788E-37
1.30985788E-37
1.30985788E-37
1.16330053E-37
1.16330053E-37
1.16330053E-37
1.16330053E-37
1.16330053E-37
1.16330053E-37
1.16330053E-37
1.16330053E-37
1.16330053E-37
1.16330053E-37
1.16330053E-37
1.16330053E-37
1.16330053E-37
1.16330053E-37
1.16330053E-37
1.16330053E-37
1.16330053E-37
1.16330053E-37
1.16330053E-37
1.16330053E-37
1.16330053E-37
1.16330053E-37
1.03314118E-37
1.03314118E-37
1.03314118E-37
1.03314118E-37
1.03314118E-37
1.03314118E-37
1.03314118E-37
1.03314118E-37
1.03314118E-37
1.03314118E-37
1.03314118E-37
1.03314118E-37
1.03314118E-37
1.03314118E-37
1.03314118E-37
1.03314118E-37
1.03314118E-37
1.03314118E-37
1.03314118E-37
1.03314118E-37
1.03314118E-37
9.17545093E-38
9.17545093E-38
9.17545093E-38
9.17545093E-38
9.17545093E-38
9.17545093E-38
9.17545093E-38
9.17545093E-38
9.17545093E-38
9.17545093E-38
9.17545093E-38
9.17545093E-38
9.17545093E-38
9.17545093E-38
9.17545093E-38
9.17545093E-38
9.17545093E-38
9.17545093E-38
9.17545093E-38
9.17545093E-38
9.17545093E-38
9.17545093E-38
8.14882822E-38
8.14882822E-38
8.14882822E-38
8.14882822E-38
8.14882822E-38
8.14882822E-38
8.14882822E-38
8.14882822E-38
8.14882822E-38
8.14882822E-38
8.14882822E-38
8.14882822E-38
8.14882822E-38
8.14882822E-38
8.14882822E-38
8.14882822E-38
8.14882822E-38
8.14882822E-38
8.14882822E-38
8.14882822E-38
8.14882822E-38
7.23707225E-38
7.23707225E-38
7.23707225E-38
7.23707225E-38
7.23707225E-38
7.23707225E-38
7.23707225E-38
7.23707225E-38
7.23707225E-38
7.23707225E-38
7.23707225E-38
7.23707225E-38
7.23707225E-38
7.23707225E-38
7.23707225E-38
7.23707225E-38
7.23707225E-38
7.23707225E-38
7.23707225E-38
7.23707225E-38
7.23707225E-38
7.23707225E-38
6.42733083E-38
6.42733083E-38
6.42733083E-38
6.42733083E-38
6.42733083E-38
6.42733083E-38
6.42733083E-38
6.42733083E-38
6.42733083E-38
6.42733083E-38
6.42733083E-38
6.42733083E-38
6.42733083E-38
6.42733083E-38
6.42733083E-38
6.42733083E-38
6.42733083E-38
6.42733083E-38
6.42733083E-38
6.42733083E-38
6.42733083E-38
5.70818974E-38
5.70818974E-38
5.70818974E-38
5.70818974E-38
5.70818974E-38
5.70818974E-38
5.70818974E-38
5.70818974E-38
5.70818974E-38
5.70818974E-38
5.70818974E-38
5.70818974E-38
5.70818974E-38
5.70818974E-38
5.70818974E-38
5.70818974E-38
5.70818974E-38
5.70818974E-38
5.70818974E-38
5.70818974E-38
5.70818974E-38
5.70818974E-38
5.06951190E-38
5.06951190E-38
5.06951190E-38
5.06951190E-38
5.06951190E-38
5.06951190E-38
5.06951190E-38
5.06951190E-38
5.06951190E-38
5.06951190E-38
5.06951190E-38
5.06951190E-38
5.06951190E-38
5.06951190E-38
5.06951190E-38
5.06951190E-38
5.06951190E-38
5.06951190E-38
5.06951190E-38
5.06951190E-38
5.06951190E-38
4.50229443E-38
4.50229443E-38
4.50229443E-38
4.50229443E-38
4.50229443E-38
4.50229443E-38
4.50229443E-38
4.50229443E-38
4.50229443E-38
4.50229443E-38
4.50229443E-38
4.50229443E-38
4.50229443E-38
4.50229443E-38
4.50229443E-38
4.50229443E-38
4.50229443E-38
4.50229443E-38
4.50229443E-38
4.50229443E-38
4.50229443E-38
4.50229443E-38
3.99854179E-38
3.99854179E-38
3.99854179E-38
3.99854179E-38
3.99854179E-38
3.99854179E-38
3.99854179E-38
3.99854179E-38
3.99854179E-38
3.99854179E-38
3.99854179E-38
3.99854179E-38
3.99854179E-38
3.99854179E-38
3.99854179E-38
3.99854179E-38
3.99854179E-38
3.99854179E-38
3.99854179E-38
3.99854179E-38
3.99854179E-38
3.55115301E-38
3.55115301E-38
3.55115301E-38
3.55115301E-38
3.55115301E-38
3.55115301E-38
3.55115301E-38
3.55115301E-38
3.55115301E-38
3.55115301E-38
3.55115301E-38
3.55115301E-38
3.55115301E-38
3.55115301E-38
3.55115301E-38
3.55115301E-38
3.55115301E-38
3.55115301E-38
3.55115301E-38
3.55115301E-38
3.55115301E-38
3.55115301E-38
3.15382166E-38
3.15382166E-38
3.15382166E-38
3.15382166E-38
3.15382166E-38
3.15382166E-38
3.15382166E-38
3.15382166E-38
3.15382166E-38
3.15382166E-38
3.15382166E-38
3.15382166E-38
3.15382166E-38
3.15382166E-38
3.15382166E-38
3.15382166E-38
3.15382166E-38
3.15382166E-38
3.15382166E-38
3.15382166E-38
3.15382166E-38
2.80094691E-38
2.80094691E-38
2.80094691E-38
2.80094691E-38
2.80094691E-38
2.80094691E-38
2.80094691E-38
2.80094691E-38
2.80094691E-38
2.80094691E-38
2.80094691E-38
2.80094691E-38
2.80094691E-38
2.80094691E-38
2.80094691E-38
2.80094691E-38
2.80094691E-38
2.80094691E-38
2.80094691E-38
2.80094691E-38
2.80094691E-38
2.80094691E-38
2.48755461E-38
2.48755461E-38
2.48755461E-38
2.48755461E-38
2.48755461E-38
2.48755461E-38
2.48755461E-38
2.48755461E-38
2.48755461E-38
2.48755461E-38
2.48755461E-38
2.48755461E-38
2.48755461E-38
2.48755461E-38
2.48755461E-38
2.48755461E-38
2.48755461E-38
2.48755461E-38
2.48755461E-38
2.48755461E-38
2.48755461E-38
2.20922714E-38
2.20922714E-38
2.20922714E-38
2.20922714E-38
2.20922714E-38
2.20922714E-38
2.20922714E-38
2.20922714E-38
2.20922714E-38
2.20922714E-38
2.20922714E-38
2.20922714E-38
2.20922714E-38
2.20922714E-38
2.20922714E-38
2.20922714E-38
2.20922714E-38
2.20922714E-38
2.20922714E-38
2.20922714E-38
2.20922714E-38
2.20922714E-38
1.96204117E-38
1.96204117E-38
1.96204117E-38
1.96204117E-38
1.96204117E-38
1.96204117E-38
1.96204117E-38
1.96204117E-38
1.96204117E-38
1.96204117E-38
1.96204117E-38
1.96204117E-38
1.96204117E-38
1.96204117E-38
1.96204117E-38
1.96204117E-38
1.96204117E-38
1.96204117E-38
1.96204117E-38
1.96204117E-38
1.96204117E-38
1.74251233E-38
1.74251233E-38
1.74251233E-38
1.74251233E-38
1.74251233E-38
1.74251233E-38
1.74251233E-38
1.74251233E-38
1.74251233E-38
1.74251233E-38
1.74251233E-38
1.74251233E-38
1.74251233E-38
1.74251233E-38
1.74251233E-38
1.74251233E-38
1.74251233E-38
1.74251233E-38
1.74251233E-38
1.74251233E-38
1.74251233E-38
1.74251233E-38
1.54754614E-38
1.54754614E-38
1.54754614E-38
1.54754614E-38
1.54754614E-38
1.54754614E-38
1.54754614E-38
1.54754614E-38
1.54754614E-38
1.54754614E-38
1.54754614E-38
1.54754614E-38
1.54754614E-38
1.54754614E-38
1.54754614E-38
1.54754614E-38
1.54754614E-38
1.54754614E-38
1.54754614E-38
1.54754614E-38
1.54754614E-38
1.37439432E-38
1.37439432E-38
1.37439432E-38
1.37439432E-38
1.37439432E-38
1.37439432E-38
1.37439432E-38
1.37439432E-38
1.37439432E-38
1.37439432E-38
1.37439432E-38
1.37439432E-38
1.37439432E-38
1.37439432E-38
1.37439432E-38
1.37439432E-38
1.37439432E-38
1.37439432E-38
1.37439432E-38
1.37439432E-38
1.37439432E-38
1.37439432E-38
1.22061611E-38
1.22061611E-38
1.22061611E-38
1.22061611E-38
1.22061611E-38
1.22061611E-38
1.22061611E-38
1.22061611E-38
1.22061611E-38
1.22061611E-38
1.22061611E-38
1.22061611E-38
1.22061611E-38
1.22061611E-38
1.22061611E-38
1.22061611E-38
1.22061611E-38
1.22061611E-38
1.22061611E-38
1.22061611E-38
1.22061611E-38
1.08404384E-38
1.08404384E-38
1.08404384E-38
1.08404384E-38
1.08404384E-38
1.08404384E-38
1.08404384E-38
1.08404384E-38
1.08404384E-38
1.08404384E-38
1.08404384E-38
1.08404384E-38
1.08404384E-38
1.08404384E-38
1.08404384E-38
1.08404384E-38
1.08404384E-38
1.08404384E-38
1.08404384E-38
1.08404384E-38
1.08404384E-38
1.08404384E-38
9.62752359E-39
9.62752359E-39
9.62752359E-39
9.62752359E-39
9.62752359E-39
9.62752359E-39
9.62752359E-39
9.62752359E-39
9.62752359E-39
9.62752359E-39
9.62752359E-39
9.62752359E-39
9.62752359E-39
9.62752359E-39
9.62752359E-39
9.62752359E-39
9.62752359E-39
9.62752359E-39
9.62752359E-39
9.62752359E-39
9.62752359E-39
8.55031938E-39
8.55031938E-39
8.55031938E-39
8.55031938E-39
8.55031938E-39
8.55031938E-39
8.55031938E-39
8.55031938E-39
8.55031938E-39
8.55031938E-39
8.55031938E-39
8.55031938E-39
8.55031938E-39
8.55031938E-39
8.55031938E-39
8.55031938E-39
8.55031938E-39
8.55031938E-39
8.55031938E-39
8.55031938E-39
8.55031938E-39
8.55031938E-39
7.59364138E-39
7.59364138E-39
7.59364138E-39
7.59364138E-39
7.59364138E-39
7.59364138E-39
7.59364138E-39
7.59364138E-39
7.59364138E-39
7.59364138E-39
7.59364138E-39
7.59364138E-39
7.59364138E-39
7.59364138E-39
7.59364138E-39
7.59364138E-39
7.59364138E-39
7.59364138E-39
7.59364138E-39
7.59364138E-39
7.59364138E-39
6.74400416E-39
6.74400416E-39
6.74400416E-39
6.74400416E-39
6.74400416E-39
6.74400416E-39
6.74400416E-39
6.74400416E-39
6.74400416E-39
6.74400416E-39
6.74400416E-39
6.74400416E-39
6.74400416E-39
6.74400416E-39
6.74400416E-39
6.74400416E-39
6.74400416E-39
6.74400416E-39
6.74400416E-39
6.74400416E-39
6.74400416E-39
6.74400416E-39
5.98943113E-39
5.98943113E-39
5.98943113E-39
5.98943113E-39
5.98943113E-39
5.98943113E-39
5.98943113E-39
5.98943113E-39
5.98943113E-39
5.98943113E-39
5.98943113E-39
5.98943113E-39
5.98943113E-39
5.98943113E-39
5.98943113E-39
5.98943113E-39
5.98943113E-39
5.98943113E-39
5.98943113E-39
5.98943113E-39
5.98943113E-39
5.31928575E-39
5.31928575E-39
5.31928575E-39
5.31928575E-39
5.31928575E-39
5.31928575E-39
5.31928575E-39
5.31928575E-39
5.31928575E-39
5.31928575E-39
5.31928575E-39
5.31928575E-39
5.31928575E-39
5.31928575E-39
5.31928575E-39
5.31928575E-39
5.31928575E-39
5.31928575E-39
5.31928575E-39
5.31928575E-39
5.31928575E-39
5.31928575E-39
4.72412159E-39
4.72412159E-39
4.72412159E-39
4.72412159E-39
4.72412159E-39
4.72412159E-39
4.72412159E-39
4.72412159E-39
4.72412159E-39
4.72412159E-39
4.72412159E-39
4.72412159E-39
4.72412159E-39
4.72412159E-39
4.72412159E-39
4.72412159E-39
4.72412159E-39
4.72412159E-39
4.72412159E-39
4.72412159E-39
4.72412159E-39
4.19554915E-39
4.19554915E-39
4.19554915E-39
4.19554915E-39
4.19554915E-39
4.19554915E-39
4.19554915E-39
4.19554915E-39
4.19554915E-39
4.19554915E-39
4.19554915E-39
4.19554915E-39
4.19554915E-39
4.19554915E-39
4.19554915E-39
4.19554915E-39
4.19554915E-39
4.19554915E-39
4.19554915E-39
4.19554915E-39
4.19554915E-39
4.19554915E-39
3.72611762E-39
3.72611762E-39
3.72611762E-39
3.72611762E-39
3.72611762E-39
3.72611762E-39
3.72611762E-39
3.72611762E-39
3.72611762E-39
3.72611762E-39
3.72611762E-39
3.72611762E-39
3.72611762E-39
3.72611762E-39
3.72611762E-39
3.72611762E-39
3.72611762E-39
3.72611762E-39
3.72611762E-39
3.72611762E-39
3.72611762E-39
3.30920983E-39
3.30920983E-39
3.30920983E-39
3.30920983E-39
3.30920983E-39
3.30920983E-39
3.30920983E-39
3.30920983E-39
3.30920983E-39
3.30920983E-39
3.30920983E-39
3.30920983E-39
3.30920983E-39
3.30920983E-39
3.30920983E-39
3.30920983E-39
3.30920983E-39
3.30920983E-39
3.30920983E-39
3.30920983E-39
3.30920983E-39
3.30920983E-39
2.93894901E-39
2.93894901E-39
2.93894901E-39
2.93894901E-39
2.93894901E-39
2.93894901E-39
2.93894901E-39
2.93894901E-39
2.93894901E-39
2.93894901E-39
2.93894901E-39
2.93894901E-39
2.93894901E-39
2.93894901E-39
2.93894901E-39
2.93894901E-39
2.93894901E-39
2.93894901E-39
2.93894901E-39
2.93894901E-39
2.93894901E-39
2.61011593E-39
2.61011593E-39
2.61011593E-39
2.61011593E-39
2.61011593E-39
2.61011593E-39
2.61011593E-39
2.61011593E-39
2.61011593E-39
2.61011593E-39
2.61011593E-39
2.61011593E-39
2.61011593E-39
2.61011593E-39
2.61011593E-39
2.61011593E-39
2.61011593E-39
2.61011593E-39
2.61011593E-39
2.61011593E-39
2.61011593E-39
2.61011593E-39
2.31807532E-39
2.31807532E-39
2.31807532E-39
2.31807532E-39
2.31807532E-39
2.31807532E-39
2.31807532E-39
2.31807532E-39
2.31807532E-39
2.31807532E-39
2.31807532E-39
2.31807532E-39
2.31807532E-39
2.31807532E-39
2.31807532E-39
2.31807532E-39
2.31807532E-39
2.31807532E-39
2.31807532E-39
2.31807532E-39
2.31807532E-39
2.05871055E-39
2.05871055E-39
2.05871055E-39
2.05871055E-39
2.05871055E-39
2.05871055E-39
2.05871055E-39
2.05871055E-39
2.05871055E-39
2.05871055E-39
2.05871055E-39
2.05871055E-39
2.05871055E-39
2.05871055E-39
2.05871055E-39
2.05871055E-39
2.05871055E-39
2.05871055E-39
2.05871055E-39
2.05871055E-39
2.05871055E-39
2.05871055E-39
1.82836557E-39
1.82836557E-39
1.82836557E-39
1.82836557E-39
1.82836557E-39
1.82836557E-39
1.82836557E-39
1.82836557E-39
1.82836557E-39
1.82836557E-39
1.82836557E-39
1.82836557E-39
1.82836557E-39
1.82836557E-39
1.82836557E-39
1.82836557E-39
1.82836557E-39
1.82836557E-39
1.82836557E-39
1.82836557E-39
1.82836557E-39
1.62379344E-39
1.62379344E-39
1.62379344E-39
1.62379344E-39
1.62379344E-39
1.62379344E-39
1.62379344E-39
1.62379344E-39
1.62379344E-39
1.62379344E-39
1.62379344E-39
1.62379344E-39
1.62379344E-39
1.62379344E-39
1.62379344E-39
1.62379344E-39
1.62379344E-39
1.62379344E-39
1.62379344E-39
1.62379344E-39
1.62379344E-39
1.62379344E-39
1.44211046E-39
1.44211046E-39
1.44211046E-39
1.44211046E-39
1.44211046E-39
1.44211046E-39
1.44211046E-39
1.44211046E-39
1.44211046E-39
1.44211046E-39
1.44211046E-39
1.44211046E-39
1.44211046E-39
1.44211046E-39
1.44211046E-39
1.44211046E-39
1.44211046E-39
1.44211046E-39
1.44211046E-39
1.44211046E-39
1.44211046E-39
1.28075563E-39
1.28075563E-39
1.28075563E-39
1.28075563E-39
1.28075563E-39
1.28075563E-39
1.28075563E-39
1.28075563E-39
1.28075563E-39
1.28075563E-39
1.28075563E-39
1.28075563E-39
1.28075563E-39
1.28075563E-39
1.28075563E-39
1.28075563E-39
1.28075563E-39
1.28075563E-39
1.28075563E-39
1.28075563E-39
1.28075563E-39
1.28075563E-39
1.13745446E-39
1.13745446E-39
1.13745446E-39
1.13745446E-39
1.13745446E-39
1.13745446E-39
1.13745446E-39
1.13745446E-39
1.13745446E-39
1.13745446E-39
1.13745446E-39
1.13745446E-39
1.13745446E-39
1.13745446E-39
1.13745446E-39
1.13745446E-39
1.13745446E-39
1.13745446E-39
1.13745446E-39
1.13745446E-39
1.13745446E-39
1.01018698E-39
1.01018698E-39
1.01018698E-39
1.01018698E-39
1.01018698E-39
1.01018698E-39
1.01018698E-39
1.01018698E-39
1.01018698E-39
1.01018698E-39
1.01018698E-39
1.01018698E-39
1.01018698E-39
1.01018698E-39
1.01018698E-39
1.01018698E-39
1.01018698E-39
1.01018698E-39
1.01018698E-39
1.01018698E-39
1.01018698E-39
1.01018698E-39
8.97159193E-40
8.97159193E-40
8.97159193E-40
8.97159193E-40
8.97159193E-40
8.97159193E-40
8.97159193E-40
8.97159193E-40
8.97159193E-40
8.97159193E-40
8.97159193E-40
8.97159193E-40
8.97159193E-40
8.97159193E-40
8.97159193E-40
8.97159193E-40
8.97159193E-40
8.97159193E-40
8.97159193E-40
8.97159193E-40
8.97159193E-40
7.96777860E-40
7.96777860E-40
7.96777860E-40
7.96777860E-40
7.96777860E-40
7.96777860E-40
7.96777860E-40
7.96777860E-40
7.96777860E-40
7.96777860E-40
7.96777860E-40
7.96777860E-40
7.96777860E-40
7.96777860E-40
7.96777860E-40
7.96777860E-40
7.96777860E-40
7.96777860E-40
7.96777860E-40
7.96777860E-40
7.96777860E-40
7.96777860E-40
7.07627991E-40
7.07627991E-40
7.07627991E-40
7.07627991E-40
7.07627991E-40
7.07627991E-40
7.07627991E-40
7.07627991E-40
7.07627991E-40
7.07627991E-40
7.07627991E-40
7.07627991E-40
7.07627991E-40
7.07627991E-40
7.07627991E-40
7.07627991E-40
7.07627991E-40
7.07627991E-40
7.07627991E-40
7.07627991E-40
7.07627991E-40
6.28452922E-40
6.28452922E-40
6.28452922E-40
6.28452922E-40
6.28452922E-40
6.28452922E-40
6.28452922E-40
6.28452922E-40
6.28452922E-40
6.28452922E-40
6.28452922E-40
6.28452922E-40
6.28452922E-40
6.28452922E-40
6.28452922E-40
6.28452922E-40
6.28452922E-40
6.28452922E-40
6.28452922E-40
6.28452922E-40
6.28452922E-40
6.28452922E-40
5.58136592E-40
5.58136592E-40
5.58136592E-40
5.58136592E-40
5.58136592E-40
5.58136592E-40
5.58136592E-40
5.58136592E-40
5.58136592E-40
5.58136592E-40
5.58136592E-40
5.58136592E-40
5.58136592E-40
5.58136592E-40
5.58136592E-40
5.58136592E-40
5.58136592E-40
5.58136592E-40
5.58136592E-40
5.58136592E-40
5.58136592E-40
4.95687813E-40
4.95687813E-40
4.95687813E-40
4.95687813E-40
4.95687813E-40
4.95687813E-40
4.95687813E-40
4.95687813E-40
4.95687813E-40
4.95687813E-40
4.95687813E-40
4.95687813E-40
4.95687813E-40
4.95687813E-40
4.95687813E-40
4.95687813E-40
4.95687813E-40
4.95687813E-40
4.95687813E-40
4.95687813E-40
4.95687813E-40
4.95687813E-40
4.40226303E-40
4.40226303E-40
4.40226303E-40
4.40226303E-40
4.40226303E-40
4.40226303E-40
4.40226303E-40
4.40226303E-40
4.40226303E-40
4.40226303E-40
4.40226303E-40
4.40226303E-40
4.40226303E-40
4.40226303E-40
4.40226303E-40
4.40226303E-40
4.40226303E-40
4.40226303E-40
4.40226303E-40
4.40226303E-40
4.40226303E-40
3.90970270E-40
3.90970270E-40
3.90970270E-40
3.90970270E-40
3.90970270E-40
3.90970270E-40
3.90970270E-40
3.90970270E-40
3.90970270E-40
3.90970270E-40
3.90970270E-40
3.90970270E-40
3.90970270E-40
3.90970270E-40
3.90970270E-40
3.90970270E-40
3.90970270E-40
3.90970270E-40
3.90970270E-40
3.90970270E-40
3.90970270E-40
3.90970270E-40
3.47225394E-40
3.47225394E-40
3.47225394E-40
3.47225394E-40
3.47225394E-40
3.47225394E-40
3.47225394E-40
3.47225394E-40
3.47225394E-40
3.47225394E-40
3.47225394E-40
3.47225394E-40
3.47225394E-40
3.47225394E-40
3.47225394E-40
3.47225394E-40
3.47225394E-40
3.47225394E-40
3.47225394E-40
3.47225394E-40
3.47225394E-40
3.08375045E-40
3.08375045E-40
3.08375045E-40
3.08375045E-40
3.08375045E-40
3.08375045E-40
3.08375045E-40
3.08375045E-40
3.08375045E-40
3.08375045E-40
3.08375045E-40
3.08375045E-40
3.08375045E-40
3.08375045E-40
3.08375045E-40
3.08375045E-40
3.08375045E-40
3.08375045E-40
3.08375045E-40
3.08375045E-40
3.08375045E-40
3.08375045E-40
2.73871583E-40
2.73871583E-40
2.73871583E-40
2.73871583E-40
2.73871583E-40
2.73871583E-40
2.73871583E-40
2.73871583E-40
2.73871583E-40
2.73871583E-40
2.73871583E-40
2.73871583E-40
2.73871583E-40
2.73871583E-40
2.73871583E-40
2.73871583E-40
2.73871583E-40
2.73871583E-40
2.73871583E-40
2.73871583E-40
2.73871583E-40
2.43228644E-40
2.43228644E-40
2.43228644E-40
2.43228644E-40
2.43228644E-40
2.43228644E-40
2.43228644E-40
2.43228644E-40
2.43228644E-40
2.43228644E-40
2.43228644E-40
2.43228644E-40
2.43228644E-40
2.43228644E-40
2.43228644E-40
2.43228644E-40
2.43228644E-40
2.43228644E-40
2.43228644E-40
2.43228644E-40
2.43228644E-40
2.43228644E-40
2.16014281E-40
2.16014281E-40
2.16014281E-40
2.16014281E-40
2.16014281E-40
2.16014281E-40
2.16014281E-40
2.16014281E-40
2.16014281E-40
2.16014281E-40
2.16014281E-40
2.16014281E-40
2.16014281E-40
2.16014281E-40
2.16014281E-40
2.16014281E-40
2.16014281E-40
2.16014281E-40
2.16014281E-40
2.16014281E-40
2.16014281E-40
1.91844879E-40
1.91844879E-40
1.91844879E-40
1.91844879E-40
1.91844879E-40
1.91844879E-40
1.91844879E-40
1.91844879E-40
1.91844879E-40
1.91844879E-40
1.91844879E-40
1.91844879E-40
1.91844879E-40
1.91844879E-40
1.91844879E-40
1.91844879E-40
1.91844879E-40
1.91844879E-40
1.91844879E-40
1.91844879E-40
1.91844879E-40
1.91844879E-40
1.70379742E-40
1.70379742E-40
1.70379742E-40
1.70379742E-40
1.70379742E-40
1.70379742E-40
1.70379742E-40
1.70379742E-40
1.70379742E-40
1.70379742E-40
1.70379742E-40
1.70379742E-40
1.70379742E-40
1.70379742E-40
1.70379742E-40
1.70379742E-40
1.70379742E-40
1.70379742E-40
1.70379742E-40
1.70379742E-40
1.70379742E-40
1.51316296E-40
1.51316296E-40
1.51316296E-40
1.51316296E-40
1.51316296E-40
1.51316296E-40
1.51316296E-40
1.51316296E-40
1.51316296E-40
1.51316296E-40
1.51316296E-40
1.51316296E-40
1.51316296E-40
1.51316296E-40
1.51316296E-40
1.51316296E-40
1.51316296E-40
1.51316296E-40
1.51316296E-40
1.51316296E-40
1.51316296E-40
1.51316296E-40
1.34385821E-40
1.34385821E-40
1.34385821E-40
1.34385821E-40
1.34385821E-40
1.34385821E-40
1.34385821E-40
1.34385821E-40
1.34385821E-40
1.34385821E-40
1.34385821E-40
1.34385821E-40
1.34385821E-40
1.34385821E-40
1.34385821E-40
1.34385821E-40
1.34385821E-40
1.34385821E-40
1.34385821E-40
1.34385821E-40
1.34385821E-40
1.19349662E-40
1.19349662E-40
1.19349662E-40
1.19349662E-40
1.19349662E-40
1.19349662E-40
1.19349662E-40
1.19349662E-40
1.19349662E-40
1.19349662E-40
1.19349662E-40
1.19349662E-40
1.19349662E-40
1.19349662E-40
1.19349662E-40
1.19349662E-40
1.19349662E-40
1.19349662E-40
1.19349662E-40
1.19349662E-40
1.19349662E-40
1.19349662E-40
1.05995869E-40
1.05995869E-40
1.05995869E-40
1.05995869E-40
1.05995869E-40
1.05995869E-40
1.05995869E-40
1.05995869E-40
1.05995869E-40
1.05995869E-40
1.05995869E-40
1.05995869E-40
1.05995869E-40
1.05995869E-40
1.05995869E-40
1.05995869E-40
1.05995869E-40
1.05995869E-40
1.05995869E-40
1.05995869E-40
1.05995869E-40
9.41362050E-41
9.41362050E-41
9.41362050E-41
9.41362050E-41
9.41362050E-41
9.41362050E-41
9.41362050E-41
9.41362050E-41
9.41362050E-41
9.41362050E-41
9.41362050E-41
9.41362050E-41
9.41362050E-41
9.41362050E-41
9.41362050E-41
9.41362050E-41
9.41362050E-41
9.41362050E-41
9.41362050E-41
9.41362050E-41
9.41362050E-41
9.41362050E-41
8.36034948E-41
8.36034948E-41
8.36034948E-41
8.36034948E-41
8.36034948E-41
8.36034948E-41
8.36034948E-41
8.36034948E-41
8.36034948E-41
8.36034948E-41
8.36034948E-41
8.36034948E-41
8.36034948E-41
8.36034948E-41
8.36034948E-41
8.36034948E-41
8.36034948E-41
8.36034948E-41
8.36034948E-41
8.36034948E-41
8.36034948E-41
7.42492683E-41
7.42492683E-41
7.42492683E-41
7.42492683E-41
7.42492683E-41
7.42492683E-41
7.42492683E-41
7.42492683E-41
7.42492683E-41
7.42492683E-41
7.42492683E-41
7.42492683E-41
7.42492683E-41
7.42492683E-41
7.42492683E-41
7.42492683E-41
7.42492683E-41
7.42492683E-41
7.42492683E-41
7.42492683E-41
7.42492683E-41
7.42492683E-41
6.59416674E-41
6.59416674E-41
6.59416674E-41
6.59416674E-41
6.59416674E-41
6.59416674E-41
6.59416674E-41
6.59416674E-41
6.59416674E-41
6.59416674E-41
6.59416674E-41
6.59416674E-41
6.59416674E-41
6.59416674E-41
6.59416674E-41
6.59416674E-41
6.59416674E-41
6.59416674E-41
6.59416674E-41
6.59416674E-41
6.59416674E-41
5.85635872E-41
5.85635872E-41
5.85635872E-41
5.85635872E-41
5.85635872E-41
5.85635872E-41
5.85635872E-41
5.85635872E-41
5.85635872E-41
5.85635872E-41
5.85635872E-41
5.85635872E-41
5.85635872E-41
5.85635872E-41
5.85635872E-41
5.85635872E-41
5.85635872E-41
5.85635872E-41
5.85635872E-41
5.85635872E-41
5.85635872E-41
5.85635872E-41
5.20110254E-41
5.20110254E-41
5.20110254E-41
5.20110254E-41
5.20110254E-41
5.20110254E-41
5.20110254E-41
5.20110254E-41
5.20110254E-41
5.20110254E-41
5.20110254E-41
5.20110254E-41
5.20110254E-41
5.20110254E-41
5.20110254E-41
5.20110254E-41
5.20110254E-41
5.20110254E-41
5.20110254E-41
5.20110254E-41
5.20110254E-41
4.61916167E-41
4.61916167E-41
4.61916167E-41
4.61916167E-41
4.61916167E-41
4.61916167E-41
4.61916167E-41
4.61916167E-41
4.61916167E-41
4.61916167E-41
4.61916167E-41
4.61916167E-41
4.61916167E-41
4.61916167E-41
4.61916167E-41
4.61916167E-41
4.61916167E-41
4.61916167E-41
4.61916167E-41
4.61916167E-41
4.61916167E-41
4.61916167E-41
4.10233298E-41
4.10233298E-41
4.10233298E-41
4.10233298E-41
4.10233298E-41
4.10233298E-41
4.10233298E-41
4.10233298E-41
4.10233298E-41
4.10233298E-41
4.10233298E-41
4.10233298E-41
4.10233298E-41
4.10233298E-41
4.10233298E-41
4.10233298E-41
4.10233298E-41
4.10233298E-41
4.10233298E-41
4.10233298E-41
4.10233298E-41
3.64333121E-41
3.64333121E-41
3.64333121E-41
3.64333121E-41
3.64333121E-41
3.64333121E-41
3.64333121E-41
3.64333121E-41
3.64333121E-41
3.64333121E-41
3.64333121E-41
3.64333121E-41
3.64333121E-41
3.64333121E-41
3.64333121E-41
3.64333121E-41
3.64333121E-41
3.64333121E-41
3.64333121E-41
3.64333121E-41
3.64333121E-41
3.64333121E-41
3.23568623E-41
3.23568623E-41
3.23568623E-41
3.23568623E-41
3.23568623E-41
3.23568623E-41
3.23568623E-41
3.23568623E-41
3.23568623E-41
3.23568623E-41
3.23568623E-41
3.23568623E-41
3.23568623E-41
3.23568623E-41
3.23568623E-41
3.23568623E-41
3.23568623E-41
3.23568623E-41
3.23568623E-41
3.23568623E-41
3.23568623E-41
2.87365182E-41
2.87365182E-41
2.87365182E-41
2.87365182E-41
2.87365182E-41
2.87365182E-41
2.87365182E-41
2.87365182E-41
2.87365182E-41
2.87365182E-41
2.87365182E-41
2.87365182E-41
2.87365182E-41
2.87365182E-41
2.87365182E-41
2.87365182E-41
2.87365182E-41
2.87365182E-41
2.87365182E-41
2.87365182E-41
2.87365182E-41
2.87365182E-41
2.55212471E-41
2.55212471E-41
2.55212471E-41
2.55212471E-41
2.55212471E-41
2.55212471E-41
2.55212471E-41
2.55212471E-41
2.55212471E-41
2.55212471E-41
2.55212471E-41
2.55212471E-41
2.55212471E-41
2.55212471E-41
2.55212471E-41
2.55212471E-41
2.55212471E-41
2.55212471E-41
2.55212471E-41
2.55212471E-41
2.55212471E-41
2.26657262E-41
2.26657262E-41
2.26657262E-41
2.26657262E-41
2.26657262E-41
2.26657262E-41
2.26657262E-41
2.26657262E-41
2.26657262E-41
2.26657262E-41
2.26657262E-41
2.26657262E-41
2.26657262E-41
2.26657262E-41
2.26657262E-41
2.26657262E-41
2.26657262E-41
2.26657262E-41
2.26657262E-41
2.26657262E-41
2.26657262E-41
2.26657262E-41
2.01297038E-41
2.01297038E-41
2.01297038E-41
2.01297038E-41
2.01297038E-41
2.01297038E-41
2.01297038E-41
2.01297038E-41
2.01297038E-41
2.01297038E-41
2.01297038E-41
2.01297038E-41
2.01297038E-41
2.01297038E-41
2.01297038E-41
2.01297038E-41
2.01297038E-41
2.01297038E-41
2.01297038E-41
2.01297038E-41
2.01297038E-41
1.78774318E-41
1.78774318E-41
1.78774318E-41
1.78774318E-41
1.78774318E-41
1.78774318E-41
1.78774318E-41
1.78774318E-41
1.78774318E-41
1.78774318E-41
1.78774318E-41
1.78774318E-41
1.78774318E-41
1.78774318E-41
1.78774318E-41
1.78774318E-41
1.78774318E-41
1.78774318E-41
1.78774318E-41
1.78774318E-41
1.78774318E-41
1.78774318E-41
1.58771620E-41
1.58771620E-41
1.58771620E-41
1.58771620E-41
1.58771620E-41
1.58771620E-41
1.58771620E-41
1.58771620E-41
1.58771620E-41
1.58771620E-41
1.58771620E-41
1.58771620E-41
1.58771620E-41
1.58771620E-41
1.58771620E-41
1.58771620E-41
1.58771620E-41
1.58771620E-41
1.58771620E-41
1.58771620E-41
1.58771620E-41
1.41006984E-41
1.41006984E-41
1.41006984E-41
1.41006984E-41
1.41006984E-41
1.41006984E-41
1.41006984E-41
1.41006984E-41
1.41006984E-41
1.41006984E-41
1.41006984E-41
1.41006984E-41
1.41006984E-41
1.41006984E-41
1.41006984E-41
1.41006984E-41
1.41006984E-41
1.41006984E-41
1.41006984E-41
1.41006984E-41
1.41006984E-41
1.41006984E-41
1.25229997E-41
1.25229997E-41
1.25229997E-41
1.25229997E-41
1.25229997E-41
1.25229997E-41
1.25229997E-41
1.25229997E-41
1.25229997E-41
1.25229997E-41
1.25229997E-41
1.25229997E-41
1.25229997E-41
1.25229997E-41
1.25229997E-41
1.25229997E-41
1.25229997E-41
1.25229997E-41
1.25229997E-41
1.25229997E-41
1.25229997E-41
1.11218265E-41
1.11218265E-41
1.11218265E-41
1.11218265E-41
1.11218265E-41
1.11218265E-41
1.11218265E-41
1.11218265E-41
1.11218265E-41
1.11218265E-41
1.11218265E-41
1.11218265E-41
1.11218265E-41
1.11218265E-41
1.11218265E-41
1.11218265E-41
1.11218265E-41
1.11218265E-41
1.11218265E-41
1.11218265E-41
1.11218265E-41
1.11218265E-41
9.87742773E-42
9.87742773E-42
9.87742773E-42
9.87742773E-42
9.87742773E-42
9.87742773E-42
9.87742773E-42
9.87742773E-42
9.87742773E-42
9.87742773E-42
9.87742773E-42
9.87742773E-42
9.87742773E-42
9.87742773E-42
9.87742773E-42
9.87742773E-42
9.87742773E-42
9.87742773E-42
9.87742773E-42
9.87742773E-42
9.87742773E-42
8.77226226E-42
8.77226226E-42
8.77226226E-42
8.77226226E-42
8.77226226E-42
8.77226226E-42
8.77226226E-42
8.77226226E-42
8.77226226E-42
8.77226226E-42
8.77226226E-42
8.77226226E-42
8.77226226E-42
8.77226226E-42
8.77226226E-42
8.77226226E-42
8.77226226E-42
8.77226226E-42
8.77226226E-42
8.77226226E-42
8.77226226E-42
8.77226226E-42
7.79075152E-42
7.79075152E-42
7.79075152E-42
7.79075152E-42
7.79075152E-42
7.79075152E-42
7.79075152E-42
7.79075152E-42
7.79075152E-42
7.79075152E-42
7.79075152E-42
7.79075152E-42
7.79075152E-42
7.79075152E-42
7.79075152E-42
7.79075152E-42
7.79075152E-42
7.79075152E-42
7.79075152E-42
7.79075152E-42
7.79075152E-42
6.91906003E-42
6.91906003E-42
6.91906003E-42
6.91906003E-42
6.91906003E-42
6.91906003E-42
6.91906003E-42
6.91906003E-42
6.91906003E-42
6.91906003E-42
6.91906003E-42
6.91906003E-42
6.91906003E-42
6.91906003E-42
6.91906003E-42
6.91906003E-42
6.91906003E-42
6.91906003E-42
6.91906003E-42
6.91906003E-42
6.91906003E-42
6.91906003E-42
6.14490036E-42
6.14490036E-42
6.14490036E-42
6.14490036E-42
6.14490036E-42
6.14490036E-42
6.14490036E-42
6.14490036E-42
6.14490036E-42
6.14490036E-42
6.14490036E-42
6.14490036E-42
6.14490036E-42
6.14490036E-42
6.14490036E-42
6.14490036E-42
6.14490036E-42
6.14490036E-42
6.14490036E-42
6.14490036E-42
6.14490036E-42
5.45735984E-42
5.45735984E-42
5.45735984E-42
5.45735984E-42
5.45735984E-42
5.45735984E-42
5.45735984E-42
5.45735984E-42
5.45735984E-42
5.45735984E-42
5.45735984E-42
5.45735984E-42
5.45735984E-42
5.45735984E-42
5.45735984E-42
5.45735984E-42
5.45735984E-42
5.45735984E-42
5.45735984E-42
5.45735984E-42
5.45735984E-42
5.45735984E-42
4.84674685E-42
4.84674685E-42
4.84674685E-42
4.84674685E-42
4.84674685E-42
4.84674685E-42
4.84674685E-42
4.84674685E-42
4.84674685E-42
4.84674685E-42
4.84674685E-42
4.84674685E-42
4.84674685E-42
4.84674685E-42
4.84674685E-42
4.84674685E-42
4.84674685E-42
4.84674685E-42
4.84674685E-42
4.84674685E-42
4.84674685E-42
4.30445412E-42
4.30445412E-42
4.30445412E-42
4.30445412E-42
4.30445412E-42
4.30445412E-42
4.30445412E-42
4.30445412E-42
4.30445412E-42
4.30445412E-42
4.30445412E-42
4.30445412E-42
4.30445412E-42
4.30445412E-42
4.30445412E-42
4.30445412E-42
4.30445412E-42
4.30445412E-42
4.30445412E-42
4.30445412E-42
4.30445412E-42
4.30445412E-42
3.82283742E-42
3.82283742E-42
3.82283742E-42
3.82283742E-42
3.82283742E-42
3.82283742E-42
3.82283742E-42
3.82283742E-42
3.82283742E-42
3.82283742E-42
3.82283742E-42
3.82283742E-42
3.82283742E-42
3.82283742E-42
3.82283742E-42
3.82283742E-42
3.82283742E-42
3.82283742E-42
3.82283742E-42
3.82283742E-42
3.82283742E-42
3.39510785E-42
3.39510785E-42
3.39510785E-42
3.39510785E-42
3.39510785E-42
3.39510785E-42
3.39510785E-42
3.39510785E-42
3.39510785E-42
3.39510785E-42
3.39510785E-42
3.39510785E-42
3.39510785E-42
3.39510785E-42
3.39510785E-42
3.39510785E-42
3.39510785E-42
3.39510785E-42
3.39510785E-42
3.39510785E-42
3.39510785E-42
3.39510785E-42
3.01523608E-42
3.01523608E-42
3.01523608E-42
3.01523608E-42
3.01523608E-42
3.01523608E-42
3.01523608E-42
3.01523608E-42
3.01523608E-42
3.01523608E-42
3.01523608E-42
3.01523608E-42
3.01523608E-42
3.01523608E-42
3.01523608E-42
3.01523608E-42
3.01523608E-42
3.01523608E-42
3.01523608E-42
3.01523608E-42
3.01523608E-42
2.67786739E-42
2.67786739E-42
2.67786739E-42
2.67786739E-42
2.67786739E-42
2.67786739E-42
2.67786739E-42
2.67786739E-42
2.67786739E-42
2.67786739E-42
2.67786739E-42
2.67786739E-42
2.67786739E-42
2.67786739E-42
2.67786739E-42
2.67786739E-42
2.67786739E-42
2.67786739E-42
2.67786739E-42
2.67786739E-42
2.67786739E-42
2.67786739E-42
2.37824621E-42
2.37824621E-42
2.37824621E-42
2.37824621E-42
2.37824621E-42
2.37824621E-42
2.37824621E-42
2.37824621E-42
2.37824621E-42
2.37824621E-42
2.37824621E-42
2.37824621E-42
2.37824621E-42
2.37824621E-42
2.37824621E-42
2.37824621E-42
2.37824621E-42
2.37824621E-42
2.37824621E-42
2.37824621E-42
2.37824621E-42
2.11214903E-42
2.11214903E-42
2.11214903E-42
2.11214903E-42
2.11214903E-42
2.11214903E-42
2.11214903E-42
2.11214903E-42
2.11214903E-42
2.11214903E-42
2.11214903E-42
2.11214903E-42
2.11214903E-42
2.11214903E-42
2.11214903E-42
2.11214903E-42
2.11214903E-42
2.11214903E-42
2.11214903E-42
2.11214903E-42
2.11214903E-42
2.11214903E-42
1.87582494E-42
1.87582494E-42
1.87582494E-42
1.87582494E-42
1.87582494E-42
1.87582494E-42
1.87582494E-42
1.87582494E-42
1.87582494E-42
1.87582494E-42
1.87582494E-42
1.87582494E-42
1.87582494E-42
1.87582494E-42
1.87582494E-42
1.87582494E-42
1.87582494E-42
1.87582494E-42
1.87582494E-42
1.87582494E-42
1.87582494E-42
1.66594267E-42
1.66594267E-42
1.66594267E-42
1.66594267E-42
1.66594267E-42
1.66594267E-42
1.66594267E-42
1.66594267E-42
1.66594267E-42
1.66594267E-42
1.66594267E-42
1.66594267E-42
1.66594267E-42
1.66594267E-42
1.66594267E-42
1.66594267E-42
1.66594267E-42
1.66594267E-42
1.66594267E-42
1.66594267E-42
1.66594267E-42
1.66594267E-42
1.47954370E-42
1.47954370E-42
1.47954370E-42
1.47954370E-42
1.47954370E-42
1.47954370E-42
1.47954370E-42
1.47954370E-42
1.47954370E-42
1.47954370E-42
1.47954370E-42
1.47954370E-42
1.47954370E-42
1.47954370E-42
1.47954370E-42
1.47954370E-42
1.47954370E-42
1.47954370E-42
1.47954370E-42
1.47954370E-42
1.47954370E-42
1.31400054E-42
1.31400054E-42
1.31400054E-42
1.31400054E-42
1.31400054E-42
1.31400054E-42
1.31400054E-42
1.31400054E-42
1.31400054E-42
1.31400054E-42
1.31400054E-42
1.31400054E-42
1.31400054E-42
1.31400054E-42
1.31400054E-42
1.31400054E-42
1.31400054E-42
1.31400054E-42
1.31400054E-42
1.31400054E-42
1.31400054E-42
1.31400054E-42
1.16697967E-42
1.16697967E-42
1.16697967E-42
1.16697967E-42
1.16697967E-42
1.16697967E-42
1.16697967E-42
1.16697967E-42
1.16697967E-42
1.16697967E-42
1.16697967E-42
1.16697967E-42
1.16697967E-42
1.16697967E-42
1.16697967E-42
1.16697967E-42
1.16697967E-42
1.16697967E-42
1.16697967E-42
1.16697967E-42
1.16697967E-42
1.03640866E-42
1.03640866E-42
1.03640866E-42
1.03640866E-42
1.03640866E-42
1.03640866E-42
1.03640866E-42
1.03640866E-42
1.03640866E-42
1.03640866E-42
1.03640866E-42
1.03640866E-42
1.03640866E-42
1.03640866E-42
1.03640866E-42
1.03640866E-42
1.03640866E-42
1.03640866E-42
1.03640866E-42
1.03640866E-42
1.03640866E-42
1.03640866E-42
9.20446989E-43
9.20446989E-43
9.20446989E-43
9.20446989E-43
9.20446989E-43
9.20446989E-43
9.20446989E-43
9.20446989E-43
9.20446989E-43
9.20446989E-43
9.20446989E-43
9.20446989E-43
9.20446989E-43
9.20446989E-43
9.20446989E-43
9.20446989E-43
9.20446989E-43
9.20446989E-43
9.20446989E-43
9.20446989E-43
9.20446989E-43
8.17460031E-43
8.17460031E-43
8.17460031E-43
8.17460031E-43
8.17460031E-43
8.17460031E-43
8.17460031E-43
8.17460031E-43
8.17460031E-43
8.17460031E-43
8.17460031E-43
8.17460031E-43
8.17460031E-43
8.17460031E-43
8.17460031E-43
8.17460031E-43
8.17460031E-43
8.17460031E-43
8.17460031E-43
8.17460031E-43
8.17460031E-43
8.17460031E-43
7.25996076E-43
7.25996076E-43
7.25996076E-43
7.25996076E-43
7.25996076E-43
7.25996076E-43
7.25996076E-43
7.25996076E-43
7.25996076E-43
7.25996076E-43
7.25996076E-43
7.25996076E-43
7.25996076E-43
7.25996076E-43
7.25996076E-43
7.25996076E-43
7.25996076E-43
7.25996076E-43
7.25996076E-43
7.25996076E-43
7.25996076E-43
6.44765839E-43
6.44765839E-43
6.44765839E-43
6.44765839E-43
6.44765839E-43
6.44765839E-43
6.44765839E-43
6.44765839E-43
6.44765839E-43
6.44765839E-43
6.44765839E-43
6.44765839E-43
6.44765839E-43
6.44765839E-43
6.44765839E-43
6.44765839E-43
6.44765839E-43
6.44765839E-43
6.44765839E-43
6.44765839E-43
6.44765839E-43
6.44765839E-43
5.72624289E-43
5.72624289E-43
5.72624289E-43
5.72624289E-43
5.72624289E-43
5.72624289E-43
5.72624289E-43
5.72624289E-43
5.72624289E-43
5.72624289E-43
5.72624289E-43
5.72624289E-43
5.72624289E-43
5.72624289E-43
5.72624289E-43
5.72624289E-43
5.72624289E-43
5.72624289E-43
5.72624289E-43
5.72624289E-43
5.72624289E-43
5.08554512E-43
5.08554512E-43
5.08554512E-43
5.08554512E-43
5.08554512E-43
5.08554512E-43
5.08554512E-43
5.08554512E-43
5.08554512E-43
5.08554512E-43
5.08554512E-43
5.08554512E-43
5.08554512E-43
5.08554512E-43
5.08554512E-43
5.08554512E-43
5.08554512E-43
5.08554512E-43
5.08554512E-43
5.08554512E-43
5.08554512E-43
5.08554512E-43
4.51653373E-43
4.51653373E-43
4.51653373E-43
4.51653373E-43
4.51653373E-43
4.51653373E-43
4.51653373E-43
4.51653373E-43
4.51653373E-43
4.51653373E-43
4.51653373E-43
4.51653373E-43
4.51653373E-43
4.51653373E-43
4.51653373E-43
4.51653373E-43
4.51653373E-43
4.51653373E-43
4.51653373E-43
4.51653373E-43
4.51653373E-43
4.01118787E-43
4.01118787E-43
4.01118787E-43
4.01118787E-43
4.01118787E-43
4.01118787E-43
4.01118787E-43
4.01118787E-43
4.01118787E-43
4.01118787E-43
4.01118787E-43
4.01118787E-43
4.01118787E-43
4.01118787E-43
4.01118787E-43
4.01118787E-43
4.01118787E-43
4.01118787E-43
4.01118787E-43
4.01118787E-43
4.01118787E-43
4.01118787E-43
3.56238415E-43
3.56238415E-43
3.56238415E-43
3.56238415E-43
3.56238415E-43
3.56238415E-43
3.56238415E-43
3.56238415E-43
3.56238415E-43
3.56238415E-43
3.56238415E-43
3.56238415E-43
3.56238415E-43
3.56238415E-43
3.56238415E-43
3.56238415E-43
3.56238415E-43
3.56238415E-43
3.56238415E-43
3.56238415E-43
3.56238415E-43
3.16379617E-43
3.16379617E-43
3.16379617E-43
3.16379617E-43
3.16379617E-43
3.16379617E-43
3.16379617E-43
3.16379617E-43
3.16379617E-43
3.16379617E-43
3.16379617E-43
3.16379617E-43
3.16379617E-43
3.16379617E-43
3.16379617E-43
3.16379617E-43
3.16379617E-43
3.16379617E-43
3.16379617E-43
3.16379617E-43
3.16379617E-43
3.16379617E-43
2.80980539E-43
2.80980539E-43
2.80980539E-43
2.80980539E-43
2.80980539E-43
2.80980539E-43
2.80980539E-43
2.80980539E-43
2.80980539E-43
2.80980539E-43
2.80980539E-43
2.80980539E-43
2.80980539E-43
2.80980539E-43
2.80980539E-43
2.80980539E-43
2.80980539E-43
2.80980539E-43
2.80980539E-43
2.80980539E-43
2.80980539E-43
2.49542193E-43
2.49542193E-43
2.49542193E-43
2.49542193E-43
2.49542193E-43
2.49542193E-43
2.49542193E-43
2.49542193E-43
2.49542193E-43
2.49542193E-43
2.49542193E-43
2.49542193E-43
2.49542193E-43
2.49542193E-43
2.49542193E-43
2.49542193E-43
2.49542193E-43
2.49542193E-43
2.49542193E-43
2.49542193E-43
2.49542193E-43
2.49542193E-43
2.21621420E-43
2.21621420E-43
2.21621420E-43
2.21621420E-43
2.21621420E-43
2.21621420E-43
2.21621420E-43
2.21621420E-43
2.21621420E-43
2.21621420E-43
2.21621420E-43
2.21621420E-43
2.21621420E-43
2.21621420E-43
2.21621420E-43
2.21621420E-43
2.21621420E-43
2.21621420E-43
2.21621420E-43
2.21621420E-43
2.21621420E-43
1.96824646E-43
1.96824646E-43
1.96824646E-43
1.96824646E-43
1.96824646E-43
1.96824646E-43
1.96824646E-43
1.96824646E-43
1.96824646E-43
1.96824646E-43
1.96824646E-43
1.96824646E-43
1.96824646E-43
1.96824646E-43
1.96824646E-43
1.96824646E-43
1.96824646E-43
1.96824646E-43
1.96824646E-43
1.96824646E-43
1.96824646E-43
1.96824646E-43
1.74802333E-43
1.74802333E-43
1.74802333E-43
1.74802333E-43
1.74802333E-43
1.74802333E-43
1.74802333E-43
1.74802333E-43
1.74802333E-43
1.74802333E-43
1.74802333E-43
1.74802333E-43
1.74802333E-43
1.74802333E-43
1.74802333E-43
1.74802333E-43
1.74802333E-43
1.74802333E-43
1.74802333E-43
1.74802333E-43
1.74802333E-43
1.55244053E-43
1.55244053E-43
1.55244053E-43
1.55244053E-43
1.55244053E-43
1.55244053E-43
1.55244053E-43
1.55244053E-43
1.55244053E-43
1.55244053E-43
1.55244053E-43
1.55244053E-43
1.55244053E-43
1.55244053E-43
1.55244053E-43
1.55244053E-43
1.55244053E-43
1.55244053E-43
1.55244053E-43
1.55244053E-43
1.55244053E-43
1.55244053E-43
1.37874109E-43
1.37874109E-43
1.37874109E-43
1.37874109E-43
1.37874109E-43
1.37874109E-43
1.37874109E-43
1.37874109E-43
1.37874109E-43
1.37874109E-43
1.37874109E-43
1.37874109E-43
1.37874109E-43
1.37874109E-43
1.37874109E-43
1.37874109E-43
1.37874109E-43
1.37874109E-43
1.37874109E-43
1.37874109E-43
1.37874109E-43
1.22447653E-43
1.22447653E-43
1.22447653E-43
1.22447653E-43
1.22447653E-43
1.22447653E-43
1.22447653E-43
1.22447653E-43
1.22447653E-43
1.22447653E-43
1.22447653E-43
1.22447653E-43
1.22447653E-43
1.22447653E-43
1.22447653E-43
1.22447653E-43
1.22447653E-43
1.22447653E-43
1.22447653E-43
1.22447653E-43
1.22447653E-43
1.22447653E-43
1.08747232E-43
1.08747232E-43
1.08747232E-43
1.08747232E-43
1.08747232E-43
1.08747232E-43
1.08747232E-43
1.08747232E-43
1.08747232E-43
1.08747232E-43
1.08747232E-43
1.08747232E-43
1.08747232E-43
1.08747232E-43
1.08747232E-43
1.08747232E-43
1.08747232E-43
1.08747232E-43
1.08747232E-43
1.08747232E-43
1.08747232E-43
9.65797231E-44
9.65797231E-44
9.65797231E-44
9.65797231E-44
9.65797231E-44
9.65797231E-44
9.65797231E-44
9.65797231E-44
9.65797231E-44
9.65797231E-44
9.65797231E-44
9.65797231E-44
9.65797231E-44
9.65797231E-44
9.65797231E-44
9.65797231E-44
9.65797231E-44
9.65797231E-44
9.65797231E-44
9.65797231E-44
9.65797231E-44
9.65797231E-44
8.57736126E-44
8.57736126E-44
8.57736126E-44
8.57736126E-44
8.57736126E-44
8.57736126E-44
8.57736126E-44
8.57736126E-44
8.57736126E-44
8.57736126E-44
8.57736126E-44
8.57736126E-44
8.57736126E-44
8.57736126E-44
8.57736126E-44
8.57736126E-44
8.57736126E-44
8.57736126E-44
8.57736126E-44
8.57736126E-44
8.57736126E-44
7.61765760E-44
7.61765760E-44
7.61765760E-44
7.61765760E-44
7.61765760E-44
7.61765760E-44
7.61765760E-44
7.61765760E-44
7.61765760E-44
7.61765760E-44
7.61765760E-44
7.61765760E-44
7.61765760E-44
7.61765760E-44
7.61765760E-44
7.61765760E-44
7.61765760E-44
7.61765760E-44
7.61765760E-44
7.61765760E-44
7.61765760E-44
7.61765760E-44
6.76533325E-44
6.76533325E-44
6.76533325E-44
6.76533325E-44
6.76533325E-44
6.76533325E-44
6.76533325E-44
6.76533325E-44
6.76533325E-44
6.76533325E-44
6.76533325E-44
6.76533325E-44
6.76533325E-44
6.76533325E-44
6.76533325E-44
6.76533325E-44
6.76533325E-44
6.76533325E-44
6.76533325E-44
6.76533325E-44
6.76533325E-44
6.00837375E-44
6.00837375E-44
6.00837375E-44
6.00837375E-44
6.00837375E-44
6.00837375E-44
6.00837375E-44
6.00837375E-44
6.00837375E-44
6.00837375E-44
6.00837375E-44
6.00837375E-44
6.00837375E-44
6.00837375E-44
6.00837375E-44
6.00837375E-44
6.00837375E-44
6.00837375E-44
6.00837375E-44
6.00837375E-44
6.00837375E-44
6.00837375E-44
5.33610892E-44
5.33610892E-44
5.33610892E-44
5.33610892E-44
5.33610892E-44
5.33610892E-44
5.33610892E-44
5.33610892E-44
5.33610892E-44
5.33610892E-44
5.33610892E-44
5.33610892E-44
5.33610892E-44
5.33610892E-44
5.33610892E-44
5.33610892E-44
5.33610892E-44
5.33610892E-44
5.33610892E-44
5.33610892E-44
5.33610892E-44
4.73906245E-44
4.73906245E-44
4.73906245E-44
4.73906245E-44
4.73906245E-44
4.73906245E-44
4.73906245E-44
4.73906245E-44
4.73906245E-44
4.73906245E-44
4.73906245E-44
4.73906245E-44
4.73906245E-44
4.73906245E-44
4.73906245E-44
4.73906245E-44
4.73906245E-44
4.73906245E-44
4.73906245E-44
4.73906245E-44
4.73906245E-44
4.73906245E-44
4.20881831E-44
4.20881831E-44
4.20881831E-44
4.20881831E-44
4.20881831E-44
4.20881831E-44
4.20881831E-44
4.20881831E-44
4.20881831E-44
4.20881831E-44
4.20881831E-44
4.20881831E-44
4.20881831E-44
4.20881831E-44
4.20881831E-44
4.20881831E-44
4.20881831E-44
4.20881831E-44
4.20881831E-44
4.20881831E-44
4.20881831E-44
3.73790211E-44
3.73790211E-44
3.73790211E-44
3.73790211E-44
3.73790211E-44
3.73790211E-44
3.73790211E-44
3.73790211E-44
3.73790211E-44
3.73790211E-44
3.73790211E-44
3.73790211E-44
3.73790211E-44
3.73790211E-44
3.73790211E-44
3.73790211E-44
3.73790211E-44
3.73790211E-44
3.73790211E-44
3.73790211E-44
3.73790211E-44
3.73790211E-44
3.31967578E-44
3.31967578E-44
3.31967578E-44
3.31967578E-44
3.31967578E-44
3.31967578E-44
3.31967578E-44
3.31967578E-44
3.31967578E-44
3.31967578E-44
3.31967578E-44
3.31967578E-44
3.31967578E-44
3.31967578E-44
3.31967578E-44
3.31967578E-44
3.31967578E-44
3.31967578E-44
3.31967578E-44
3.31967578E-44
3.31967578E-44
2.94824395E-44
2.94824395E-44
2.94824395E-44
2.94824395E-44
2.94824395E-44
2.94824395E-44
2.94824395E-44
2.94824395E-44
2.94824395E-44
2.94824395E-44
2.94824395E-44
2.94824395E-44
2.94824395E-44
2.94824395E-44
2.94824395E-44
2.94824395E-44
2.94824395E-44
2.94824395E-44
2.94824395E-44
2.94824395E-44
2.94824395E-44
2.94824395E-44
2.61837088E-44
2.61837088E-44
2.61837088E-44
2.61837088E-44
2.61837088E-44
2.61837088E-44
2.61837088E-44
2.61837088E-44
2.61837088E-44
2.61837088E-44
2.61837088E-44
2.61837088E-44
2.61837088E-44
2.61837088E-44
2.61837088E-44
2.61837088E-44
2.61837088E-44
2.61837088E-44
2.61837088E-44
2.61837088E-44
2.61837088E-44
2.32540664E-44
2.32540664E-44
2.32540664E-44
2.32540664E-44
2.32540664E-44
2.32540664E-44
2.32540664E-44
2.32540664E-44
2.32540664E-44
2.32540664E-44
2.32540664E-44
2.32540664E-44
2.32540664E-44
2.32540664E-44
2.32540664E-44
2.32540664E-44
2.32540664E-44
2.32540664E-44
2.32540664E-44
2.32540664E-44
2.32540664E-44
2.32540664E-44
2.06522158E-44
2.06522158E-44
2.06522158E-44
2.06522158E-44
2.06522158E-44
2.06522158E-44
2.06522158E-44
2.06522158E-44
2.06522158E-44
2.06522158E-44
2.06522158E-44
2.06522158E-44
2.06522158E-44
2.06522158E-44
2.06522158E-44
2.06522158E-44
2.06522158E-44
2.06522158E-44
2.06522158E-44
2.06522158E-44
2.06522158E-44
1.83414810E-44
1.83414810E-44
1.83414810E-44
1.83414810E-44
1.83414810E-44
1.83414810E-44
1.83414810E-44
1.83414810E-44
1.83414810E-44
1.83414810E-44
1.83414810E-44
1.83414810E-44
1.83414810E-44
1.83414810E-44
1.83414810E-44
1.83414810E-44
1.83414810E-44
1.83414810E-44
1.83414810E-44
1.83414810E-44
1.83414810E-44
1.83414810E-44
1.62892897E-44
1.62892897E-44
1.62892897E-44
1.62892897E-44
1.62892897E-44
1.62892897E-44
1.62892897E-44
1.62892897E-44
1.62892897E-44
1.62892897E-44
1.62892897E-44
1.62892897E-44
1.62892897E-44
1.62892897E-44
1.62892897E-44
1.62892897E-44
1.62892897E-44
1.62892897E-44
1.62892897E-44
1.62892897E-44
1.62892897E-44
1.44667139E-44
1.44667139E-44
1.44667139E-44
1.44667139E-44
1.44667139E-44
1.44667139E-44
1.44667139E-44
1.44667139E-44
1.44667139E-44
1.44667139E-44
1.44667139E-44
1.44667139E-44
1.44667139E-44
1.44667139E-44
1.44667139E-44
1.44667139E-44
1.44667139E-44
1.44667139E-44
1.44667139E-44
1.44667139E-44
1.44667139E-44
1.44667139E-44
1.28480624E-44
1.28480624E-44
1.28480624E-44
1.28480624E-44
1.28480624E-44
1.28480624E-44
1.28480624E-44
1.28480624E-44
1.28480624E-44
1.28480624E-44
1.28480624E-44
1.28480624E-44
1.28480624E-44
1.28480624E-44
1.28480624E-44
1.28480624E-44
1.28480624E-44
1.28480624E-44
1.28480624E-44
1.28480624E-44
1.28480624E-44
1.14105186E-44
1.14105186E-44
1.14105186E-44
1.14105186E-44
1.14105186E-44
1.14105186E-44
1.14105186E-44
1.14105186E-44
1.14105186E-44
1.14105186E-44
1.14105186E-44
1.14105186E-44
1.14105186E-44
1.14105186E-44
1.14105186E-44
1.14105186E-44
1.14105186E-44
1.14105186E-44
1.14105186E-44
1.14105186E-44
1.14105186E-44
1.14105186E-44
1.01338187E-44
1.01338187E-44
1.01338187E-44
1.01338187E-44
1.01338187E-44
1.01338187E-44
1.01338187E-44
1.01338187E-44
1.01338187E-44
1.01338187E-44
1.01338187E-44
1.01338187E-44
1.01338187E-44
1.01338187E-44
1.01338187E-44
1.01338187E-44
1.01338187E-44
1.01338187E-44
1.01338187E-44
1.01338187E-44
1.01338187E-44
8.99996616E-45
8.99996616E-45
8.99996616E-45
8.99996616E-45
8.99996616E-45
8.99996616E-45
8.99996616E-45
8.99996616E-45
8.99996616E-45
8.99996616E-45
8.99996616E-45
8.99996616E-45
8.99996616E-45
8.99996616E-45
8.99996616E-45
8.99996616E-45
8.99996616E-45
8.99996616E-45
8.99996616E-45
8.99996616E-45
8.99996616E-45
8.99996616E-45
7.99297809E-45
7.99297809E-45
7.99297809E-45
7.99297809E-45
7.99297809E-45
7.99297809E-45
7.99297809E-45
7.99297809E-45
7.99297809E-45
7.99297809E-45
7.99297809E-45
7.99297809E-45
7.99297809E-45
7.99297809E-45
7.99297809E-45
7.99297809E-45
7.99297809E-45
7.99297809E-45
7.99297809E-45
7.99297809E-45
7.99297809E-45
7.09865988E-45
7.09865988E-45
7.09865988E-45
7.09865988E-45
7.09865988E-45
7.09865988E-45
7.09865988E-45
7.09865988E-45
7.09865988E-45
7.09865988E-45
7.09865988E-45
7.09865988E-45
7.09865988E-45
7.09865988E-45
7.09865988E-45
7.09865988E-45
7.09865988E-45
7.09865988E-45
7.09865988E-45
7.09865988E-45
7.09865988E-45
7.09865988E-45
6.30440514E-45
6.30440514E-45
6.30440514E-45
6.30440514E-45
6.30440514E-45
6.30440514E-45
6.30440514E-45
6.30440514E-45
6.30440514E-45
6.30440514E-45
6.30440514E-45
6.30440514E-45
6.30440514E-45
6.30440514E-45
6.30440514E-45
6.30440514E-45
6.30440514E-45
6.30440514E-45
6.30440514E-45
6.30440514E-45
6.30440514E-45
5.59901796E-45
5.59901796E-45
5.59901796E-45
5.59901796E-45
5.59901796E-45
5.59901796E-45
5.59901796E-45
5.59901796E-45
5.59901796E-45
5.59901796E-45
5.59901796E-45
5.59901796E-45
5.59901796E-45
5.59901796E-45
5.59901796E-45
5.59901796E-45
5.59901796E-45
5.59901796E-45
5.59901796E-45
5.59901796E-45
5.59901796E-45
5.59901796E-45
4.97255513E-45
4.97255513E-45
4.97255513E-45
4.97255513E-45
4.97255513E-45
4.97255513E-45
4.97255513E-45
4.97255513E-45
4.97255513E-45
4.97255513E-45
4.97255513E-45
4.97255513E-45
4.97255513E-45
4.97255513E-45
4.97255513E-45
4.97255513E-45
4.97255513E-45
4.97255513E-45
4.97255513E-45
4.97255513E-45
4.97255513E-45
4.41618596E-45
4.41618596E-45
4.41618596E-45
4.41618596E-45
4.41618596E-45
4.41618596E-45
4.41618596E-45
4.41618596E-45
4.41618596E-45
4.41618596E-45
4.41618596E-45
4.41618596E-45
4.41618596E-45
4.41618596E-45
4.41618596E-45
4.41618596E-45
4.41618596E-45
4.41618596E-45
4.41618596E-45
4.41618596E-45
4.41618596E-45
4.41618596E-45
3.92206782E-45
3.92206782E-45
3.92206782E-45
3.92206782E-45
3.92206782E-45
3.92206782E-45
3.92206782E-45
3.92206782E-45
3.92206782E-45
3.92206782E-45
3.92206782E-45
3.92206782E-45
3.92206782E-45
3.92206782E-45
3.92206782E-45
3.92206782E-45
3.92206782E-45
3.92206782E-45
3.92206782E-45
3.92206782E-45
3.92206782E-45
3.48323555E-45
3.48323555E-45
3.48323555E-45
3.48323555E-45
3.48323555E-45
3.48323555E-45
3.48323555E-45
3.48323555E-45
3.48323555E-45
3.48323555E-45
3.48323555E-45
3.48323555E-45
3.48323555E-45
3.48323555E-45
3.48323555E-45
3.48323555E-45
3.48323555E-45
3.48323555E-45
3.48323555E-45
3.48323555E-45
3.48323555E-45
3.48323555E-45
3.09350335E-45
3.09350335E-45
3.09350335E-45
3.09350335E-45
3.09350335E-45
3.09350335E-45
3.09350335E-45
3.09350335E-45
3.09350335E-45
3.09350335E-45
3.09350335E-45
3.09350335E-45
3.09350335E-45
3.09350335E-45
3.09350335E-45
3.09350335E-45
3.09350335E-45
3.09350335E-45
3.09350335E-45
3.09350335E-45
3.09350335E-45
2.74737750E-45
2.74737750E-45
2.74737750E-45
2.74737750E-45
2.74737750E-45
2.74737750E-45
2.74737750E-45
2.74737750E-45
2.74737750E-45
2.74737750E-45
2.74737750E-45
2.74737750E-45
2.74737750E-45
2.74737750E-45
2.74737750E-45
2.74737750E-45
2.74737750E-45
2.74737750E-45
2.74737750E-45
2.74737750E-45
2.74737750E-45
2.74737750E-45
2.43997897E-45
2.43997897E-45
2.43997897E-45
2.43997897E-45
2.43997897E-45
2.43997897E-45
2.43997897E-45
2.43997897E-45
2.43997897E-45
2.43997897E-45
2.43997897E-45
2.43997897E-45
2.43997897E-45
2.43997897E-45
2.43997897E-45
2.43997897E-45
2.43997897E-45
2.43997897E-45
2.43997897E-45
2.43997897E-45
2.43997897E-45
2.16697464E-45
2.16697464E-45
2.16697464E-45
2.16697464E-45
2.16697464E-45
2.16697464E-45
2.16697464E-45
2.16697464E-45
2.16697464E-45
2.16697464E-45
2.16697464E-45
2.16697464E-45
2.16697464E-45
2.16697464E-45
2.16697464E-45
2.16697464E-45
2.16697464E-45
2.16697464E-45
2.16697464E-45
2.16697464E-45
2.16697464E-45
2.16697464E-45
1.92451622E-45
1.92451622E-45
1.92451622E-45
1.92451622E-45
1.92451622E-45
1.92451622E-45
1.92451622E-45
1.92451622E-45
1.92451622E-45
1.92451622E-45
1.92451622E-45
1.92451622E-45
1.92451622E-45
1.92451622E-45
1.92451622E-45
1.92451622E-45
1.92451622E-45
1.92451622E-45
1.92451622E-45
1.92451622E-45
1.92451622E-45
1.70918598E-45
1.70918598E-45
1.70918598E-45
1.70918598E-45
1.70918598E-45
1.70918598E-45
1.70918598E-45
1.70918598E-45
1.70918598E-45
1.70918598E-45
1.70918598E-45
1.70918598E-45
1.70918598E-45
1.70918598E-45
1.70918598E-45
1.70918598E-45
1.70918598E-45
1.70918598E-45
1.70918598E-45
1.70918598E-45
1.70918598E-45
1.70918598E-45
1.51794860E-45
1.51794860E-45
1.51794860E-45
1.51794860E-45
1.51794860E-45
1.51794860E-45
1.51794860E-45
1.51794860E-45
1.51794860E-45
1.51794860E-45
1.51794860E-45
1.51794860E-45
1.51794860E-45
1.51794860E-45
1.51794860E-45
1.51794860E-45
1.51794860E-45
1.51794860E-45
1.51794860E-45
1.51794860E-45
1.51794860E-45
1.34810839E-45
1.34810839E-45
1.34810839E-45
1.34810839E-45
1.34810839E-45
1.34810839E-45
1.34810839E-45
1.34810839E-45
1.34810839E-45
1.34810839E-45
1.34810839E-45
1.34810839E-45
1.34810839E-45
1.34810839E-45
1.34810839E-45
1.34810839E-45
1.34810839E-45
1.34810839E-45
1.34810839E-45
1.34810839E-45
1.34810839E-45
1.34810839E-45
1.19727126E-45
1.19727126E-45
1.19727126E-45
1.19727126E-45
1.19727126E-45
1.19727126E-45
1.19727126E-45
1.19727126E-45
1.19727126E-45
1.19727126E-45
1.19727126E-45
1.19727126E-45
1.19727126E-45
1.19727126E-45
1.19727126E-45
1.19727126E-45
1.19727126E-45
1.19727126E-45
1.19727126E-45
1.19727126E-45
1.19727126E-45
1.06331100E-45
1.06331100E-45
1.06331100E-45
1.06331100E-45
1.06331100E-45
1.06331100E-45
1.06331100E-45
1.06331100E-45
1.06331100E-45
1.06331100E-45
1.06331100E-45
1.06331100E-45
1.06331100E-45
1.06331100E-45
1.06331100E-45
1.06331100E-45
1.06331100E-45
1.06331100E-45
1.06331100E-45
1.06331100E-45
1.06331100E-45
1.06331100E-45
9.44339272E-46
9.44339272E-46
9.44339272E-46
9.44339272E-46
9.44339272E-46
9.44339272E-46
9.44339272E-46
9.44339272E-46
9.44339272E-46
9.44339272E-46
9.44339272E-46
9.44339272E-46
9.44339272E-46
9.44339272E-46
9.44339272E-46
9.44339272E-46
9.44339272E-46
9.44339272E-46
9.44339272E-46
9.44339272E-46
9.44339272E-46
8.38679055E-46
8.38679055E-46
8.38679055E-46
8.38679055E-46
8.38679055E-46
8.38679055E-46
8.38679055E-46
8.38679055E-46
8.38679055E-46
8.38679055E-46
8.38679055E-46
8.38679055E-46
8.38679055E-46
8.38679055E-46
8.38679055E-46
8.38679055E-46
8.38679055E-46
8.38679055E-46
8.38679055E-46
8.38679055E-46
8.38679055E-46
8.38679055E-46
7.44840946E-46
7.44840946E-46
7.44840946E-46
7.44840946E-46
7.44840946E-46
7.44840946E-46
7.44840946E-46
7.44840946E-46
7.44840946E-46
7.44840946E-46
7.44840946E-46
7.44840946E-46
7.44840946E-46
7.44840946E-46
7.44840946E-46
7.44840946E-46
7.44840946E-46
7.44840946E-46
7.44840946E-46
7.44840946E-46
7.44840946E-46
6.61502194E-46
6.61502194E-46
6.61502194E-46
6.61502194E-46
6.61502194E-46
6.61502194E-46
6.61502194E-46
6.61502194E-46
6.61502194E-46
6.61502194E-46
6.61502194E-46
6.61502194E-46
6.61502194E-46
6.61502194E-46
6.61502194E-46
6.61502194E-46
6.61502194E-46
6.61502194E-46
6.61502194E-46
6.61502194E-46
6.61502194E-46
6.61502194E-46
5.87488047E-46
5.87488047E-46
5.87488047E-46
5.87488047E-46
5.87488047E-46
5.87488047E-46
5.87488047E-46
5.87488047E-46
5.87488047E-46
5.87488047E-46
5.87488047E-46
5.87488047E-46
5.87488047E-46
5.87488047E-46
5.87488047E-46
5.87488047E-46
5.87488047E-46
5.87488047E-46
5.87488047E-46
5.87488047E-46
5.87488047E-46
5.21755194E-46
5.21755194E-46
5.21755194E-46
5.21755194E-46
5.21755194E-46
5.21755194E-46
5.21755194E-46
5.21755194E-46
5.21755194E-46
5.21755194E-46
5.21755194E-46
5.21755194E-46
5.21755194E-46
5.21755194E-46
5.21755194E-46
5.21755194E-46
5.21755194E-46
5.21755194E-46
5.21755194E-46
5.21755194E-46
5.21755194E-46
5.21755194E-46
4.63377057E-46
4.63377057E-46
4.63377057E-46
4.63377057E-46
4.63377057E-46
4.63377057E-46
4.63377057E-46
4.63377057E-46
4.63377057E-46
4.63377057E-46
4.63377057E-46
4.63377057E-46
4.63377057E-46
4.63377057E-46
4.63377057E-46
4.63377057E-46
4.63377057E-46
4.63377057E-46
4.63377057E-46
4.63377057E-46
4.63377057E-46
4.11530732E-46
4.11530732E-46
4.11530732E-46
4.11530732E-46
4.11530732E-46
4.11530732E-46
4.11530732E-46
4.11530732E-46
4.11530732E-46
4.11530732E-46
4.11530732E-46
4.11530732E-46
4.11530732E-46
4.11530732E-46
4.11530732E-46
4.11530732E-46
4.11530732E-46
4.11530732E-46
4.11530732E-46
4.11530732E-46
4.11530732E-46
4.11530732E-46
3.65485388E-46
3.65485388E-46
3.65485388E-46
3.65485388E-46
3.65485388E-46
3.65485388E-46
3.65485388E-46
3.65485388E-46
3.65485388E-46
3.65485388E-46
3.65485388E-46
3.65485388E-46
3.65485388E-46
3.65485388E-46
3.65485388E-46
3.65485388E-46
3.65485388E-46
3.65485388E-46
3.65485388E-46
3.65485388E-46
3.65485388E-46
3.24591965E-46
3.24591965E-46
3.24591965E-46
3.24591965E-46
3.24591965E-46
3.24591965E-46
3.24591965E-46
3.24591965E-46
3.24591965E-46
3.24591965E-46
3.24591965E-46
3.24591965E-46
3.24591965E-46
3.24591965E-46
3.24591965E-46
3.24591965E-46
3.24591965E-46
3.24591965E-46
3.24591965E-46
3.24591965E-46
3.24591965E-46
3.24591965E-46
2.88274024E-46
2.88274024E-46
2.88274024E-46
2.88274024E-46
2.88274024E-46
2.88274024E-46
2.88274024E-46
2.88274024E-46
2.88274024E-46
2.88274024E-46
2.88274024E-46
2.88274024E-46
2.88274024E-46
2.88274024E-46
2.88274024E-46
2.88274024E-46
2.88274024E-46
2.88274024E-46
2.88274024E-46
2.88274024E-46
2.88274024E-46
2.56019625E-46
2.56019625E-46
2.56019625E-46
2.56019625E-46
2.56019625E-46
2.56019625E-46
2.56019625E-46
2.56019625E-46
2.56019625E-46
2.56019625E-46
2.56019625E-46
2.56019625E-46
2.56019625E-46
2.56019625E-46
2.56019625E-46
2.56019625E-46
2.56019625E-46
2.56019625E-46
2.56019625E-46
2.56019625E-46
2.56019625E-46
2.56019625E-46
2.27374105E-46
2.27374105E-46
2.27374105E-46
2.27374105E-46
2.27374105E-46
2.27374105E-46
2.27374105E-46
2.27374105E-46
2.27374105E-46
2.27374105E-46
2.27374105E-46
2.27374105E-46
2.27374105E-46
2.27374105E-46
2.27374105E-46
2.27374105E-46
2.27374105E-46
2.27374105E-46
2.27374105E-46
2.27374105E-46
2.27374105E-46
2.01933675E-46
2.01933675E-46
2.01933675E-46
2.01933675E-46
2.01933675E-46
2.01933675E-46
2.01933675E-46
2.01933675E-46
2.01933675E-46
2.01933675E-46
2.01933675E-46
2.01933675E-46
2.01933675E-46
2.01933675E-46
2.01933675E-46
2.01933675E-46
2.01933675E-46
2.01933675E-46
2.01933675E-46
2.01933675E-46
2.01933675E-46
2.01933675E-46
1.79339723E-46
1.79339723E-46
1.79339723E-46
1.79339723E-46
1.79339723E-46
1.79339723E-46
1.79339723E-46
1.79339723E-46
1.79339723E-46
1.79339723E-46
1.79339723E-46
1.79339723E-46
1.79339723E-46
1.79339723E-46
1.79339723E-46
1.79339723E-46
1.79339723E-46
1.79339723E-46
1.79339723E-46
1.79339723E-46
1.79339723E-46
1.59273763E-46
1.59273763E-46
1.59273763E-46
1.59273763E-46
1.59273763E-46
1.59273763E-46
1.59273763E-46
1.59273763E-46
1.59273763E-46
1.59273763E-46
1.59273763E-46
1.59273763E-46
1.59273763E-46
1.59273763E-46
1.59273763E-46
1.59273763E-46
1.59273763E-46
1.59273763E-46
1.59273763E-46
1.59273763E-46
1.59273763E-46
1.59273763E-46
1.41452943E-46
1.41452943E-46
1.41452943E-46
1.41452943E-46
1.41452943E-46
1.41452943E-46
1.41452943E-46
1.41452943E-46
1.41452943E-46
1.41452943E-46
1.41452943E-46
1.41452943E-46
1.41452943E-46
1.41452943E-46
1.41452943E-46
1.41452943E-46
1.41452943E-46
1.41452943E-46
1.41452943E-46
1.41452943E-46
1.41452943E-46
1.25626058E-46
1.25626058E-46
1.25626058E-46
1.25626058E-46
1.25626058E-46
1.25626058E-46
1.25626058E-46
1.25626058E-46
1.25626058E-46
1.25626058E-46
1.25626058E-46
1.25626058E-46
1.25626058E-46
1.25626058E-46
1.25626058E-46
1.25626058E-46
1.25626058E-46
1.25626058E-46
1.25626058E-46
1.25626058E-46
1.25626058E-46
1.25626058E-46
1.11570012E-46
1.11570012E-46
1.11570012E-46
1.11570012E-46
1.11570012E-46
1.11570012E-46
1.11570012E-46
1.11570012E-46
1.11570012E-46
1.11570012E-46
1.11570012E-46
1.11570012E-46
1.11570012E-46
1.11570012E-46
1.11570012E-46
1.11570012E-46
1.11570012E-46
1.11570012E-46
1.11570012E-46
1.11570012E-46
1.11570012E-46
9.90866682E-47
9.90866682E-47
9.90866682E-47
9.90866682E-47
9.90866682E-47
9.90866682E-47
9.90866682E-47
9.90866682E-47
9.90866682E-47
9.90866682E-47
9.90866682E-47
9.90866682E-47
9.90866682E-47
9.90866682E-47
9.90866682E-47
9.90866682E-47
9.90866682E-47
9.90866682E-47
9.90866682E-47
9.90866682E-47
9.90866682E-47
9.90866682E-47
8.80000607E-47
8.80000607E-47
8.80000607E-47
8.80000607E-47
8.80000607E-47
8.80000607E-47
8.80000607E-47
8.80000607E-47
8.80000607E-47
8.80000607E-47
8.80000607E-47
8.80000607E-47
8.80000607E-47
8.80000607E-47
8.80000607E-47
8.80000607E-47
8.80000607E-47
8.80000607E-47
8.80000607E-47
8.80000607E-47
8.80000607E-47
7.81539113E-47
7.81539113E-47
7.81539113E-47
7.81539113E-47
7.81539113E-47
7.81539113E-47
7.81539113E-47
7.81539113E-47
7.81539113E-47
7.81539113E-47
7.81539113E-47
7.81539113E-47
7.81539113E-47
7.81539113E-47
7.81539113E-47
7.81539113E-47
7.81539113E-47
7.81539113E-47
7.81539113E-47
7.81539113E-47
7.81539113E-47
7.81539113E-47
6.94094277E-47
6.94094277E-47
6.94094277E-47
6.94094277E-47
6.94094277E-47
6.94094277E-47
6.94094277E-47
6.94094277E-47
6.94094277E-47
6.94094277E-47
6.94094277E-47
6.94094277E-47
6.94094277E-47
6.94094277E-47
6.94094277E-47
6.94094277E-47
6.94094277E-47
6.94094277E-47
6.94094277E-47
6.94094277E-47
6.94094277E-47
6.16433468E-47
6.16433468E-47
6.16433468E-47
6.16433468E-47
6.16433468E-47
6.16433468E-47
6.16433468E-47
6.16433468E-47
6.16433468E-47
6.16433468E-47
6.16433468E-47
6.16433468E-47
6.16433468E-47
6.16433468E-47
6.16433468E-47
6.16433468E-47
6.16433468E-47
6.16433468E-47
6.16433468E-47
6.16433468E-47
6.16433468E-47
6.16433468E-47
5.47461970E-47
5.47461970E-47
5.47461970E-47
5.47461970E-47
5.47461970E-47
5.47461970E-47
5.47461970E-47
5.47461970E-47
5.47461970E-47
5.47461970E-47
5.47461970E-47
5.47461970E-47
5.47461970E-47
5.47461970E-47
5.47461970E-47
5.47461970E-47
5.47461970E-47
5.47461970E-47
5.47461970E-47
5.47461970E-47
5.47461970E-47
4.86207553E-47
4.86207553E-47
4.86207553E-47
4.86207553E-47
4.86207553E-47
4.86207553E-47
4.86207553E-47
4.86207553E-47
4.86207553E-47
4.86207553E-47
4.86207553E-47
4.86207553E-47
4.86207553E-47
4.86207553E-47
4.86207553E-47
4.86207553E-47
4.86207553E-47
4.86207553E-47
4.86207553E-47
4.86207553E-47
4.86207553E-47
4.86207553E-47
4.31806771E-47
4.31806771E-47
4.31806771E-47
4.31806771E-47
4.31806771E-47
4.31806771E-47
4.31806771E-47
4.31806771E-47
4.31806771E-47
4.31806771E-47
4.31806771E-47
4.31806771E-47
4.31806771E-47
4.31806771E-47
4.31806771E-47
4.31806771E-47
4.31806771E-47
4.31806771E-47
4.31806771E-47
4.31806771E-47
4.31806771E-47
3.83492781E-47
3.83492781E-47
3.83492781E-47
3.83492781E-47
3.83492781E-47
3.83492781E-47
3.83492781E-47
3.83492781E-47
3.83492781E-47
3.83492781E-47
3.83492781E-47
3.83492781E-47
3.83492781E-47
3.83492781E-47
3.83492781E-47
3.83492781E-47
3.83492781E-47
3.83492781E-47
3.83492781E-47
3.83492781E-47
3.83492781E-47
3.83492781E-47
3.40584547E-47
3.40584547E-47
3.40584547E-47
3.40584547E-47
3.40584547E-47
3.40584547E-47
3.40584547E-47
3.40584547E-47
3.40584547E-47
3.40584547E-47
3.40584547E-47
3.40584547E-47
3.40584547E-47
3.40584547E-47
3.40584547E-47
3.40584547E-47
3.40584547E-47
3.40584547E-47
3.40584547E-47
3.40584547E-47
3.40584547E-47
3.02477229E-47
3.02477229E-47
3.02477229E-47
3.02477229E-47
3.02477229E-47
3.02477229E-47
3.02477229E-47
3.02477229E-47
3.02477229E-47
3.02477229E-47
3.02477229E-47
3.02477229E-47
3.02477229E-47
3.02477229E-47
3.02477229E-47
3.02477229E-47
3.02477229E-47
3.02477229E-47
3.02477229E-47
3.02477229E-47
3.02477229E-47
3.02477229E-47
2.68633662E-47
2.68633662E-47
2.68633662E-47
2.68633662E-47
2.68633662E-47
2.68633662E-47
2.68633662E-47
2.68633662E-47
2.68633662E-47
2.68633662E-47
2.68633662E-47
2.68633662E-47
2.68633662E-47
2.68633662E-47
2.68633662E-47
2.68633662E-47
2.68633662E-47
2.68633662E-47
2.68633662E-47
2.68633662E-47
2.68633662E-47
2.38576783E-47
2.38576783E-47
2.38576783E-47
2.38576783E-47
2.38576783E-47
2.38576783E-47
2.38576783E-47
2.38576783E-47
2.38576783E-47
2.38576783E-47
2.38576783E-47
2.38576783E-47
2.38576783E-47
2.38576783E-47
2.38576783E-47
2.38576783E-47
2.38576783E-47
2.38576783E-47
2.38576783E-47
2.38576783E-47
2.38576783E-47
2.38576783E-47
2.11882907E-47
2.11882907E-47
2.11882907E-47
2.11882907E-47
2.11882907E-47
2.11882907E-47
2.11882907E-47
2.11882907E-47
2.11882907E-47
2.11882907E-47
2.11882907E-47
2.11882907E-47
2.11882907E-47
2.11882907E-47
2.11882907E-47
2.11882907E-47
2.11882907E-47
2.11882907E-47
2.11882907E-47
2.11882907E-47
2.11882907E-47
1.88175756E-47
1.88175756E-47
1.88175756E-47
1.88175756E-47
1.88175756E-47
1.88175756E-47
1.88175756E-47
1.88175756E-47
1.88175756E-47
1.88175756E-47
1.88175756E-47
1.88175756E-47
1.88175756E-47
1.88175756E-47
1.88175756E-47
1.88175756E-47
1.88175756E-47
1.88175756E-47
1.88175756E-47
1.88175756E-47
1.88175756E-47
1.88175756E-47
1.67121150E-47
1.67121150E-47
1.67121150E-47
1.67121150E-47
1.67121150E-47
1.67121150E-47
1.67121150E-47
1.67121150E-47
1.67121150E-47
1.67121150E-47
1.67121150E-47
1.67121150E-47
1.67121150E-47
1.67121150E-47
1.67121150E-47
1.67121150E-47
1.67121150E-47
1.67121150E-47
1.67121150E-47
1.67121150E-47
1.67121150E-47
1.48422302E-47
1.48422302E-47
1.48422302E-47
1.48422302E-47
1.48422302E-47
1.48422302E-47
1.48422302E-47
1.48422302E-47
1.48422302E-47
1.48422302E-47
1.48422302E-47
1.48422302E-47
1.48422302E-47
1.48422302E-47
1.48422302E-47
1.48422302E-47
1.48422302E-47
1.48422302E-47
1.48422302E-47
1.48422302E-47
1.48422302E-47
1.48422302E-47
1.31815629E-47
1.31815629E-47
1.31815629E-47
1.31815629E-47
1.31815629E-47
1.31815629E-47
1.31815629E-47
1.31815629E-47
1.31815629E-47
1.31815629E-47
1.31815629E-47
1.31815629E-47
1.31815629E-47
1.31815629E-47
1.31815629E-47
1.31815629E-47
1.31815629E-47
1.31815629E-47
1.31815629E-47
1.31815629E-47
1.31815629E-47
1.17067044E-47
1.17067044E-47
1.17067044E-47
1.17067044E-47
1.17067044E-47
1.17067044E-47
1.17067044E-47
1.17067044E-47
1.17067044E-47
1.17067044E-47
1.17067044E-47
1.17067044E-47
1.17067044E-47
1.17067044E-47
1.17067044E-47
1.17067044E-47
1.17067044E-47
1.17067044E-47
1.17067044E-47
1.17067044E-47
1.17067044E-47
1.17067044E-47
1.03968649E-47
1.03968649E-47
1.03968649E-47
1.03968649E-47
1.03968649E-47
1.03968649E-47
1.03968649E-47
1.03968649E-47
1.03968649E-47
1.03968649E-47
1.03968649E-47
1.03968649E-47
1.03968649E-47
1.03968649E-47
1.03968649E-47
1.03968649E-47
1.03968649E-47
1.03968649E-47
1.03968649E-47
1.03968649E-47
1.03968649E-47
9.23358063E-48
9.23358063E-48
9.23358063E-48
9.23358063E-48
9.23358063E-48
9.23358063E-48
9.23358063E-48
9.23358063E-48
9.23358063E-48
9.23358063E-48
9.23358063E-48
9.23358063E-48
9.23358063E-48
9.23358063E-48
9.23358063E-48
9.23358063E-48
9.23358063E-48
9.23358063E-48
9.23358063E-48
9.23358063E-48
9.23358063E-48
9.23358063E-48
8.20045391E-48
8.20045391E-48
8.20045391E-48
8.20045391E-48
8.20045391E-48
8.20045391E-48
8.20045391E-48
8.20045391E-48
8.20045391E-48
8.20045391E-48
8.20045391E-48
8.20045391E-48
8.20045391E-48
8.20045391E-48
8.20045391E-48
8.20045391E-48
8.20045391E-48
8.20045391E-48
8.20045391E-48
8.20045391E-48
8.20045391E-48
7.28292165E-48
7.28292165E-48
7.28292165E-48
7.28292165E-48
7.28292165E-48
7.28292165E-48
7.28292165E-48
7.28292165E-48
7.28292165E-48
7.28292165E-48
7.28292165E-48
7.28292165E-48
7.28292165E-48
7.28292165E-48
7.28292165E-48
7.28292165E-48
7.28292165E-48
7.28292165E-48
7.28292165E-48
7.28292165E-48
7.28292165E-48
7.28292165E-48
6.46805023E-48
6.46805023E-48
6.46805023E-48
6.46805023E-48
6.46805023E-48
6.46805023E-48
6.46805023E-48
6.46805023E-48
6.46805023E-48
6.46805023E-48
6.46805023E-48
6.46805023E-48
6.46805023E-48
6.46805023E-48
6.46805023E-48
6.46805023E-48
6.46805023E-48
6.46805023E-48
6.46805023E-48
6.46805023E-48
6.46805023E-48
5.74435313E-48
5.74435313E-48
5.74435313E-48
5.74435313E-48
5.74435313E-48
5.74435313E-48
5.74435313E-48
5.74435313E-48
5.74435313E-48
5.74435313E-48
5.74435313E-48
5.74435313E-48
5.74435313E-48
5.74435313E-48
5.74435313E-48
5.74435313E-48
5.74435313E-48
5.74435313E-48
5.74435313E-48
5.74435313E-48
5.74435313E-48
5.74435313E-48
5.10162904E-48
5.10162904E-48
5.10162904E-48
5.10162904E-48
5.10162904E-48
5.10162904E-48
5.10162904E-48
5.10162904E-48
5.10162904E-48
5.10162904E-48
5.10162904E-48
5.10162904E-48
5.10162904E-48
5.10162904E-48
5.10162904E-48
5.10162904E-48
5.10162904E-48
5.10162904E-48
5.10162904E-48
5.10162904E-48
5.10162904E-48
4.53081805E-48
4.53081805E-48
4.53081805E-48
4.53081805E-48
4.53081805E-48
4.53081805E-48
4.53081805E-48
4.53081805E-48
4.53081805E-48
4.53081805E-48
4.53081805E-48
4.53081805E-48
4.53081805E-48
4.53081805E-48
4.53081805E-48
4.53081805E-48
4.53081805E-48
4.53081805E-48
4.53081805E-48
4.53081805E-48
4.53081805E-48
4.53081805E-48
4.02387395E-48
4.02387395E-48
4.02387395E-48
4.02387395E-48
4.02387395E-48
4.02387395E-48
4.02387395E-48
4.02387395E-48
4.02387395E-48
4.02387395E-48
4.02387395E-48
4.02387395E-48
4.02387395E-48
4.02387395E-48
4.02387395E-48
4.02387395E-48
4.02387395E-48
4.02387395E-48
4.02387395E-48
4.02387395E-48
4.02387395E-48
3.57365081E-48
3.57365081E-48
3.57365081E-48
3.57365081E-48
3.57365081E-48
3.57365081E-48
3.57365081E-48
3.57365081E-48
3.57365081E-48
3.57365081E-48
3.57365081E-48
3.57365081E-48
3.57365081E-48
3.57365081E-48
3.57365081E-48
3.57365081E-48
3.57365081E-48
3.57365081E-48
3.57365081E-48
3.57365081E-48
3.57365081E-48
3.57365081E-48
3.17380222E-48
3.17380222E-48
3.17380222E-48
3.17380222E-48
3.17380222E-48
3.17380222E-48
3.17380222E-48
3.17380222E-48
3.17380222E-48
3.17380222E-48
3.17380222E-48
3.17380222E-48
3.17380222E-48
3.17380222E-48
3.17380222E-48
3.17380222E-48
3.17380222E-48
3.17380222E-48
3.17380222E-48
3.17380222E-48
3.17380222E-48
2.81869189E-48
2.81869189E-48
2.81869189E-48
2.81869189E-48
2.81869189E-48
2.81869189E-48
2.81869189E-48
2.81869189E-48
2.81869189E-48
2.81869189E-48
2.81869189E-48
2.81869189E-48
2.81869189E-48
2.81869189E-48
2.81869189E-48
2.81869189E-48
2.81869189E-48
2.81869189E-48
2.81869189E-48
2.81869189E-48
2.81869189E-48
2.81869189E-48
2.50331414E-48
2.50331414E-48
2.50331414E-48
2.50331414E-48
2.50331414E-48
2.50331414E-48
2.50331414E-48
2.50331414E-48
2.50331414E-48
2.50331414E-48
2.50331414E-48
2.50331414E-48
2.50331414E-48
2.50331414E-48
2.50331414E-48
2.50331414E-48
2.50331414E-48
2.50331414E-48
2.50331414E-48
2.50331414E-48
2.50331414E-48
2.22322337E-48
2.22322337E-48
2.22322337E-48
2.22322337E-48
2.22322337E-48
2.22322337E-48
2.22322337E-48
2.22322337E-48
2.22322337E-48
2.22322337E-48
2.22322337E-48
2.22322337E-48
2.22322337E-48
2.22322337E-48
2.22322337E-48
2.22322337E-48
2.22322337E-48
2.22322337E-48
2.22322337E-48
2.22322337E-48
2.22322337E-48
2.22322337E-48
1.97447139E-48
1.97447139E-48
1.97447139E-48
1.97447139E-48
1.97447139E-48
1.97447139E-48
1.97447139E-48
1.97447139E-48
1.97447139E-48
1.97447139E-48
1.97447139E-48
1.97447139E-48
1.97447139E-48
1.97447139E-48
1.97447139E-48
1.97447139E-48
1.97447139E-48
1.97447139E-48
1.97447139E-48
1.97447139E-48
1.97447139E-48
1.75355176E-48
1.75355176E-48
1.75355176E-48
1.75355176E-48
1.75355176E-48
1.75355176E-48
1.75355176E-48
1.75355176E-48
1.75355176E-48
1.75355176E-48
1.75355176E-48
1.75355176E-48
1.75355176E-48
1.75355176E-48
1.75355176E-48
1.75355176E-48
1.75355176E-48
1.75355176E-48
1.75355176E-48
1.75355176E-48
1.75355176E-48
1.75355176E-48
1.55735039E-48
1.55735039E-48
1.55735039E-48
1.55735039E-48
1.55735039E-48
1.55735039E-48
1.55735039E-48
1.55735039E-48
1.55735039E-48
1.55735039E-48
1.55735039E-48
1.55735039E-48
1.55735039E-48
1.55735039E-48
1.55735039E-48
1.55735039E-48
1.55735039E-48
1.55735039E-48
1.55735039E-48
1.55735039E-48
1.55735039E-48
1.38310160E-48
1.38310160E-48
1.38310160E-48
1.38310160E-48
1.38310160E-48
1.38310160E-48
1.38310160E-48
1.38310160E-48
1.38310160E-48
1.38310160E-48
1.38310160E-48
1.38310160E-48
1.38310160E-48
1.38310160E-48
1.38310160E-48
1.38310160E-48
1.38310160E-48
1.38310160E-48
1.38310160E-48
1.38310160E-48
1.38310160E-48
1.38310160E-48
1.22834915E-48
1.22834915E-48
1.22834915E-48
1.22834915E-48
1.22834915E-48
1.22834915E-48
1.22834915E-48
1.22834915E-48
1.22834915E-48
1.22834915E-48
1.22834915E-48
1.22834915E-48
1.22834915E-48
1.22834915E-48
1.22834915E-48
1.22834915E-48
1.22834915E-48
1.22834915E-48
1.22834915E-48
1.22834915E-48
1.22834915E-48
1.09091164E-48
1.09091164E-48
1.09091164E-48
1.09091164E-48
1.09091164E-48
1.09091164E-48
1.09091164E-48
1.09091164E-48
1.09091164E-48
1.09091164E-48
1.09091164E-48
1.09091164E-48
1.09091164E-48
1.09091164E-48
1.09091164E-48
1.09091164E-48
1.09091164E-48
1.09091164E-48
1.09091164E-48
1.09091164E-48
1.09091164E-48
1.09091164E-48
9.68851733E-49
9.68851733E-49
9.68851733E-49
9.68851733E-49
9.68851733E-49
9.68851733E-49
9.68851733E-49
9.68851733E-49
9.68851733E-49
9.68851733E-49
9.68851733E-49
9.68851733E-49
9.68851733E-49
9.68851733E-49
9.68851733E-49
9.68851733E-49
9.68851733E-49
9.68851733E-49
9.68851733E-49
9.68851733E-49
9.68851733E-49
8.60448866E-49
8.60448866E-49
8.60448866E-49
8.60448866E-49
8.60448866E-49
8.60448866E-49
8.60448866E-49
8.60448866E-49
8.60448866E-49
8.60448866E-49
8.60448866E-49
8.60448866E-49
8.60448866E-49
8.60448866E-49
8.60448866E-49
8.60448866E-49
8.60448866E-49
8.60448866E-49
8.60448866E-49
8.60448866E-49
8.60448866E-49
8.60448866E-49
7.64174977E-49
7.64174977E-49
7.64174977E-49
7.64174977E-49
7.64174977E-49
7.64174977E-49
7.64174977E-49
7.64174977E-49
7.64174977E-49
7.64174977E-49
7.64174977E-49
7.64174977E-49
7.64174977E-49
7.64174977E-49
7.64174977E-49
7.64174977E-49
7.64174977E-49
7.64174977E-49
7.64174977E-49
7.64174977E-49
7.64174977E-49
6.78672979E-49
6.78672979E-49
6.78672979E-49
6.78672979E-49
6.78672979E-49
6.78672979E-49
6.78672979E-49
6.78672979E-49
6.78672979E-49
6.78672979E-49
6.78672979E-49
6.78672979E-49
6.78672979E-49
6.78672979E-49
6.78672979E-49
6.78672979E-49
6.78672979E-49
6.78672979E-49
6.78672979E-49
6.78672979E-49
6.78672979E-49
6.78672979E-49
6.02737628E-49
6.02737628E-49
6.02737628E-49
6.02737628E-49
6.02737628E-49
6.02737628E-49
6.02737628E-49
6.02737628E-49
6.02737628E-49
6.02737628E-49
6.02737628E-49
6.02737628E-49
6.02737628E-49
6.02737628E-49
6.02737628E-49
6.02737628E-49
6.02737628E-49
6.02737628E-49
6.02737628E-49
6.02737628E-49
6.02737628E-49
5.35298530E-49
5.35298530E-49
5.35298530E-49
5.35298530E-49
5.35298530E-49
5.35298530E-49
5.35298530E-49
5.35298530E-49
5.35298530E-49
5.35298530E-49
5.35298530E-49
5.35298530E-49
5.35298530E-49
5.35298530E-49
5.35298530E-49
5.35298530E-49
5.35298530E-49
5.35298530E-49
5.35298530E-49
5.35298530E-49
5.35298530E-49
5.35298530E-49
4.75405056E-49
4.75405056E-49
4.75405056E-49
4.75405056E-49
4.75405056E-49
4.75405056E-49
4.75405056E-49
4.75405056E-49
4.75405056E-49
4.75405056E-49
4.75405056E-49
4.75405056E-49
4.75405056E-49
4.75405056E-49
4.75405056E-49
4.75405056E-49
4.75405056E-49
4.75405056E-49
4.75405056E-49
4.75405056E-49
4.75405056E-49
4.22212943E-49
4.22212943E-49
4.22212943E-49
4.22212943E-49
4.22212943E-49
4.22212943E-49
4.22212943E-49
4.22212943E-49
4.22212943E-49
4.22212943E-49
4.22212943E-49
4.22212943E-49
4.22212943E-49
4.22212943E-49
4.22212943E-49
4.22212943E-49
4.22212943E-49
4.22212943E-49
4.22212943E-49
4.22212943E-49
4.22212943E-49
4.22212943E-49
3.74972388E-49
3.74972388E-49
3.74972388E-49
3.74972388E-49
3.74972388E-49
3.74972388E-49
3.74972388E-49
3.74972388E-49
3.74972388E-49
3.74972388E-49
3.74972388E-49
3.74972388E-49
3.74972388E-49
3.74972388E-49
3.74972388E-49
3.74972388E-49
3.74972388E-49
3.74972388E-49
3.74972388E-49
3.74972388E-49
3.74972388E-49
3.33017484E-49
3.33017484E-49
3.33017484E-49
3.33017484E-49
3.33017484E-49
3.33017484E-49
3.33017484E-49
3.33017484E-49
3.33017484E-49
3.33017484E-49
3.33017484E-49
3.33017484E-49
3.33017484E-49
3.33017484E-49
3.33017484E-49
3.33017484E-49
3.33017484E-49
3.33017484E-49
3.33017484E-49
3.33017484E-49
3.33017484E-49
3.33017484E-49
2.95756829E-49
2.95756829E-49
2.95756829E-49
2.95756829E-49
2.95756829E-49
2.95756829E-49
2.95756829E-49
2.95756829E-49
2.95756829E-49
2.95756829E-49
2.95756829E-49
2.95756829E-49
2.95756829E-49
2.95756829E-49
2.95756829E-49
2.95756829E-49
2.95756829E-49
2.95756829E-49
2.95756829E-49
2.95756829E-49
2.95756829E-49
2.62665193E-49
2.62665193E-49
2.62665193E-49
2.62665193E-49
2.62665193E-49
2.62665193E-49
2.62665193E-49
2.62665193E-49
2.62665193E-49
2.62665193E-49
2.62665193E-49
2.62665193E-49
2.62665193E-49
2.62665193E-49
2.62665193E-49
2.62665193E-49
2.62665193E-49
2.62665193E-49
2.62665193E-49
2.62665193E-49
2.62665193E-49
2.62665193E-49
2.33276114E-49
2.33276114E-49
2.33276114E-49
2.33276114E-49
2.33276114E-49
2.33276114E-49
2.33276114E-49
2.33276114E-49
2.33276114E-49
2.33276114E-49
2.33276114E-49
2.33276114E-49
2.33276114E-49
2.33276114E-49
2.33276114E-49
2.33276114E-49
2.33276114E-49
2.33276114E-49
2.33276114E-49
2.33276114E-49
2.33276114E-49
2.07175320E-49
2.07175320E-49
2.07175320E-49
2.07175320E-49
2.07175320E-49
2.07175320E-49
2.07175320E-49
2.07175320E-49
2.07175320E-49
2.07175320E-49
2.07175320E-49
2.07175320E-49
2.07175320E-49
2.07175320E-49
2.07175320E-49
2.07175320E-49
2.07175320E-49
2.07175320E-49
2.07175320E-49
2.07175320E-49
2.07175320E-49
2.07175320E-49
1.83994891E-49
1.83994891E-49
1.83994891E-49
1.83994891E-49
1.83994891E-49
1.83994891E-49
1.83994891E-49
1.83994891E-49
1.83994891E-49
1.83994891E-49
1.83994891E-49
1.83994891E-49
1.83994891E-49
1.83994891E-49
1.83994891E-49
1.83994891E-49
1.83994891E-49
1.83994891E-49
1.83994891E-49
1.83994891E-49
1.83994891E-49
1.63408074E-49
1.63408074E-49
1.63408074E-49
1.63408074E-49
1.63408074E-49
1.63408074E-49
1.63408074E-49
1.63408074E-49
1.63408074E-49
1.63408074E-49
1.63408074E-49
1.63408074E-49
1.63408074E-49
1.63408074E-49
1.63408074E-49
1.63408074E-49
1.63408074E-49
1.63408074E-49
1.63408074E-49
1.63408074E-49
1.63408074E-49
1.63408074E-49
1.45124674E-49
1.45124674E-49
1.45124674E-49
1.45124674E-49
1.45124674E-49
1.45124674E-49
1.45124674E-49
1.45124674E-49
1.45124674E-49
1.45124674E-49
1.45124674E-49
1.45124674E-49
1.45124674E-49
1.45124674E-49
1.45124674E-49
1.45124674E-49
1.45124674E-49
1.45124674E-49
1.45124674E-49
1.45124674E-49
1.45124674E-49
1.28886967E-49
1.28886967E-49
1.28886967E-49
1.28886967E-49
1.28886967E-49
1.28886967E-49
1.28886967E-49
1.28886967E-49
1.28886967E-49
1.28886967E-49
1.28886967E-49
1.28886967E-49
1.28886967E-49
1.28886967E-49
1.28886967E-49
1.28886967E-49
1.28886967E-49
1.28886967E-49
1.28886967E-49
1.28886967E-49
1.28886967E-49
1.28886967E-49
1.14466064E-49
1.14466064E-49
1.14466064E-49
1.14466064E-49
1.14466064E-49
1.14466064E-49
1.14466064E-49
1.14466064E-49
1.14466064E-49
1.14466064E-49
1.14466064E-49
1.14466064E-49
1.14466064E-49
1.14466064E-49
1.14466064E-49
1.14466064E-49
1.14466064E-49
1.14466064E-49
1.14466064E-49
1.14466064E-49
1.14466064E-49
1.01658687E-49
1.01658687E-49
1.01658687E-49
1.01658687E-49
1.01658687E-49
1.01658687E-49
1.01658687E-49
1.01658687E-49
1.01658687E-49
1.01658687E-49
1.01658687E-49
1.01658687E-49
1.01658687E-49
1.01658687E-49
1.01658687E-49
1.01658687E-49
1.01658687E-49
1.01658687E-49
1.01658687E-49
1.01658687E-49
1.01658687E-49
1.01658687E-49
9.02843012E-50
9.02843012E-50
9.02843012E-50
9.02843012E-50
9.02843012E-50
9.02843012E-50
9.02843012E-50
9.02843012E-50
9.02843012E-50
9.02843012E-50
9.02843012E-50
9.02843012E-50
9.02843012E-50
9.02843012E-50
9.02843012E-50
9.02843012E-50
9.02843012E-50
9.02843012E-50
9.02843012E-50
9.02843012E-50
9.02843012E-50
8.01825727E-50
8.01825727E-50
8.01825727E-50
8.01825727E-50
8.01825727E-50
8.01825727E-50
8.01825727E-50
8.01825727E-50
8.01825727E-50
8.01825727E-50
8.01825727E-50
8.01825727E-50
8.01825727E-50
8.01825727E-50
8.01825727E-50
8.01825727E-50
8.01825727E-50
8.01825727E-50
8.01825727E-50
8.01825727E-50
8.01825727E-50
8.01825727E-50
7.12111063E-50
7.12111063E-50
7.12111063E-50
7.12111063E-50
7.12111063E-50
7.12111063E-50
7.12111063E-50
7.12111063E-50
7.12111063E-50
7.12111063E-50
7.12111063E-50
7.12111063E-50
7.12111063E-50
7.12111063E-50
7.12111063E-50
7.12111063E-50
7.12111063E-50
7.12111063E-50
7.12111063E-50
7.12111063E-50
7.12111063E-50
6.32434392E-50
6.32434392E-50
6.32434392E-50
6.32434392E-50
6.32434392E-50
6.32434392E-50
6.32434392E-50
6.32434392E-50
6.32434392E-50
6.32434392E-50
6.32434392E-50
6.32434392E-50
6.32434392E-50
6.32434392E-50
6.32434392E-50
6.32434392E-50
6.32434392E-50
6.32434392E-50
6.32434392E-50
6.32434392E-50
6.32434392E-50
6.32434392E-50
5.61672583E-50
5.61672583E-50
5.61672583E-50
5.61672583E-50
5.61672583E-50
5.61672583E-50
5.61672583E-50
5.61672583E-50
5.61672583E-50
5.61672583E-50
5.61672583E-50
5.61672583E-50
5.61672583E-50
5.61672583E-50
5.61672583E-50
5.61672583E-50
5.61672583E-50
5.61672583E-50
5.61672583E-50
5.61672583E-50
5.61672583E-50
4.98828170E-50
4.98828170E-50
4.98828170E-50
4.98828170E-50
4.98828170E-50
4.98828170E-50
4.98828170E-50
4.98828170E-50
4.98828170E-50
4.98828170E-50
4.98828170E-50
4.98828170E-50
4.98828170E-50
4.98828170E-50
4.98828170E-50
4.98828170E-50
4.98828170E-50
4.98828170E-50
4.98828170E-50
4.98828170E-50
4.98828170E-50
4.98828170E-50
4.43015292E-50
4.43015292E-50
4.43015292E-50
4.43015292E-50
4.43015292E-50
4.43015292E-50
4.43015292E-50
4.43015292E-50
4.43015292E-50
4.43015292E-50
4.43015292E-50
4.43015292E-50
4.43015292E-50
4.43015292E-50
4.43015292E-50
4.43015292E-50
4.43015292E-50
4.43015292E-50
4.43015292E-50
4.43015292E-50
4.43015292E-50
3.93447204E-50
3.93447204E-50
3.93447204E-50
3.93447204E-50
3.93447204E-50
3.93447204E-50
3.93447204E-50
3.93447204E-50
3.93447204E-50
3.93447204E-50
3.93447204E-50
3.93447204E-50
3.93447204E-50
3.93447204E-50
3.93447204E-50
3.93447204E-50
3.93447204E-50
3.93447204E-50
3.93447204E-50
3.93447204E-50
3.93447204E-50
3.93447204E-50
3.49425189E-50
3.49425189E-50
3.49425189E-50
3.49425189E-50
3.49425189E-50
3.49425189E-50
3.49425189E-50
3.49425189E-50
3.49425189E-50
3.49425189E-50
3.49425189E-50
3.49425189E-50
3.49425189E-50
3.49425189E-50
3.49425189E-50
3.49425189E-50
3.49425189E-50
3.49425189E-50
3.49425189E-50
3.49425189E-50
3.49425189E-50
3.10328709E-50
3.10328709E-50
3.10328709E-50
3.10328709E-50
3.10328709E-50
3.10328709E-50
3.10328709E-50
3.10328709E-50
3.10328709E-50
3.10328709E-50
3.10328709E-50
3.10328709E-50
3.10328709E-50
3.10328709E-50
3.10328709E-50
3.10328709E-50
3.10328709E-50
3.10328709E-50
3.10328709E-50
3.10328709E-50
3.10328709E-50
3.10328709E-50
2.75606656E-50
2.75606656E-50
2.75606656E-50
2.75606656E-50
2.75606656E-50
2.75606656E-50
2.75606656E-50
2.75606656E-50
2.75606656E-50
2.75606656E-50
2.75606656E-50
2.75606656E-50
2.75606656E-50
2.75606656E-50
2.75606656E-50
2.75606656E-50
2.75606656E-50
2.75606656E-50
2.75606656E-50
2.75606656E-50
2.75606656E-50
2.44769583E-50
2.44769583E-50
2.44769583E-50
2.44769583E-50
2.44769583E-50
2.44769583E-50
2.44769583E-50
2.44769583E-50
2.44769583E-50
2.44769583E-50
2.44769583E-50
2.44769583E-50
2.44769583E-50
2.44769583E-50
2.44769583E-50
2.44769583E-50
2.44769583E-50
2.44769583E-50
2.44769583E-50
2.44769583E-50
2.44769583E-50
2.44769583E-50
2.17382808E-50
2.17382808E-50
2.17382808E-50
2.17382808E-50
2.17382808E-50
2.17382808E-50
2.17382808E-50
2.17382808E-50
2.17382808E-50
2.17382808E-50
2.17382808E-50
2.17382808E-50
2.17382808E-50
2.17382808E-50
2.17382808E-50
2.17382808E-50
2.17382808E-50
2.17382808E-50
2.17382808E-50
2.17382808E-50
2.17382808E-50
1.93060283E-50
1.93060283E-50
1.93060283E-50
1.93060283E-50
1.93060283E-50
1.93060283E-50
1.93060283E-50
1.93060283E-50
1.93060283E-50
1.93060283E-50
1.93060283E-50
1.93060283E-50
1.93060283E-50
1.93060283E-50
1.93060283E-50
1.93060283E-50
1.93060283E-50
1.93060283E-50
1.93060283E-50
1.93060283E-50
1.93060283E-50
1.93060283E-50
1.71459157E-50
1.71459157E-50
1.71459157E-50
1.71459157E-50
1.71459157E-50
1.71459157E-50
1.71459157E-50
1.71459157E-50
1.71459157E-50
1.71459157E-50
1.71459157E-50
1.71459157E-50
1.71459157E-50
1.71459157E-50
1.71459157E-50
1.71459157E-50
1.71459157E-50
1.71459157E-50
1.71459157E-50
1.71459157E-50
1.71459157E-50
1.52274938E-50
1.52274938E-50
1.52274938E-50
1.52274938E-50
1.52274938E-50
1.52274938E-50
1.52274938E-50
1.52274938E-50
1.52274938E-50
1.52274938E-50
1.52274938E-50
1.52274938E-50
1.52274938E-50
1.52274938E-50
1.52274938E-50
1.52274938E-50
1.52274938E-50
1.52274938E-50
1.52274938E-50
1.52274938E-50
1.52274938E-50
1.52274938E-50
1.35237202E-50
1.35237202E-50
1.35237202E-50
1.35237202E-50
1.35237202E-50
1.35237202E-50
1.35237202E-50
1.35237202E-50
1.35237202E-50
1.35237202E-50
1.35237202E-50
1.35237202E-50
1.35237202E-50
1.35237202E-50
1.35237202E-50
1.35237202E-50
1.35237202E-50
1.35237202E-50
1.35237202E-50
1.35237202E-50
1.35237202E-50
1.20105784E-50
1.20105784E-50
1.20105784E-50
1.20105784E-50
1.20105784E-50
1.20105784E-50
1.20105784E-50
1.20105784E-50
1.20105784E-50
1.20105784E-50
1.20105784E-50
1.20105784E-50
1.20105784E-50
1.20105784E-50
1.20105784E-50
1.20105784E-50
1.20105784E-50
1.20105784E-50
1.20105784E-50
1.20105784E-50
1.20105784E-50
1.20105784E-50
1.06667390E-50
1.06667390E-50
1.06667390E-50
1.06667390E-50
1.06667390E-50
1.06667390E-50
1.06667390E-50
1.06667390E-50
1.06667390E-50
1.06667390E-50
1.06667390E-50
1.06667390E-50
1.06667390E-50
1.06667390E-50
1.06667390E-50
1.06667390E-50
1.06667390E-50
1.06667390E-50
1.06667390E-50
1.06667390E-50
1.06667390E-50
9.47325910E-51
9.47325910E-51
9.47325910E-51
9.47325910E-51
9.47325910E-51
9.47325910E-51
9.47325910E-51
9.47325910E-51
9.47325910E-51
9.47325910E-51
9.47325910E-51
9.47325910E-51
9.47325910E-51
9.47325910E-51
9.47325910E-51
9.47325910E-51
9.47325910E-51
9.47325910E-51
9.47325910E-51
9.47325910E-51
9.47325910E-51
9.47325910E-51
8.41331524E-51
8.41331524E-51
8.41331524E-51
8.41331524E-51
8.41331524E-51
8.41331524E-51
8.41331524E-51
8.41331524E-51
8.41331524E-51
8.41331524E-51
8.41331524E-51
8.41331524E-51
8.41331524E-51
8.41331524E-51
8.41331524E-51
8.41331524E-51
8.41331524E-51
8.41331524E-51
8.41331524E-51
8.41331524E-51
8.41331524E-51
7.47196635E-51
7.47196635E-51
7.47196635E-51
7.47196635E-51
7.47196635E-51
7.47196635E-51
7.47196635E-51
7.47196635E-51
7.47196635E-51
7.47196635E-51
7.47196635E-51
7.47196635E-51
7.47196635E-51
7.47196635E-51
7.47196635E-51
7.47196635E-51
7.47196635E-51
7.47196635E-51
7.47196635E-51
7.47196635E-51
7.47196635E-51
7.47196635E-51
6.63594310E-51
6.63594310E-51
6.63594310E-51
6.63594310E-51
6.63594310E-51
6.63594310E-51
6.63594310E-51
6.63594310E-51
6.63594310E-51
6.63594310E-51
6.63594310E-51
6.63594310E-51
6.63594310E-51
6.63594310E-51
6.63594310E-51
6.63594310E-51
6.63594310E-51
6.63594310E-51
6.63594310E-51
6.63594310E-51
6.63594310E-51
5.89346081E-51
5.89346081E-51
5.89346081E-51
5.89346081E-51
5.89346081E-51
5.89346081E-51
5.89346081E-51
5.89346081E-51
5.89346081E-51
5.89346081E-51
5.89346081E-51
5.89346081E-51
5.89346081E-51
5.89346081E-51
5.89346081E-51
5.89346081E-51
5.89346081E-51
5.89346081E-51
5.89346081E-51
5.89346081E-51
5.89346081E-51
5.89346081E-51
5.23405336E-51
5.23405336E-51
5.23405336E-51
5.23405336E-51
5.23405336E-51
5.23405336E-51
5.23405336E-51
5.23405336E-51
5.23405336E-51
5.23405336E-51
5.23405336E-51
5.23405336E-51
5.23405336E-51
5.23405336E-51
5.23405336E-51
5.23405336E-51
5.23405336E-51
5.23405336E-51
5.23405336E-51
5.23405336E-51
5.23405336E-51
4.64842568E-51
4.64842568E-51
4.64842568E-51
4.64842568E-51
4.64842568E-51
4.64842568E-51
4.64842568E-51
4.64842568E-51
4.64842568E-51
4.64842568E-51
4.64842568E-51
4.64842568E-51
4.64842568E-51
4.64842568E-51
4.64842568E-51
4.64842568E-51
4.64842568E-51
4.64842568E-51
4.64842568E-51
4.64842568E-51
4.64842568E-51
4.64842568E-51
4.12832270E-51
4.12832270E-51
4.12832270E-51
4.12832270E-51
4.12832270E-51
4.12832270E-51
4.12832270E-51
4.12832270E-51
4.12832270E-51
4.12832270E-51
4.12832270E-51
4.12832270E-51
4.12832270E-51
4.12832270E-51
4.12832270E-51
4.12832270E-51
4.12832270E-51
4.12832270E-51
4.12832270E-51
4.12832270E-51
4.12832270E-51
3.66641300E-51
3.66641300E-51
3.66641300E-51
3.66641300E-51
3.66641300E-51
3.66641300E-51
3.66641300E-51
3.66641300E-51
3.66641300E-51
3.66641300E-51
3.66641300E-51
3.66641300E-51
3.66641300E-51
3.66641300E-51
3.66641300E-51
3.66641300E-51
3.66641300E-51
3.66641300E-51
3.66641300E-51
3.66641300E-51
3.66641300E-51
3.66641300E-51
3.25618544E-51
3.25618544E-51
3.25618544E-51
3.25618544E-51
3.25618544E-51
3.25618544E-51
3.25618544E-51
3.25618544E-51
3.25618544E-51
3.25618544E-51
3.25618544E-51
3.25618544E-51
3.25618544E-51
3.25618544E-51
3.25618544E-51
3.25618544E-51
3.25618544E-51
3.25618544E-51
3.25618544E-51
3.25618544E-51
3.25618544E-51
2.89185741E-51
2.89185741E-51
2.89185741E-51
2.89185741E-51
2.89185741E-51
2.89185741E-51
2.89185741E-51
2.89185741E-51
2.89185741E-51
2.89185741E-51
2.89185741E-51
2.89185741E-51
2.89185741E-51
2.89185741E-51
2.89185741E-51
2.89185741E-51
2.89185741E-51
2.89185741E-51
2.89185741E-51
2.89185741E-51
2.89185741E-51
2.89185741E-51
2.56829332E-51
2.56829332E-51
2.56829332E-51
2.56829332E-51
2.56829332E-51
2.56829332E-51
2.56829332E-51
2.56829332E-51
2.56829332E-51
2.56829332E-51
2.56829332E-51
2.56829332E-51
2.56829332E-51
2.56829332E-51
2.56829332E-51
2.56829332E-51
2.56829332E-51
2.56829332E-51
2.56829332E-51
2.56829332E-51
2.56829332E-51
2.28093216E-51
2.28093216E-51
2.28093216E-51
2.28093216E-51
2.28093216E-51
2.28093216E-51
2.28093216E-51
2.28093216E-51
2.28093216E-51
2.28093216E-51
2.28093216E-51
2.28093216E-51
2.28093216E-51
2.28093216E-51
2.28093216E-51
2.28093216E-51
2.28093216E-51
2.28093216E-51
2.28093216E-51
2.28093216E-51
2.28093216E-51
2.28093216E-51
2.02572326E-51
2.02572326E-51
2.02572326E-51
2.02572326E-51
2.02572326E-51
2.02572326E-51
2.02572326E-51
2.02572326E-51
2.02572326E-51
2.02572326E-51
2.02572326E-51
2.02572326E-51
2.02572326E-51
2.02572326E-51
2.02572326E-51
2.02572326E-51
2.02572326E-51
2.02572326E-51
2.02572326E-51
2.02572326E-51
2.02572326E-51
1.79906916E-51
1.79906916E-51
1.79906916E-51
1.79906916E-51
1.79906916E-51
1.79906916E-51
1.79906916E-51
1.79906916E-51
1.79906916E-51
1.79906916E-51
1.79906916E-51
1.79906916E-51
1.79906916E-51
1.79906916E-51
1.79906916E-51
1.79906916E-51
1.79906916E-51
1.79906916E-51
1.79906916E-51
1.79906916E-51
1.79906916E-51
1.79906916E-51
1.59777494E-51
1.59777494E-51
1.59777494E-51
1.59777494E-51
1.59777494E-51
1.59777494E-51
1.59777494E-51
1.59777494E-51
1.59777494E-51
1.59777494E-51
1.59777494E-51
1.59777494E-51
1.59777494E-51
1.59777494E-51
1.59777494E-51
1.59777494E-51
1.59777494E-51
1.59777494E-51
1.59777494E-51
1.59777494E-51
1.59777494E-51
1.41900313E-51
1.41900313E-51
1.41900313E-51
1.41900313E-51
1.41900313E-51
1.41900313E-51
1.41900313E-51
1.41900313E-51
1.41900313E-51
1.41900313E-51
1.41900313E-51
1.41900313E-51
1.41900313E-51
1.41900313E-51
1.41900313E-51
1.41900313E-51
1.41900313E-51
1.41900313E-51
1.41900313E-51
1.41900313E-51
1.41900313E-51
1.41900313E-51
1.26023373E-51
1.26023373E-51
1.26023373E-51
1.26023373E-51
1.26023373E-51
1.26023373E-51
1.26023373E-51
1.26023373E-51
1.26023373E-51
1.26023373E-51
1.26023373E-51
1.26023373E-51
1.26023373E-51
1.26023373E-51
1.26023373E-51
1.26023373E-51
1.26023373E-51
1.26023373E-51
1.26023373E-51
1.26023373E-51
1.26023373E-51
1.11922872E-51
1.11922872E-51
1.11922872E-51
1.11922872E-51
1.11922872E-51
1.11922872E-51
1.11922872E-51
1.11922872E-51
1.11922872E-51
1.11922872E-51
1.11922872E-51
1.11922872E-51
1.11922872E-51
1.11922872E-51
1.11922872E-51
1.11922872E-51
1.11922872E-51
1.11922872E-51
1.11922872E-51
1.11922872E-51
1.11922872E-51
1.11922872E-51
9.94000471E-52
9.94000471E-52
9.94000471E-52
9.94000471E-52
9.94000471E-52
9.94000471E-52
9.94000471E-52
9.94000471E-52
9.94000471E-52
9.94000471E-52
9.94000471E-52
9.94000471E-52
9.94000471E-52
9.94000471E-52
9.94000471E-52
9.94000471E-52
9.94000471E-52
9.94000471E-52
9.94000471E-52
9.94000471E-52
9.94000471E-52
8.82783762E-52
8.82783762E-52
8.82783762E-52
8.82783762E-52
8.82783762E-52
8.82783762E-52
8.82783762E-52
8.82783762E-52
8.82783762E-52
8.82783762E-52
8.82783762E-52
8.82783762E-52
8.82783762E-52
8.82783762E-52
8.82783762E-52
8.82783762E-52
8.82783762E-52
8.82783762E-52
8.82783762E-52
8.82783762E-52
8.82783762E-52
8.82783762E-52
7.84010866E-52
7.84010866E-52
7.84010866E-52
7.84010866E-52
7.84010866E-52
7.84010866E-52
7.84010866E-52
7.84010866E-52
7.84010866E-52
7.84010866E-52
7.84010866E-52
7.84010866E-52
7.84010866E-52
7.84010866E-52
7.84010866E-52
7.84010866E-52
7.84010866E-52
7.84010866E-52
7.84010866E-52
7.84010866E-52
7.84010866E-52
6.96289471E-52
6.96289471E-52
6.96289471E-52
6.96289471E-52
6.96289471E-52
6.96289471E-52
6.96289471E-52
6.96289471E-52
6.96289471E-52
6.96289471E-52
6.96289471E-52
6.96289471E-52
6.96289471E-52
6.96289471E-52
6.96289471E-52
6.96289471E-52
6.96289471E-52
6.96289471E-52
6.96289471E-52
6.96289471E-52
6.96289471E-52
6.96289471E-52
6.18383046E-52
6.18383046E-52
6.18383046E-52
6.18383046E-52
6.18383046E-52
6.18383046E-52
6.18383046E-52
6.18383046E-52
6.18383046E-52
6.18383046E-52
6.18383046E-52
6.18383046E-52
6.18383046E-52
6.18383046E-52
6.18383046E-52
6.18383046E-52
6.18383046E-52
6.18383046E-52
6.18383046E-52
6.18383046E-52
6.18383046E-52
5.49193414E-52
5.49193414E-52
5.49193414E-52
5.49193414E-52
5.49193414E-52
5.49193414E-52
5.49193414E-52
5.49193414E-52
5.49193414E-52
5.49193414E-52
5.49193414E-52
5.49193414E-52
5.49193414E-52
5.49193414E-52
5.49193414E-52
5.49193414E-52
5.49193414E-52
5.49193414E-52
5.49193414E-52
5.49193414E-52
5.49193414E-52
5.49193414E-52
4.87745270E-52
4.87745270E-52
4.87745270E-52
4.87745270E-52
4.87745270E-52
4.87745270E-52
4.87745270E-52
4.87745270E-52
4.87745270E-52
4.87745270E-52
4.87745270E-52
4.87745270E-52
4.87745270E-52
4.87745270E-52
4.87745270E-52
4.87745270E-52
4.87745270E-52
4.87745270E-52
4.87745270E-52
4.87745270E-52
4.87745270E-52
4.33172435E-52
4.33172435E-52
4.33172435E-52
4.33172435E-52
4.33172435E-52
4.33172435E-52
4.33172435E-52
4.33172435E-52
4.33172435E-52
4.33172435E-52
4.33172435E-52
4.33172435E-52
4.33172435E-52
4.33172435E-52
4.33172435E-52
4.33172435E-52
4.33172435E-52
4.33172435E-52
4.33172435E-52
4.33172435E-52
4.33172435E-52
4.33172435E-52
3.84705644E-52
3.84705644E-52
3.84705644E-52
3.84705644E-52
3.84705644E-52
3.84705644E-52
3.84705644E-52
3.84705644E-52
3.84705644E-52
3.84705644E-52
3.84705644E-52
3.84705644E-52
3.84705644E-52
3.84705644E-52
3.84705644E-52
3.84705644E-52
3.84705644E-52
3.84705644E-52
3.84705644E-52
3.84705644E-52
3.84705644E-52
3.41661705E-52
3.41661705E-52
3.41661705E-52
3.41661705E-52
3.41661705E-52
3.41661705E-52
3.41661705E-52
3.41661705E-52
3.41661705E-52
3.41661705E-52
3.41661705E-52
3.41661705E-52
3.41661705E-52
3.41661705E-52
3.41661705E-52
3.41661705E-52
3.41661705E-52
3.41661705E-52
3.41661705E-52
3.41661705E-52
3.41661705E-52
3.41661705E-52
3.03433866E-52
3.03433866E-52
3.03433866E-52
3.03433866E-52
3.03433866E-52
3.03433866E-52
3.03433866E-52
3.03433866E-52
3.03433866E-52
3.03433866E-52
3.03433866E-52
3.03433866E-52
3.03433866E-52
3.03433866E-52
3.03433866E-52
3.03433866E-52
3.03433866E-52
3.03433866E-52
3.03433866E-52
3.03433866E-52
3.03433866E-52
2.69483262E-52
2.69483262E-52
2.69483262E-52
2.69483262E-52
2.69483262E-52
2.69483262E-52
2.69483262E-52
2.69483262E-52
2.69483262E-52
2.69483262E-52
2.69483262E-52
2.69483262E-52
2.69483262E-52
2.69483262E-52
2.69483262E-52
2.69483262E-52
2.69483262E-52
2.69483262E-52
2.69483262E-52
2.69483262E-52
2.69483262E-52
2.69483262E-52
2.39331323E-52
2.39331323E-52
2.39331323E-52
2.39331323E-52
2.39331323E-52
2.39331323E-52
2.39331323E-52
2.39331323E-52
2.39331323E-52
2.39331323E-52
2.39331323E-52
2.39331323E-52
2.39331323E-52
2.39331323E-52
2.39331323E-52
2.39331323E-52
2.39331323E-52
2.39331323E-52
2.39331323E-52
2.39331323E-52
2.39331323E-52
2.12553024E-52
2.12553024E-52
2.12553024E-52
2.12553024E-52
2.12553024E-52
2.12553024E-52
2.12553024E-52
2.12553024E-52
2.12553024E-52
2.12553024E-52
2.12553024E-52
2.12553024E-52
2.12553024E-52
2.12553024E-52
2.12553024E-52
2.12553024E-52
2.12553024E-52
2.12553024E-52
2.12553024E-52
2.12553024E-52
2.12553024E-52
2.12553024E-52
1.88770895E-52
1.88770895E-52
1.88770895E-52
1.88770895E-52
1.88770895E-52
1.88770895E-52
1.88770895E-52
1.88770895E-52
1.88770895E-52
1.88770895E-52
1.88770895E-52
1.88770895E-52
1.88770895E-52
1.88770895E-52
1.88770895E-52
1.88770895E-52
1.88770895E-52
1.88770895E-52
1.88770895E-52
1.88770895E-52
1.88770895E-52
1.67649700E-52
1.67649700E-52
1.67649700E-52
1.67649700E-52
1.67649700E-52
1.67649700E-52
1.67649700E-52
1.67649700E-52
1.67649700E-52
1.67649700E-52
1.67649700E-52
1.67649700E-52
1.67649700E-52
1.67649700E-52
1.67649700E-52
1.67649700E-52
1.67649700E-52
1.67649700E-52
1.67649700E-52
1.67649700E-52
1.67649700E-52
1.67649700E-52
1.48891713E-52
1.48891713E-52
1.48891713E-52
1.48891713E-52
1.48891713E-52
1.48891713E-52
1.48891713E-52
1.48891713E-52
1.48891713E-52
1.48891713E-52
1.48891713E-52
1.48891713E-52
1.48891713E-52
1.48891713E-52
1.48891713E-52
1.48891713E-52
1.48891713E-52
1.48891713E-52
1.48891713E-52
1.48891713E-52
1.48891713E-52
1.32232519E-52
1.32232519E-52
1.32232519E-52
1.32232519E-52
1.32232519E-52
1.32232519E-52
1.32232519E-52
1.32232519E-52
1.32232519E-52
1.32232519E-52
1.32232519E-52
1.32232519E-52
1.32232519E-52
1.32232519E-52
1.32232519E-52
1.32232519E-52
1.32232519E-52
1.32232519E-52
1.32232519E-52
1.32232519E-52
1.32232519E-52
1.32232519E-52
1.17437289E-52
1.17437289E-52
1.17437289E-52
1.17437289E-52
1.17437289E-52
1.17437289E-52
1.17437289E-52
1.17437289E-52
1.17437289E-52
1.17437289E-52
1.17437289E-52
1.17437289E-52
1.17437289E-52
1.17437289E-52
1.17437289E-52
1.17437289E-52
1.17437289E-52
1.17437289E-52
1.17437289E-52
1.17437289E-52
1.17437289E-52
1.04297468E-52
1.04297468E-52
1.04297468E-52
1.04297468E-52
1.04297468E-52
1.04297468E-52
1.04297468E-52
1.04297468E-52
1.04297468E-52
1.04297468E-52
1.04297468E-52
1.04297468E-52
1.04297468E-52
1.04297468E-52
1.04297468E-52
1.04297468E-52
1.04297468E-52
1.04297468E-52
1.04297468E-52
1.04297468E-52
1.04297468E-52
1.04297468E-52
9.26278344E-53
9.26278344E-53
9.26278344E-53
9.26278344E-53
9.26278344E-53
9.26278344E-53
9.26278344E-53
9.26278344E-53
9.26278344E-53
9.26278344E-53
9.26278344E-53
9.26278344E-53
9.26278344E-53
9.26278344E-53
9.26278344E-53
9.26278344E-53
9.26278344E-53
9.26278344E-53
9.26278344E-53
9.26278344E-53
9.26278344E-53
8.22638928E-53
8.22638928E-53
8.22638928E-53
8.22638928E-53
8.22638928E-53
8.22638928E-53
8.22638928E-53
8.22638928E-53
8.22638928E-53
8.22638928E-53
8.22638928E-53
8.22638928E-53
8.22638928E-53
8.22638928E-53
8.22638928E-53
8.22638928E-53
8.22638928E-53
8.22638928E-53
8.22638928E-53
8.22638928E-53
8.22638928E-53
8.22638928E-53
7.30595516E-53
7.30595516E-53
7.30595516E-53
7.30595516E-53
7.30595516E-53
7.30595516E-53
7.30595516E-53
7.30595516E-53
7.30595516E-53
7.30595516E-53
7.30595516E-53
7.30595516E-53
7.30595516E-53
7.30595516E-53
7.30595516E-53
7.30595516E-53
7.30595516E-53
7.30595516E-53
7.30595516E-53
7.30595516E-53
7.30595516E-53
6.48850657E-53
6.48850657E-53
6.48850657E-53
6.48850657E-53
6.48850657E-53
6.48850657E-53
6.48850657E-53
6.48850657E-53
6.48850657E-53
6.48850657E-53
6.48850657E-53
6.48850657E-53
6.48850657E-53
6.48850657E-53
6.48850657E-53
6.48850657E-53
6.48850657E-53
6.48850657E-53
6.48850657E-53
6.48850657E-53
6.48850657E-53
6.48850657E-53
5.76252065E-53
5.76252065E-53
5.76252065E-53
5.76252065E-53
5.76252065E-53
5.76252065E-53
5.76252065E-53
5.76252065E-53
5.76252065E-53
5.76252065E-53
5.76252065E-53
5.76252065E-53
5.76252065E-53
5.76252065E-53
5.76252065E-53
5.76252065E-53
5.76252065E-53
5.76252065E-53
5.76252065E-53
5.76252065E-53
5.76252065E-53
5.11776383E-53
5.11776383E-53
5.11776383E-53
5.11776383E-53
5.11776383E-53
5.11776383E-53
5.11776383E-53
5.11776383E-53
5.11776383E-53
5.11776383E-53
5.11776383E-53
5.11776383E-53
5.11776383E-53
5.11776383E-53
5.11776383E-53
5.11776383E-53
5.11776383E-53
5.11776383E-53
5.11776383E-53
5.11776383E-53
5.11776383E-53
5.11776383E-53
4.54514755E-53
4.54514755E-53
4.54514755E-53
4.54514755E-53
4.54514755E-53
4.54514755E-53
4.54514755E-53
4.54514755E-53
4.54514755E-53
4.54514755E-53
4.54514755E-53
4.54514755E-53
4.54514755E-53
4.54514755E-53
4.54514755E-53
4.54514755E-53
4.54514755E-53
4.54514755E-53
4.54514755E-53
4.54514755E-53
4.54514755E-53
4.03660016E-53
4.03660016E-53
4.03660016E-53
4.03660016E-53
4.03660016E-53
4.03660016E-53
4.03660016E-53
4.03660016E-53
4.03660016E-53
4.03660016E-53
4.03660016E-53
4.03660016E-53
4.03660016E-53
4.03660016E-53
4.03660016E-53
4.03660016E-53
4.03660016E-53
4.03660016E-53
4.03660016E-53
4.03660016E-53
4.03660016E-53
4.03660016E-53
3.58495310E-53
3.58495310E-53
3.58495310E-53
3.58495310E-53
3.58495310E-53
3.58495310E-53
3.58495310E-53
3.58495310E-53
3.58495310E-53
3.58495310E-53
3.58495310E-53
3.58495310E-53
3.58495310E-53
3.58495310E-53
3.58495310E-53
3.58495310E-53
3.58495310E-53
3.58495310E-53
3.58495310E-53
3.58495310E-53
3.58495310E-53
3.18383993E-53
3.18383993E-53
3.18383993E-53
3.18383993E-53
3.18383993E-53
3.18383993E-53
3.18383993E-53
3.18383993E-53
3.18383993E-53
3.18383993E-53
3.18383993E-53
3.18383993E-53
3.18383993E-53
3.18383993E-53
3.18383993E-53
3.18383993E-53
3.18383993E-53
3.18383993E-53
3.18383993E-53
3.18383993E-53
3.18383993E-53
3.18383993E-53
2.82760650E-53
2.82760650E-53
2.82760650E-53
2.82760650E-53
2.82760650E-53
2.82760650E-53
2.82760650E-53
2.82760650E-53
2.82760650E-53
2.82760650E-53
2.82760650E-53
2.82760650E-53
2.82760650E-53
2.82760650E-53
2.82760650E-53
2.82760650E-53
2.82760650E-53
2.82760650E-53
2.82760650E-53
2.82760650E-53
2.82760650E-53
2.51123131E-53
2.51123131E-53
2.51123131E-53
2.51123131E-53
2.51123131E-53
2.51123131E-53
2.51123131E-53
2.51123131E-53
2.51123131E-53
2.51123131E-53
2.51123131E-53
2.51123131E-53
2.51123131E-53
2.51123131E-53
2.51123131E-53
2.51123131E-53
2.51123131E-53
2.51123131E-53
2.51123131E-53
2.51123131E-53
2.51123131E-53
2.51123131E-53
2.23025470E-53
2.23025470E-53
2.23025470E-53
2.23025470E-53
2.23025470E-53
2.23025470E-53
2.23025470E-53
2.23025470E-53
2.23025470E-53
2.23025470E-53
2.23025470E-53
2.23025470E-53
2.23025470E-53
2.23025470E-53
2.23025470E-53
2.23025470E-53
2.23025470E-53
2.23025470E-53
2.23025470E-53
2.23025470E-53
2.23025470E-53
1.98071600E-53
1.98071600E-53
1.98071600E-53
1.98071600E-53
1.98071600E-53
1.98071600E-53
1.98071600E-53
1.98071600E-53
1.98071600E-53
1.98071600E-53
1.98071600E-53
1.98071600E-53
1.98071600E-53
1.98071600E-53
1.98071600E-53
1.98071600E-53
1.98071600E-53
1.98071600E-53
1.98071600E-53
1.98071600E-53
1.98071600E-53
1.98071600E-53
1.75909768E-53
1.75909768E-53
1.75909768E-53
1.75909768E-53
1.75909768E-53
1.75909768E-53
1.75909768E-53
1.75909768E-53
1.75909768E-53
1.75909768E-53
1.75909768E-53
1.75909768E-53
1.75909768E-53
1.75909768E-53
1.75909768E-53
1.75909768E-53
1.75909768E-53
1.75909768E-53
1.75909768E-53
1.75909768E-53
1.75909768E-53
1.56227578E-53
1.56227578E-53
1.56227578E-53
1.56227578E-53
1.56227578E-53
1.56227578E-53
1.56227578E-53
1.56227578E-53
1.56227578E-53
1.56227578E-53
1.56227578E-53
1.56227578E-53
1.56227578E-53
1.56227578E-53
1.56227578E-53
1.56227578E-53
1.56227578E-53
1.56227578E-53
1.56227578E-53
1.56227578E-53
1.56227578E-53
1.56227578E-53
1.38747590E-53
1.38747590E-53
1.38747590E-53
1.38747590E-53
1.38747590E-53
1.38747590E-53
1.38747590E-53
1.38747590E-53
1.38747590E-53
1.38747590E-53
1.38747590E-53
1.38747590E-53
1.38747590E-53
1.38747590E-53
1.38747590E-53
1.38747590E-53
1.38747590E-53
1.38747590E-53
1.38747590E-53
1.38747590E-53
1.38747590E-53
1.23223402E-53
1.23223402E-53
1.23223402E-53
1.23223402E-53
1.23223402E-53
1.23223402E-53
1.23223402E-53
1.23223402E-53
1.23223402E-53
1.23223402E-53
1.23223402E-53
1.23223402E-53
1.23223402E-53
1.23223402E-53
1.23223402E-53
1.23223402E-53
1.23223402E-53
1.23223402E-53
1.23223402E-53
1.23223402E-53
1.23223402E-53
1.23223402E-53
1.09436184E-53
1.09436184E-53
1.09436184E-53
1.09436184E-53
1.09436184E-53
1.09436184E-53
1.09436184E-53
1.09436184E-53
1.09436184E-53
1.09436184E-53
1.09436184E-53
1.09436184E-53
1.09436184E-53
1.09436184E-53
1.09436184E-53
1.09436184E-53
1.09436184E-53
1.09436184E-53
1.09436184E-53
1.09436184E-53
1.09436184E-53
9.71915896E-54
9.71915896E-54
9.71915896E-54
9.71915896E-54
9.71915896E-54
9.71915896E-54
9.71915896E-54
9.71915896E-54
9.71915896E-54
9.71915896E-54
9.71915896E-54
9.71915896E-54
9.71915896E-54
9.71915896E-54
9.71915896E-54
9.71915896E-54
9.71915896E-54
9.71915896E-54
9.71915896E-54
9.71915896E-54
9.71915896E-54
9.71915896E-54
8.63170186E-54
8.63170186E-54
8.63170186E-54
8.63170186E-54
8.63170186E-54
8.63170186E-54
8.63170186E-54
8.63170186E-54
8.63170186E-54
8.63170186E-54
8.63170186E-54
8.63170186E-54
8.63170186E-54
8.63170186E-54
8.63170186E-54
8.63170186E-54
8.63170186E-54
8.63170186E-54
8.63170186E-54
8.63170186E-54
8.63170186E-54
7.66591814E-54
7.66591814E-54
7.66591814E-54
7.66591814E-54
7.66591814E-54
7.66591814E-54
7.66591814E-54
7.66591814E-54
7.66591814E-54
7.66591814E-54
7.66591814E-54
7.66591814E-54
7.66591814E-54
7.66591814E-54
7.66591814E-54
7.66591814E-54
7.66591814E-54
7.66591814E-54
7.66591814E-54
7.66591814E-54
7.66591814E-54
7.66591814E-54
6.80819401E-54
6.80819401E-54
6.80819401E-54
6.80819401E-54
6.80819401E-54
6.80819401E-54
6.80819401E-54
6.80819401E-54
6.80819401E-54
6.80819401E-54
6.80819401E-54
6.80819401E-54
6.80819401E-54
6.80819401E-54
6.80819401E-54
6.80819401E-54
6.80819401E-54
6.80819401E-54
6.80819401E-54
6.80819401E-54
6.80819401E-54
6.04643891E-54
6.04643891E-54
6.04643891E-54
6.04643891E-54
6.04643891E-54
6.04643891E-54
6.04643891E-54
6.04643891E-54
6.04643891E-54
6.04643891E-54
6.04643891E-54
6.04643891E-54
6.04643891E-54
6.04643891E-54
6.04643891E-54
6.04643891E-54
6.04643891E-54
6.04643891E-54
6.04643891E-54
6.04643891E-54
6.04643891E-54
6.04643891E-54
5.36991505E-54
5.36991505E-54
5.36991505E-54
5.36991505E-54
5.36991505E-54
5.36991505E-54
5.36991505E-54
5.36991505E-54
5.36991505E-54
5.36991505E-54
5.36991505E-54
5.36991505E-54
5.36991505E-54
5.36991505E-54
5.36991505E-54
5.36991505E-54
5.36991505E-54
5.36991505E-54
5.36991505E-54
5.36991505E-54
5.36991505E-54
4.76908608E-54
4.76908608E-54
4.76908608E-54
4.76908608E-54
4.76908608E-54
4.76908608E-54
4.76908608E-54
4.76908608E-54
4.76908608E-54
4.76908608E-54
4.76908608E-54
4.76908608E-54
4.76908608E-54
4.76908608E-54
4.76908608E-54
4.76908608E-54
4.76908608E-54
4.76908608E-54
4.76908608E-54
4.76908608E-54
4.76908608E-54
4.76908608E-54
4.23548265E-54
4.23548265E-54
4.23548265E-54
4.23548265E-54
4.23548265E-54
4.23548265E-54
4.23548265E-54
4.23548265E-54
4.23548265E-54
4.23548265E-54
4.23548265E-54
4.23548265E-54
4.23548265E-54
4.23548265E-54
4.23548265E-54
4.23548265E-54
4.23548265E-54
4.23548265E-54
4.23548265E-54
4.23548265E-54
4.23548265E-54
3.76158304E-54
3.76158304E-54
3.76158304E-54
3.76158304E-54
3.76158304E-54
3.76158304E-54
3.76158304E-54
3.76158304E-54
3.76158304E-54
3.76158304E-54
3.76158304E-54
3.76158304E-54
3.76158304E-54
3.76158304E-54
3.76158304E-54
3.76158304E-54
3.76158304E-54
3.76158304E-54
3.76158304E-54
3.76158304E-54
3.76158304E-54
3.76158304E-54
3.34070709E-54
3.34070709E-54
3.34070709E-54
3.34070709E-54
3.34070709E-54
3.34070709E-54
3.34070709E-54
3.34070709E-54
3.34070709E-54
3.34070709E-54
3.34070709E-54
3.34070709E-54
3.34070709E-54
3.34070709E-54
3.34070709E-54
3.34070709E-54
3.34070709E-54
3.34070709E-54
3.34070709E-54
3.34070709E-54
3.34070709E-54
2.96692211E-54
2.96692211E-54
2.96692211E-54
2.96692211E-54
2.96692211E-54
2.96692211E-54
2.96692211E-54
2.96692211E-54
2.96692211E-54
2.96692211E-54
2.96692211E-54
2.96692211E-54
2.96692211E-54
2.96692211E-54
2.96692211E-54
2.96692211E-54
2.96692211E-54
2.96692211E-54
2.96692211E-54
2.96692211E-54
2.96692211E-54
2.96692211E-54
2.63495918E-54
2.63495918E-54
2.63495918E-54
2.63495918E-54
2.63495918E-54
2.63495918E-54
2.63495918E-54
2.63495918E-54
2.63495918E-54
2.63495918E-54
2.63495918E-54
2.63495918E-54
2.63495918E-54
2.63495918E-54
2.63495918E-54
2.63495918E-54
2.63495918E-54
2.63495918E-54
2.63495918E-54
2.63495918E-54
2.63495918E-54
2.34013891E-54
2.34013891E-54
2.34013891E-54
2.34013891E-54
2.34013891E-54
2.34013891E-54
2.34013891E-54
2.34013891E-54
2.34013891E-54
2.34013891E-54
2.34013891E-54
2.34013891E-54
2.34013891E-54
2.34013891E-54
2.34013891E-54
2.34013891E-54
2.34013891E-54
2.34013891E-54
2.34013891E-54
2.34013891E-54
2.34013891E-54
2.34013891E-54
2.07830548E-54
2.07830548E-54
2.07830548E-54
2.07830548E-54
2.07830548E-54
2.07830548E-54
2.07830548E-54
2.07830548E-54
2.07830548E-54
2.07830548E-54
2.07830548E-54
2.07830548E-54
2.07830548E-54
2.07830548E-54
2.07830548E-54
2.07830548E-54
2.07830548E-54
2.07830548E-54
2.07830548E-54
2.07830548E-54
2.07830548E-54
1.84576807E-54
1.84576807E-54
1.84576807E-54
1.84576807E-54
1.84576807E-54
1.84576807E-54
1.84576807E-54
1.84576807E-54
1.84576807E-54
1.84576807E-54
1.84576807E-54
1.84576807E-54
1.84576807E-54
1.84576807E-54
1.84576807E-54
1.84576807E-54
1.84576807E-54
1.84576807E-54
1.84576807E-54
1.84576807E-54
1.84576807E-54
1.84576807E-54
1.63924880E-54
1.63924880E-54
1.63924880E-54
1.63924880E-54
1.63924880E-54
1.63924880E-54
1.63924880E-54
1.63924880E-54
1.63924880E-54
1.63924880E-54
1.63924880E-54
1.63924880E-54
1.63924880E-54
1.63924880E-54
1.63924880E-54
1.63924880E-54
1.63924880E-54
1.63924880E-54
1.63924880E-54
1.63924880E-54
1.63924880E-54
1.45583656E-54
1.45583656E-54
1.45583656E-54
1.45583656E-54
1.45583656E-54
1.45583656E-54
1.45583656E-54
1.45583656E-54
1.45583656E-54
1.45583656E-54
1.45583656E-54
1.45583656E-54
1.45583656E-54
1.45583656E-54
1.45583656E-54
1.45583656E-54
1.45583656E-54
1.45583656E-54
1.45583656E-54
1.45583656E-54
1.45583656E-54
1.45583656E-54
1.29294594E-54
1.29294594E-54
1.29294594E-54
1.29294594E-54
1.29294594E-54
1.29294594E-54
1.29294594E-54
1.29294594E-54
1.29294594E-54
1.29294594E-54
1.29294594E-54
1.29294594E-54
1.29294594E-54
1.29294594E-54
1.29294594E-54
1.29294594E-54
1.29294594E-54
1.29294594E-54
1.29294594E-54
1.29294594E-54
1.29294594E-54
1.14828083E-54
1.14828083E-54
1.14828083E-54
1.14828083E-54
1.14828083E-54
1.14828083E-54
1.14828083E-54
1.14828083E-54
1.14828083E-54
1.14828083E-54
1.14828083E-54
1.14828083E-54
1.14828083E-54
1.14828083E-54
1.14828083E-54
1.14828083E-54
1.14828083E-54
1.14828083E-54
1.14828083E-54
1.14828083E-54
1.14828083E-54
1.14828083E-54
1.01980200E-54
1.01980200E-54
1.01980200E-54
1.01980200E-54
1.01980200E-54
1.01980200E-54
1.01980200E-54
1.01980200E-54
1.01980200E-54
1.01980200E-54
1.01980200E-54
1.01980200E-54
1.01980200E-54
1.01980200E-54
1.01980200E-54
1.01980200E-54
1.01980200E-54
1.01980200E-54
1.01980200E-54
1.01980200E-54
1.01980200E-54
9.05698411E-55
9.05698411E-55
9.05698411E-55
9.05698411E-55
9.05698411E-55
9.05698411E-55
9.05698411E-55
9.05698411E-55
9.05698411E-55
9.05698411E-55
9.05698411E-55
9.05698411E-55
9.05698411E-55
9.05698411E-55
9.05698411E-55
9.05698411E-55
9.05698411E-55
9.05698411E-55
9.05698411E-55
9.05698411E-55
9.05698411E-55
9.05698411E-55
8.04361641E-55
8.04361641E-55
8.04361641E-55
8.04361641E-55
8.04361641E-55
8.04361641E-55
8.04361641E-55
8.04361641E-55
8.04361641E-55
8.04361641E-55
8.04361641E-55
8.04361641E-55
8.04361641E-55
8.04361641E-55
8.04361641E-55
8.04361641E-55
8.04361641E-55
8.04361641E-55
8.04361641E-55
8.04361641E-55
8.04361641E-55
7.14363239E-55
7.14363239E-55
7.14363239E-55
7.14363239E-55
7.14363239E-55
7.14363239E-55
7.14363239E-55
7.14363239E-55
7.14363239E-55
7.14363239E-55
7.14363239E-55
7.14363239E-55
7.14363239E-55
7.14363239E-55
7.14363239E-55
7.14363239E-55
7.14363239E-55
7.14363239E-55
7.14363239E-55
7.14363239E-55
7.14363239E-55
7.14363239E-55
6.34434576E-55
6.34434576E-55
6.34434576E-55
6.34434576E-55
6.34434576E-55
6.34434576E-55
6.34434576E-55
6.34434576E-55
6.34434576E-55
6.34434576E-55
6.34434576E-55
6.34434576E-55
6.34434576E-55
6.34434576E-55
6.34434576E-55
6.34434576E-55
6.34434576E-55
6.34434576E-55
6.34434576E-55
6.34434576E-55
6.34434576E-55
5.63448971E-55
5.63448971E-55
5.63448971E-55
5.63448971E-55
5.63448971E-55
5.63448971E-55
5.63448971E-55
5.63448971E-55
5.63448971E-55
5.63448971E-55
5.63448971E-55
5.63448971E-55
5.63448971E-55
5.63448971E-55
5.63448971E-55
5.63448971E-55
5.63448971E-55
5.63448971E-55
5.63448971E-55
5.63448971E-55
5.63448971E-55
5.63448971E-55
5.00405801E-55
5.00405801E-55
5.00405801E-55
5.00405801E-55
5.00405801E-55
5.00405801E-55
5.00405801E-55
5.00405801E-55
5.00405801E-55
5.00405801E-55
5.00405801E-55
5.00405801E-55
5.00405801E-55
5.00405801E-55
5.00405801E-55
5.00405801E-55
5.00405801E-55
5.00405801E-55
5.00405801E-55
5.00405801E-55
5.00405801E-55
4.44416405E-55
4.44416405E-55
4.44416405E-55
4.44416405E-55
4.44416405E-55
4.44416405E-55
4.44416405E-55
4.44416405E-55
4.44416405E-55
4.44416405E-55
4.44416405E-55
4.44416405E-55
4.44416405E-55
4.44416405E-55
4.44416405E-55
4.44416405E-55
4.44416405E-55
4.44416405E-55
4.44416405E-55
4.44416405E-55
4.44416405E-55
4.44416405E-55
3.94691549E-55
3.94691549E-55
3.94691549E-55
3.94691549E-55
3.94691549E-55
3.94691549E-55
3.94691549E-55
3.94691549E-55
3.94691549E-55
3.94691549E-55
3.94691549E-55
3.94691549E-55
3.94691549E-55
3.94691549E-55
3.94691549E-55
3.94691549E-55
3.94691549E-55
3.94691549E-55
3.94691549E-55
3.94691549E-55
3.94691549E-55
3.50530308E-55
3.50530308E-55
3.50530308E-55
3.50530308E-55
3.50530308E-55
3.50530308E-55
3.50530308E-55
3.50530308E-55
3.50530308E-55
3.50530308E-55
3.50530308E-55
3.50530308E-55
3.50530308E-55
3.50530308E-55
3.50530308E-55
3.50530308E-55
3.50530308E-55
3.50530308E-55
3.50530308E-55
3.50530308E-55
3.50530308E-55
3.50530308E-55
3.11310178E-55
3.11310178E-55
3.11310178E-55
3.11310178E-55
3.11310178E-55
3.11310178E-55
3.11310178E-55
3.11310178E-55
3.11310178E-55
3.11310178E-55
3.11310178E-55
3.11310178E-55
3.11310178E-55
3.11310178E-55
3.11310178E-55
3.11310178E-55
3.11310178E-55
3.11310178E-55
3.11310178E-55
3.11310178E-55
3.11310178E-55
2.76478310E-55
2.76478310E-55
2.76478310E-55
2.76478310E-55
2.76478310E-55
2.76478310E-55
2.76478310E-55
2.76478310E-55
2.76478310E-55
2.76478310E-55
2.76478310E-55
2.76478310E-55
2.76478310E-55
2.76478310E-55
2.76478310E-55
2.76478310E-55
2.76478310E-55
2.76478310E-55
2.76478310E-55
2.76478310E-55
2.76478310E-55
2.76478310E-55
2.45543709E-55
2.45543709E-55
2.45543709E-55
2.45543709E-55
2.45543709E-55
2.45543709E-55
2.45543709E-55
2.45543709E-55
2.45543709E-55
2.45543709E-55
2.45543709E-55
2.45543709E-55
2.45543709E-55
2.45543709E-55
2.45543709E-55
2.45543709E-55
2.45543709E-55
2.45543709E-55
2.45543709E-55
2.45543709E-55
2.45543709E-55
2.18070319E-55
2.18070319E-55
2.18070319E-55
2.18070319E-55
2.18070319E-55
2.18070319E-55
2.18070319E-55
2.18070319E-55
2.18070319E-55
2.18070319E-55
2.18070319E-55
2.18070319E-55
2.18070319E-55
2.18070319E-55
2.18070319E-55
2.18070319E-55
2.18070319E-55
2.18070319E-55
2.18070319E-55
2.18070319E-55
2.18070319E-55
2.18070319E-55
1.93670870E-55
1.93670870E-55
1.93670870E-55
1.93670870E-55
1.93670870E-55
1.93670870E-55
1.93670870E-55
1.93670870E-55
1.93670870E-55
1.93670870E-55
1.93670870E-55
1.93670870E-55
1.93670870E-55
1.93670870E-55
1.93670870E-55
1.93670870E-55
1.93670870E-55
1.93670870E-55
1.93670870E-55
1.93670870E-55
1.93670870E-55
1.72001427E-55
1.72001427E-55
1.72001427E-55
1.72001427E-55
1.72001427E-55
1.72001427E-55
1.72001427E-55
1.72001427E-55
1.72001427E-55
1.72001427E-55
1.72001427E-55
1.72001427E-55
1.72001427E-55
1.72001427E-55
1.72001427E-55
1.72001427E-55
1.72001427E-55
1.72001427E-55
1.72001427E-55
1.72001427E-55
1.72001427E-55
1.72001427E-55
1.52756534E-55
1.52756534E-55
1.52756534E-55
1.52756534E-55
1.52756534E-55
1.52756534E-55
1.52756534E-55
1.52756534E-55
1.52756534E-55
1.52756534E-55
1.52756534E-55
1.52756534E-55
1.52756534E-55
1.52756534E-55
1.52756534E-55
1.52756534E-55
1.52756534E-55
1.52756534E-55
1.52756534E-55
1.52756534E-55
1.52756534E-55
1.35664913E-55
1.35664913E-55
1.35664913E-55
1.35664913E-55
1.35664913E-55
1.35664913E-55
1.35664913E-55
1.35664913E-55
1.35664913E-55
1.35664913E-55
1.35664913E-55
1.35664913E-55
1.35664913E-55
1.35664913E-55
1.35664913E-55
1.35664913E-55
1.35664913E-55
1.35664913E-55
1.35664913E-55
1.35664913E-55
1.35664913E-55
1.35664913E-55
1.20485640E-55
1.20485640E-55
1.20485640E-55
1.20485640E-55
1.20485640E-55
1.20485640E-55
1.20485640E-55
1.20485640E-55
1.20485640E-55
1.20485640E-55
1.20485640E-55
1.20485640E-55
1.20485640E-55
1.20485640E-55
1.20485640E-55
1.20485640E-55
1.20485640E-55
1.20485640E-55
1.20485640E-55
1.20485640E-55
1.20485640E-55
1.07004744E-55
1.07004744E-55
1.07004744E-55
1.07004744E-55
1.07004744E-55
1.07004744E-55
1.07004744E-55
1.07004744E-55
1.07004744E-55
1.07004744E-55
1.07004744E-55
1.07004744E-55
1.07004744E-55
1.07004744E-55
1.07004744E-55
1.07004744E-55
1.07004744E-55
1.07004744E-55
1.07004744E-55
1.07004744E-55
1.07004744E-55
1.07004744E-55
9.50321993E-56
9.50321993E-56
9.50321993E-56
9.50321993E-56
9.50321993E-56
9.50321993E-56
9.50321993E-56
9.50321993E-56
9.50321993E-56
9.50321993E-56
9.50321993E-56
9.50321993E-56
9.50321993E-56
9.50321993E-56
9.50321993E-56
9.50321993E-56
9.50321993E-56
9.50321993E-56
9.50321993E-56
9.50321993E-56
9.50321993E-56
8.43992381E-56
8.43992381E-56
8.43992381E-56
8.43992381E-56
8.43992381E-56
8.43992381E-56
8.43992381E-56
8.43992381E-56
8.43992381E-56
8.43992381E-56
8.43992381E-56
8.43992381E-56
8.43992381E-56
8.43992381E-56
8.43992381E-56
8.43992381E-56
8.43992381E-56
8.43992381E-56
8.43992381E-56
8.43992381E-56
8.43992381E-56
8.43992381E-56
7.49559775E-56
7.49559775E-56
7.49559775E-56
7.49559775E-56
7.49559775E-56
7.49559775E-56
7.49559775E-56
7.49559775E-56
7.49559775E-56
7.49559775E-56
7.49559775E-56
7.49559775E-56
7.49559775E-56
7.49559775E-56
7.49559775E-56
7.49559775E-56
7.49559775E-56
7.49559775E-56
7.49559775E-56
7.49559775E-56
7.49559775E-56
6.65693043E-56
6.65693043E-56
6.65693043E-56
6.65693043E-56
6.65693043E-56
6.65693043E-56
6.65693043E-56
6.65693043E-56
6.65693043E-56
6.65693043E-56
6.65693043E-56
6.65693043E-56
6.65693043E-56
6.65693043E-56
6.65693043E-56
6.65693043E-56
6.65693043E-56
6.65693043E-56
6.65693043E-56
6.65693043E-56
6.65693043E-56
6.65693043E-56
5.91209991E-56
5.91209991E-56
5.91209991E-56
5.91209991E-56
5.91209991E-56
5.91209991E-56
5.91209991E-56
5.91209991E-56
5.91209991E-56
5.91209991E-56
5.91209991E-56
5.91209991E-56
5.91209991E-56
5.91209991E-56
5.91209991E-56
5.91209991E-56
5.91209991E-56
5.91209991E-56
5.91209991E-56
5.91209991E-56
5.91209991E-56
5.25060696E-56
5.25060696E-56
5.25060696E-56
5.25060696E-56
5.25060696E-56
5.25060696E-56
5.25060696E-56
5.25060696E-56
5.25060696E-56
5.25060696E-56
5.25060696E-56
5.25060696E-56
5.25060696E-56
5.25060696E-56
5.25060696E-56
5.25060696E-56
5.25060696E-56
5.25060696E-56
5.25060696E-56
5.25060696E-56
5.25060696E-56
5.25060696E-56
4.66312714E-56
4.66312714E-56
4.66312714E-56
4.66312714E-56
4.66312714E-56
4.66312714E-56
4.66312714E-56
4.66312714E-56
4.66312714E-56
4.66312714E-56
4.66312714E-56
4.66312714E-56
4.66312714E-56
4.66312714E-56
4.66312714E-56
4.66312714E-56
4.66312714E-56
4.66312714E-56
4.66312714E-56
4.66312714E-56
4.66312714E-56
4.14137924E-56
4.14137924E-56
4.14137924E-56
4.14137924E-56
4.14137924E-56
4.14137924E-56
4.14137924E-56
4.14137924E-56
4.14137924E-56
4.14137924E-56
4.14137924E-56
4.14137924E-56
4.14137924E-56
4.14137924E-56
4.14137924E-56
4.14137924E-56
4.14137924E-56
4.14137924E-56
4.14137924E-56
4.14137924E-56
4.14137924E-56
4.14137924E-56
3.67800867E-56
3.67800867E-56
3.67800867E-56
3.67800867E-56
3.67800867E-56
3.67800867E-56
3.67800867E-56
3.67800867E-56
3.67800867E-56
3.67800867E-56
3.67800867E-56
3.67800867E-56
3.67800867E-56
3.67800867E-56
3.67800867E-56
3.67800867E-56
3.67800867E-56
3.67800867E-56
3.67800867E-56
3.67800867E-56
3.67800867E-56
3.26648369E-56
3.26648369E-56
3.26648369E-56
3.26648369E-56
3.26648369E-56
3.26648369E-56
3.26648369E-56
3.26648369E-56
3.26648369E-56
3.26648369E-56
3.26648369E-56
3.26648369E-56
3.26648369E-56
3.26648369E-56
3.26648369E-56
3.26648369E-56
3.26648369E-56
3.26648369E-56
3.26648369E-56
3.26648369E-56
3.26648369E-56
3.26648369E-56
2.90100342E-56
2.90100342E-56
2.90100342E-56
2.90100342E-56
2.90100342E-56
2.90100342E-56
2.90100342E-56
2.90100342E-56
2.90100342E-56
2.90100342E-56
2.90100342E-56
2.90100342E-56
2.90100342E-56
2.90100342E-56
2.90100342E-56
2.90100342E-56
2.90100342E-56
2.90100342E-56
2.90100342E-56
2.90100342E-56
2.90100342E-56
2.57641599E-56
2.57641599E-56
2.57641599E-56
2.57641599E-56
2.57641599E-56
2.57641599E-56
2.57641599E-56
2.57641599E-56
2.57641599E-56
2.57641599E-56
2.57641599E-56
2.57641599E-56
2.57641599E-56
2.57641599E-56
2.57641599E-56
2.57641599E-56
2.57641599E-56
2.57641599E-56
2.57641599E-56
2.57641599E-56
2.57641599E-56
2.57641599E-56
2.28814600E-56
2.28814600E-56
2.28814600E-56
2.28814600E-56
2.28814600E-56
2.28814600E-56
2.28814600E-56
2.28814600E-56
2.28814600E-56
2.28814600E-56
2.28814600E-56
2.28814600E-56
2.28814600E-56
2.28814600E-56
2.28814600E-56
2.28814600E-56
2.28814600E-56
2.28814600E-56
2.28814600E-56
2.28814600E-56
2.28814600E-56
2.03212996E-56
2.03212996E-56
2.03212996E-56
2.03212996E-56
2.03212996E-56
2.03212996E-56
2.03212996E-56
2.03212996E-56
2.03212996E-56
2.03212996E-56
2.03212996E-56
2.03212996E-56
2.03212996E-56
2.03212996E-56
2.03212996E-56
2.03212996E-56
2.03212996E-56
2.03212996E-56
2.03212996E-56
2.03212996E-56
2.03212996E-56
2.03212996E-56
1.80475903E-56
1.80475903E-56
1.80475903E-56
1.80475903E-56
1.80475903E-56
1.80475903E-56
1.80475903E-56
1.80475903E-56
1.80475903E-56
1.80475903E-56
1.80475903E-56
1.80475903E-56
1.80475903E-56
1.80475903E-56
1.80475903E-56
1.80475903E-56
1.80475903E-56
1.80475903E-56
1.80475903E-56
1.80475903E-56
1.80475903E-56
1.60282818E-56
1.60282818E-56
1.60282818E-56
1.60282818E-56
1.60282818E-56
1.60282818E-56
1.60282818E-56
1.60282818E-56
1.60282818E-56
1.60282818E-56
1.60282818E-56
1.60282818E-56
1.60282818E-56
1.60282818E-56
1.60282818E-56
1.60282818E-56
1.60282818E-56
1.60282818E-56
1.60282818E-56
1.60282818E-56
1.60282818E-56
1.60282818E-56
1.42349097E-56
1.42349097E-56
1.42349097E-56
1.42349097E-56
1.42349097E-56
1.42349097E-56
1.42349097E-56
1.42349097E-56
1.42349097E-56
1.42349097E-56
1.42349097E-56
1.42349097E-56
1.42349097E-56
1.42349097E-56
1.42349097E-56
1.42349097E-56
1.42349097E-56
1.42349097E-56
1.42349097E-56
1.42349097E-56
1.42349097E-56
1.26421944E-56
1.26421944E-56
1.26421944E-56
1.26421944E-56
1.26421944E-56
1.26421944E-56
1.26421944E-56
1.26421944E-56
1.26421944E-56
1.26421944E-56
1.26421944E-56
1.26421944E-56
1.26421944E-56
1.26421944E-56
1.26421944E-56
1.26421944E-56
1.26421944E-56
1.26421944E-56
1.26421944E-56
1.26421944E-56
1.26421944E-56
1.26421944E-56
1.12276847E-56
1.12276847E-56
1.12276847E-56
1.12276847E-56
1.12276847E-56
1.12276847E-56
1.12276847E-56
1.12276847E-56
1.12276847E-56
1.12276847E-56
1.12276847E-56
1.12276847E-56
1.12276847E-56
1.12276847E-56
1.12276847E-56
1.12276847E-56
1.12276847E-56
1.12276847E-56
1.12276847E-56
1.12276847E-56
1.12276847E-56
9.97144171E-57
9.97144171E-57
9.97144171E-57
9.97144171E-57
9.97144171E-57
9.97144171E-57
9.97144171E-57
9.97144171E-57
9.97144171E-57
9.97144171E-57
9.97144171E-57
9.97144171E-57
9.97144171E-57
9.97144171E-57
9.97144171E-57
9.97144171E-57
9.97144171E-57
9.97144171E-57
9.97144171E-57
9.97144171E-57
9.97144171E-57
9.97144171E-57
8.85575720E-57
8.85575720E-57
8.85575720E-57
8.85575720E-57
8.85575720E-57
8.85575720E-57
8.85575720E-57
8.85575720E-57
8.85575720E-57
8.85575720E-57
8.85575720E-57
8.85575720E-57
8.85575720E-57
8.85575720E-57
8.85575720E-57
8.85575720E-57
8.85575720E-57
8.85575720E-57
8.85575720E-57
8.85575720E-57
8.85575720E-57
7.86490438E-57
7.86490438E-57
7.86490438E-57
7.86490438E-57
7.86490438E-57
7.86490438E-57
7.86490438E-57
7.86490438E-57
7.86490438E-57
7.86490438E-57
7.86490438E-57
7.86490438E-57
7.86490438E-57
7.86490438E-57
7.86490438E-57
7.86490438E-57
7.86490438E-57
7.86490438E-57
7.86490438E-57
7.86490438E-57
7.86490438E-57
7.86490438E-57
6.98491608E-57
6.98491608E-57
6.98491608E-57
6.98491608E-57
6.98491608E-57
6.98491608E-57
6.98491608E-57
6.98491608E-57
6.98491608E-57
6.98491608E-57
6.98491608E-57
6.98491608E-57
6.98491608E-57
6.98491608E-57
6.98491608E-57
6.98491608E-57
6.98491608E-57
6.98491608E-57
6.98491608E-57
6.98491608E-57
6.98491608E-57
6.20338790E-57
6.20338790E-57
6.20338790E-57
6.20338790E-57
6.20338790E-57
6.20338790E-57
6.20338790E-57
6.20338790E-57
6.20338790E-57
6.20338790E-57
6.20338790E-57
6.20338790E-57
6.20338790E-57
6.20338790E-57
6.20338790E-57
6.20338790E-57
6.20338790E-57
6.20338790E-57
6.20338790E-57
6.20338790E-57
6.20338790E-57
6.20338790E-57
5.50930334E-57
5.50930334E-57
5.50930334E-57
5.50930334E-57
5.50930334E-57
5.50930334E-57
5.50930334E-57
5.50930334E-57
5.50930334E-57
5.50930334E-57
5.50930334E-57
5.50930334E-57
5.50930334E-57
5.50930334E-57
5.50930334E-57
5.50930334E-57
5.50930334E-57
5.50930334E-57
5.50930334E-57
5.50930334E-57
5.50930334E-57
4.89287849E-57
4.89287849E-57
4.89287849E-57
4.89287849E-57
4.89287849E-57
4.89287849E-57
4.89287849E-57
4.89287849E-57
4.89287849E-57
4.89287849E-57
4.89287849E-57
4.89287849E-57
4.89287849E-57
4.89287849E-57
4.89287849E-57
4.89287849E-57
4.89287849E-57
4.89287849E-57
4.89287849E-57
4.89287849E-57
4.89287849E-57
4.89287849E-57
4.34542418E-57
4.34542418E-57
4.34542418E-57
4.34542418E-57
4.34542418E-57
4.34542418E-57
4.34542418E-57
4.34542418E-57
4.34542418E-57
4.34542418E-57
4.34542418E-57
4.34542418E-57
4.34542418E-57
4.34542418E-57
4.34542418E-57
4.34542418E-57
4.34542418E-57
4.34542418E-57
4.34542418E-57
4.34542418E-57
4.34542418E-57
3.85922343E-57
3.85922343E-57
3.85922343E-57
3.85922343E-57
3.85922343E-57
3.85922343E-57
3.85922343E-57
3.85922343E-57
3.85922343E-57
3.85922343E-57
3.85922343E-57
3.85922343E-57
3.85922343E-57
3.85922343E-57
3.85922343E-57
3.85922343E-57
3.85922343E-57
3.85922343E-57
3.85922343E-57
3.85922343E-57
3.85922343E-57
3.85922343E-57
3.42742270E-57
3.42742270E-57
3.42742270E-57
3.42742270E-57
3.42742270E-57
3.42742270E-57
3.42742270E-57
3.42742270E-57
3.42742270E-57
3.42742270E-57
3.42742270E-57
3.42742270E-57
3.42742270E-57
3.42742270E-57
3.42742270E-57
3.42742270E-57
3.42742270E-57
3.42742270E-57
3.42742270E-57
3.42742270E-57
3.42742270E-57
3.04393529E-57
3.04393529E-57
3.04393529E-57
3.04393529E-57
3.04393529E-57
3.04393529E-57
3.04393529E-57
3.04393529E-57
3.04393529E-57
3.04393529E-57
3.04393529E-57
3.04393529E-57
3.04393529E-57
3.04393529E-57
3.04393529E-57
3.04393529E-57
3.04393529E-57
3.04393529E-57
3.04393529E-57
3.04393529E-57
3.04393529E-57
3.04393529E-57
2.70335550E-57
2.70335550E-57
2.70335550E-57
2.70335550E-57
2.70335550E-57
2.70335550E-57
2.70335550E-57
2.70335550E-57
2.70335550E-57
2.70335550E-57
2.70335550E-57
2.70335550E-57
2.70335550E-57
2.70335550E-57
2.70335550E-57
2.70335550E-57
2.70335550E-57
2.70335550E-57
2.70335550E-57
2.70335550E-57
2.70335550E-57
2.40088251E-57
2.40088251E-57
2.40088251E-57
2.40088251E-57
2.40088251E-57
2.40088251E-57
2.40088251E-57
2.40088251E-57
2.40088251E-57
2.40088251E-57
2.40088251E-57
2.40088251E-57
2.40088251E-57
2.40088251E-57
2.40088251E-57
2.40088251E-57
2.40088251E-57
2.40088251E-57
2.40088251E-57
2.40088251E-57
2.40088251E-57
2.40088251E-57
2.13225260E-57
2.13225260E-57
2.13225260E-57
2.13225260E-57
2.13225260E-57
2.13225260E-57
2.13225260E-57
2.13225260E-57
2.13225260E-57
2.13225260E-57
2.13225260E-57
2.13225260E-57
2.13225260E-57
2.13225260E-57
2.13225260E-57
2.13225260E-57
2.13225260E-57
2.13225260E-57
2.13225260E-57
2.13225260E-57
2.13225260E-57
1.89367916E-57
1.89367916E-57
1.89367916E-57
1.89367916E-57
1.89367916E-57
1.89367916E-57
1.89367916E-57
1.89367916E-57
1.89367916E-57
1.89367916E-57
1.89367916E-57
1.89367916E-57
1.89367916E-57
1.89367916E-57
1.89367916E-57
1.89367916E-57
1.89367916E-57
1.89367916E-57
1.89367916E-57
1.89367916E-57
1.89367916E-57
1.89367916E-57
1.68179921E-57
1.68179921E-57
1.68179921E-57
1.68179921E-57
1.68179921E-57
1.68179921E-57
1.68179921E-57
1.68179921E-57
1.68179921E-57
1.68179921E-57
1.68179921E-57
1.68179921E-57
1.68179921E-57
1.68179921E-57
1.68179921E-57
1.68179921E-57
1.68179921E-57
1.68179921E-57
1.68179921E-57
1.68179921E-57
1.68179921E-57
1.49362609E-57
1.49362609E-57
1.49362609E-57
1.49362609E-57
1.49362609E-57
1.49362609E-57
1.49362609E-57
1.49362609E-57
1.49362609E-57
1.49362609E-57
1.49362609E-57
1.49362609E-57
1.49362609E-57
1.49362609E-57
1.49362609E-57
1.49362609E-57
1.49362609E-57
1.49362609E-57
1.49362609E-57
1.49362609E-57
1.49362609E-57
1.49362609E-57
1.32650728E-57
1.32650728E-57
1.32650728E-57
1.32650728E-57
1.32650728E-57
1.32650728E-57
1.32650728E-57
1.32650728E-57
1.32650728E-57
1.32650728E-57
1.32650728E-57
1.32650728E-57
1.32650728E-57
1.32650728E-57
1.32650728E-57
1.32650728E-57
1.32650728E-57
1.32650728E-57
1.32650728E-57
1.32650728E-57
1.32650728E-57
1.17808705E-57
1.17808705E-57
1.17808705E-57
1.17808705E-57
1.17808705E-57
1.17808705E-57
1.17808705E-57
1.17808705E-57
1.17808705E-57
1.17808705E-57
1.17808705E-57
1.17808705E-57
1.17808705E-57
1.17808705E-57
1.17808705E-57
1.17808705E-57
1.17808705E-57
1.17808705E-57
1.17808705E-57
1.17808705E-57
1.17808705E-57
1.17808705E-57
1.04627327E-57
1.04627327E-57
1.04627327E-57
1.04627327E-57
1.04627327E-57
1.04627327E-57
1.04627327E-57
1.04627327E-57
1.04627327E-57
1.04627327E-57
1.04627327E-57
1.04627327E-57
1.04627327E-57
1.04627327E-57
1.04627327E-57
1.04627327E-57
1.04627327E-57
1.04627327E-57
1.04627327E-57
1.04627327E-57
1.04627327E-57
9.29207861E-58
9.29207861E-58
9.29207861E-58
9.29207861E-58
9.29207861E-58
9.29207861E-58
9.29207861E-58
9.29207861E-58
9.29207861E-58
9.29207861E-58
9.29207861E-58
9.29207861E-58
9.29207861E-58
9.29207861E-58
9.29207861E-58
9.29207861E-58
9.29207861E-58
9.29207861E-58
9.29207861E-58
9.29207861E-58
9.29207861E-58
9.29207861E-58
8.25240667E-58
8.25240667E-58
8.25240667E-58
8.25240667E-58
8.25240667E-58
8.25240667E-58
8.25240667E-58
8.25240667E-58
8.25240667E-58
8.25240667E-58
8.25240667E-58
8.25240667E-58
8.25240667E-58
8.25240667E-58
8.25240667E-58
8.25240667E-58
8.25240667E-58
8.25240667E-58
8.25240667E-58
8.25240667E-58
8.25240667E-58
7.32906152E-58
7.32906152E-58
7.32906152E-58
7.32906152E-58
7.32906152E-58
7.32906152E-58
7.32906152E-58
7.32906152E-58
7.32906152E-58
7.32906152E-58
7.32906152E-58
7.32906152E-58
7.32906152E-58
7.32906152E-58
7.32906152E-58
7.32906152E-58
7.32906152E-58
7.32906152E-58
7.32906152E-58
7.32906152E-58
7.32906152E-58
7.32906152E-58
6.50902760E-58
6.50902760E-58
6.50902760E-58
6.50902760E-58
6.50902760E-58
6.50902760E-58
6.50902760E-58
6.50902760E-58
6.50902760E-58
6.50902760E-58
6.50902760E-58
6.50902760E-58
6.50902760E-58
6.50902760E-58
6.50902760E-58
6.50902760E-58
6.50902760E-58
6.50902760E-58
6.50902760E-58
6.50902760E-58
6.50902760E-58
5.78074563E-58
5.78074563E-58
5.78074563E-58
5.78074563E-58
5.78074563E-58
5.78074563E-58
5.78074563E-58
5.78074563E-58
5.78074563E-58
5.78074563E-58
5.78074563E-58
5.78074563E-58
5.78074563E-58
5.78074563E-58
5.78074563E-58
5.78074563E-58
5.78074563E-58
5.78074563E-58
5.78074563E-58
5.78074563E-58
5.78074563E-58
5.78074563E-58
5.13394965E-58
5.13394965E-58
5.13394965E-58
5.13394965E-58
5.13394965E-58
5.13394965E-58
5.13394965E-58
5.13394965E-58
5.13394965E-58
5.13394965E-58
5.13394965E-58
5.13394965E-58
5.13394965E-58
5.13394965E-58
5.13394965E-58
5.13394965E-58
5.13394965E-58
5.13394965E-58
5.13394965E-58
5.13394965E-58
5.13394965E-58
4.55952238E-58
4.55952238E-58
4.55952238E-58
4.55952238E-58
4.55952238E-58
4.55952238E-58
4.55952238E-58
4.55952238E-58
4.55952238E-58
4.55952238E-58
4.55952238E-58
4.55952238E-58
4.55952238E-58
4.55952238E-58
4.55952238E-58
4.55952238E-58
4.55952238E-58
4.55952238E-58
4.55952238E-58
4.55952238E-58
4.55952238E-58
4.55952238E-58
4.04936661E-58
4.04936661E-58
4.04936661E-58
4.04936661E-58
4.04936661E-58
4.04936661E-58
4.04936661E-58
4.04936661E-58
4.04936661E-58
4.04936661E-58
4.04936661E-58
4.04936661E-58
4.04936661E-58
4.04936661E-58
4.04936661E-58
4.04936661E-58
4.04936661E-58
4.04936661E-58
4.04936661E-58
4.04936661E-58
4.04936661E-58
3.59629114E-58
3.59629114E-58
3.59629114E-58
3.59629114E-58
3.59629114E-58
3.59629114E-58
3.59629114E-58
3.59629114E-58
3.59629114E-58
3.59629114E-58
3.59629114E-58
3.59629114E-58
3.59629114E-58
3.59629114E-58
3.59629114E-58
3.59629114E-58
3.59629114E-58
3.59629114E-58
3.59629114E-58
3.59629114E-58
3.59629114E-58
3.59629114E-58
3.19390938E-58
3.19390938E-58
3.19390938E-58
3.19390938E-58
3.19390938E-58
3.19390938E-58
3.19390938E-58
3.19390938E-58
3.19390938E-58
3.19390938E-58
3.19390938E-58
3.19390938E-58
3.19390938E-58
3.19390938E-58
3.19390938E-58
3.19390938E-58
3.19390938E-58
3.19390938E-58
3.19390938E-58
3.19390938E-58
3.19390938E-58
2.83654930E-58
2.83654930E-58
2.83654930E-58
2.83654930E-58
2.83654930E-58
2.83654930E-58
2.83654930E-58
2.83654930E-58
2.83654930E-58
2.83654930E-58
2.83654930E-58
2.83654930E-58
2.83654930E-58
2.83654930E-58
2.83654930E-58
2.83654930E-58
2.83654930E-58
2.83654930E-58
2.83654930E-58
2.83654930E-58
2.83654930E-58
2.83654930E-58
2.51917351E-58
2.51917351E-58
2.51917351E-58
2.51917351E-58
2.51917351E-58
2.51917351E-58
2.51917351E-58
2.51917351E-58
2.51917351E-58
2.51917351E-58
2.51917351E-58
2.51917351E-58
2.51917351E-58
2.51917351E-58
2.51917351E-58
2.51917351E-58
2.51917351E-58
2.51917351E-58
2.51917351E-58
2.51917351E-58
2.51917351E-58
2.23730827E-58
2.23730827E-58
2.23730827E-58
2.23730827E-58
2.23730827E-58
2.23730827E-58
2.23730827E-58
2.23730827E-58
2.23730827E-58
2.23730827E-58
2.23730827E-58
2.23730827E-58
2.23730827E-58
2.23730827E-58
2.23730827E-58
2.23730827E-58
2.23730827E-58
2.23730827E-58
2.23730827E-58
2.23730827E-58
2.23730827E-58
2.23730827E-58
1.98698036E-58
1.98698036E-58
1.98698036E-58
1.98698036E-58
1.98698036E-58
1.98698036E-58
1.98698036E-58
1.98698036E-58
1.98698036E-58
1.98698036E-58
1.98698036E-58
1.98698036E-58
1.98698036E-58
1.98698036E-58
1.98698036E-58
1.98698036E-58
1.98698036E-58
1.98698036E-58
1.98698036E-58
1.98698036E-58
1.98698036E-58
1.76466113E-58
1.76466113E-58
1.76466113E-58
1.76466113E-58
1.76466113E-58
1.76466113E-58
1.76466113E-58
1.76466113E-58
1.76466113E-58
1.76466113E-58
1.76466113E-58
1.76466113E-58
1.76466113E-58
1.76466113E-58
1.76466113E-58
1.76466113E-58
1.76466113E-58
1.76466113E-58
1.76466113E-58
1.76466113E-58
1.76466113E-58
1.76466113E-58
1.56721675E-58
1.56721675E-58
1.56721675E-58
1.56721675E-58
1.56721675E-58
1.56721675E-58
1.56721675E-58
1.56721675E-58
1.56721675E-58
1.56721675E-58
1.56721675E-58
1.56721675E-58
1.56721675E-58
1.56721675E-58
1.56721675E-58
1.56721675E-58
1.56721675E-58
1.56721675E-58
1.56721675E-58
1.56721675E-58
1.56721675E-58
1.39186403E-58
1.39186403E-58
1.39186403E-58
1.39186403E-58
1.39186403E-58
1.39186403E-58
1.39186403E-58
1.39186403E-58
1.39186403E-58
1.39186403E-58
1.39186403E-58
1.39186403E-58
1.39186403E-58
1.39186403E-58
1.39186403E-58
1.39186403E-58
1.39186403E-58
1.39186403E-58
1.39186403E-58
1.39186403E-58
1.39186403E-58
1.39186403E-58
1.23613117E-58
1.23613117E-58
1.23613117E-58
1.23613117E-58
1.23613117E-58
1.23613117E-58
1.23613117E-58
1.23613117E-58
1.23613117E-58
1.23613117E-58
1.23613117E-58
1.23613117E-58
1.23613117E-58
1.23613117E-58
1.23613117E-58
1.23613117E-58
1.23613117E-58
1.23613117E-58
1.23613117E-58
1.23613117E-58
1.23613117E-58
1.09782295E-58
1.09782295E-58
1.09782295E-58
1.09782295E-58
1.09782295E-58
1.09782295E-58
1.09782295E-58
1.09782295E-58
1.09782295E-58
1.09782295E-58
1.09782295E-58
1.09782295E-58
1.09782295E-58
1.09782295E-58
1.09782295E-58
1.09782295E-58
1.09782295E-58
1.09782295E-58
1.09782295E-58
1.09782295E-58
1.09782295E-58
1.09782295E-58
9.74989750E-59
9.74989750E-59
9.74989750E-59
9.74989750E-59
9.74989750E-59
9.74989750E-59
9.74989750E-59
9.74989750E-59
9.74989750E-59
9.74989750E-59
9.74989750E-59
9.74989750E-59
9.74989750E-59
9.74989750E-59
9.74989750E-59
9.74989750E-59
9.74989750E-59
9.74989750E-59
9.74989750E-59
9.74989750E-59
9.74989750E-59
8.65900112E-59
8.65900112E-59
8.65900112E-59
8.65900112E-59
8.65900112E-59
8.65900112E-59
8.65900112E-59
8.65900112E-59
8.65900112E-59
8.65900112E-59
8.65900112E-59
8.65900112E-59
8.65900112E-59
8.65900112E-59
8.65900112E-59
8.65900112E-59
8.65900112E-59
8.65900112E-59
8.65900112E-59
8.65900112E-59
8.65900112E-59
8.65900112E-59
7.69016294E-59
7.69016294E-59
7.69016294E-59
7.69016294E-59
7.69016294E-59
7.69016294E-59
7.69016294E-59
7.69016294E-59
7.69016294E-59
7.69016294E-59
7.69016294E-59
7.69016294E-59
7.69016294E-59
7.69016294E-59
7.69016294E-59
7.69016294E-59
7.69016294E-59
7.69016294E-59
7.69016294E-59
7.69016294E-59
7.69016294E-59
6.82972611E-59
6.82972611E-59
6.82972611E-59
6.82972611E-59
6.82972611E-59
6.82972611E-59
6.82972611E-59
6.82972611E-59
6.82972611E-59
6.82972611E-59
6.82972611E-59
6.82972611E-59
6.82972611E-59
6.82972611E-59
6.82972611E-59
6.82972611E-59
6.82972611E-59
6.82972611E-59
6.82972611E-59
6.82972611E-59
6.82972611E-59
6.82972611E-59
6.06556183E-59
6.06556183E-59
6.06556183E-59
6.06556183E-59
6.06556183E-59
6.06556183E-59
6.06556183E-59
6.06556183E-59
6.06556183E-59
6.06556183E-59
6.06556183E-59
6.06556183E-59
6.06556183E-59
6.06556183E-59
6.06556183E-59
6.06556183E-59
6.06556183E-59
6.06556183E-59
6.06556183E-59
6.06556183E-59
6.06556183E-59
5.38689834E-59
5.38689834E-59
5.38689834E-59
5.38689834E-59
5.38689834E-59
5.38689834E-59
5.38689834E-59
5.38689834E-59
5.38689834E-59
5.38689834E-59
5.38689834E-59
5.38689834E-59
5.38689834E-59
5.38689834E-59
5.38689834E-59
5.38689834E-59
5.38689834E-59
5.38689834E-59
5.38689834E-59
5.38689834E-59
5.38689834E-59
5.38689834E-59
4.78416915E-59
4.78416915E-59
4.78416915E-59
4.78416915E-59
4.78416915E-59
4.78416915E-59
4.78416915E-59
4.78416915E-59
4.78416915E-59
4.78416915E-59
4.78416915E-59
4.78416915E-59
4.78416915E-59
4.78416915E-59
4.78416915E-59
4.78416915E-59
4.78416915E-59
4.78416915E-59
4.78416915E-59
4.78416915E-59
4.78416915E-59
4.24887810E-59
4.24887810E-59
4.24887810E-59
4.24887810E-59
4.24887810E-59
4.24887810E-59
4.24887810E-59
4.24887810E-59
4.24887810E-59
4.24887810E-59
4.24887810E-59
4.24887810E-59
4.24887810E-59
4.24887810E-59
4.24887810E-59
4.24887810E-59
4.24887810E-59
4.24887810E-59
4.24887810E-59
4.24887810E-59
4.24887810E-59
4.24887810E-59
3.77347970E-59
3.77347970E-59
3.77347970E-59
3.77347970E-59
3.77347970E-59
3.77347970E-59
3.77347970E-59
3.77347970E-59
3.77347970E-59
3.77347970E-59
3.77347970E-59
3.77347970E-59
3.77347970E-59
3.77347970E-59
3.77347970E-59
3.77347970E-59
3.77347970E-59
3.77347970E-59
3.77347970E-59
3.77347970E-59
3.77347970E-59
3.35127266E-59
3.35127266E-59
3.35127266E-59
3.35127266E-59
3.35127266E-59
3.35127266E-59
3.35127266E-59
3.35127266E-59
3.35127266E-59
3.35127266E-59
3.35127266E-59
3.35127266E-59
3.35127266E-59
3.35127266E-59
3.35127266E-59
3.35127266E-59
3.35127266E-59
3.35127266E-59
3.35127266E-59
3.35127266E-59
3.35127266E-59
3.35127266E-59
2.97630552E-59
2.97630552E-59
2.97630552E-59
2.97630552E-59
2.97630552E-59
2.97630552E-59
2.97630552E-59
2.97630552E-59
2.97630552E-59
2.97630552E-59
2.97630552E-59
2.97630552E-59
2.97630552E-59
2.97630552E-59
2.97630552E-59
2.97630552E-59
2.97630552E-59
2.97630552E-59
2.97630552E-59
2.97630552E-59
2.97630552E-59
2.64329270E-59
2.64329270E-59
2.64329270E-59
2.64329270E-59
2.64329270E-59
2.64329270E-59
2.64329270E-59
2.64329270E-59
2.64329270E-59
2.64329270E-59
2.64329270E-59
2.64329270E-59
2.64329270E-59
2.64329270E-59
2.64329270E-59
2.64329270E-59
2.64329270E-59
2.64329270E-59
2.64329270E-59
2.64329270E-59
2.64329270E-59
2.64329270E-59
2.34754001E-59
2.34754001E-59
2.34754001E-59
2.34754001E-59
2.34754001E-59
2.34754001E-59
2.34754001E-59
2.34754001E-59
2.34754001E-59
2.34754001E-59
2.34754001E-59
2.34754001E-59
2.34754001E-59
2.34754001E-59
2.34754001E-59
2.34754001E-59
2.34754001E-59
2.34754001E-59
2.34754001E-59
2.34754001E-59
2.34754001E-59
2.08487849E-59
2.08487849E-59
2.08487849E-59
2.08487849E-59
2.08487849E-59
2.08487849E-59
2.08487849E-59
2.08487849E-59
2.08487849E-59
2.08487849E-59
2.08487849E-59
2.08487849E-59
2.08487849E-59
2.08487849E-59
2.08487849E-59
2.08487849E-59
2.08487849E-59
2.08487849E-59
2.08487849E-59
2.08487849E-59
2.08487849E-59
2.08487849E-59
1.85160564E-59
1.85160564E-59
1.85160564E-59
1.85160564E-59
1.85160564E-59
1.85160564E-59
1.85160564E-59
1.85160564E-59
1.85160564E-59
1.85160564E-59
1.85160564E-59
1.85160564E-59
1.85160564E-59
1.85160564E-59
1.85160564E-59
1.85160564E-59
1.85160564E-59
1.85160564E-59
1.85160564E-59
1.85160564E-59
1.85160564E-59
1.64443321E-59
1.64443321E-59
1.64443321E-59
1.64443321E-59
1.64443321E-59
1.64443321E-59
1.64443321E-59
1.64443321E-59
1.64443321E-59
1.64443321E-59
1.64443321E-59
1.64443321E-59
1.64443321E-59
1.64443321E-59
1.64443321E-59
1.64443321E-59
1.64443321E-59
1.64443321E-59
1.64443321E-59
1.64443321E-59
1.64443321E-59
1.64443321E-59
1.46044090E-59
1.46044090E-59
1.46044090E-59
1.46044090E-59
1.46044090E-59
1.46044090E-59
1.46044090E-59
1.46044090E-59
1.46044090E-59
1.46044090E-59
1.46044090E-59
1.46044090E-59
1.46044090E-59
1.46044090E-59
1.46044090E-59
1.46044090E-59
1.46044090E-59
1.46044090E-59
1.46044090E-59
1.46044090E-59
1.46044090E-59
1.29703511E-59
1.29703511E-59
1.29703511E-59
1.29703511E-59
1.29703511E-59
1.29703511E-59
1.29703511E-59
1.29703511E-59
1.29703511E-59
1.29703511E-59
1.29703511E-59
1.29703511E-59
1.29703511E-59
1.29703511E-59
1.29703511E-59
1.29703511E-59
1.29703511E-59
1.29703511E-59
1.29703511E-59
1.29703511E-59
1.29703511E-59
1.29703511E-59
1.15191247E-59
1.15191247E-59
1.15191247E-59
1.15191247E-59
1.15191247E-59
1.15191247E-59
1.15191247E-59
1.15191247E-59
1.15191247E-59
1.15191247E-59
1.15191247E-59
1.15191247E-59
1.15191247E-59
1.15191247E-59
1.15191247E-59
1.15191247E-59
1.15191247E-59
1.15191247E-59
1.15191247E-59
1.15191247E-59
1.15191247E-59
1.02302730E-59
1.02302730E-59
1.02302730E-59
1.02302730E-59
1.02302730E-59
1.02302730E-59
1.02302730E-59
1.02302730E-59
1.02302730E-59
1.02302730E-59
1.02302730E-59
1.02302730E-59
1.02302730E-59
1.02302730E-59
1.02302730E-59
1.02302730E-59
1.02302730E-59
1.02302730E-59
1.02302730E-59
1.02302730E-59
1.02302730E-59
1.02302730E-59
9.08562840E-60
9.08562840E-60
9.08562840E-60
9.08562840E-60
9.08562840E-60
9.08562840E-60
9.08562840E-60
9.08562840E-60
9.08562840E-60
9.08562840E-60
9.08562840E-60
9.08562840E-60
9.08562840E-60
9.08562840E-60
9.08562840E-60
9.08562840E-60
9.08562840E-60
9.08562840E-60
9.08562840E-60
9.08562840E-60
9.08562840E-60
8.06905575E-60
8.06905575E-60
8.06905575E-60
8.06905575E-60
8.06905575E-60
8.06905575E-60
8.06905575E-60
8.06905575E-60
8.06905575E-60
8.06905575E-60
8.06905575E-60
8.06905575E-60
8.06905575E-60
8.06905575E-60
8.06905575E-60
8.06905575E-60
8.06905575E-60
8.06905575E-60
8.06905575E-60
8.06905575E-60
8.06905575E-60
8.06905575E-60
7.16622537E-60
7.16622537E-60
7.16622537E-60
7.16622537E-60
7.16622537E-60
7.16622537E-60
7.16622537E-60
7.16622537E-60
7.16622537E-60
7.16622537E-60
7.16622537E-60
7.16622537E-60
7.16622537E-60
7.16622537E-60
7.16622537E-60
7.16622537E-60
7.16622537E-60
7.16622537E-60
7.16622537E-60
7.16622537E-60
7.16622537E-60
6.36441086E-60
6.36441086E-60
6.36441086E-60
6.36441086E-60
6.36441086E-60
6.36441086E-60
6.36441086E-60
6.36441086E-60
6.36441086E-60
6.36441086E-60
6.36441086E-60
6.36441086E-60
6.36441086E-60
6.36441086E-60
6.36441086E-60
6.36441086E-60
6.36441086E-60
6.36441086E-60
6.36441086E-60
6.36441086E-60
6.36441086E-60
6.36441086E-60
5.65230976E-60
5.65230976E-60
5.65230976E-60
5.65230976E-60
5.65230976E-60
5.65230976E-60
5.65230976E-60
5.65230976E-60
5.65230976E-60
5.65230976E-60
5.65230976E-60
5.65230976E-60
5.65230976E-60
5.65230976E-60
5.65230976E-60
5.65230976E-60
5.65230976E-60
5.65230976E-60
5.65230976E-60
5.65230976E-60
5.65230976E-60
5.01988422E-60
5.01988422E-60
5.01988422E-60
5.01988422E-60
5.01988422E-60
5.01988422E-60
5.01988422E-60
5.01988422E-60
5.01988422E-60
5.01988422E-60
5.01988422E-60
5.01988422E-60
5.01988422E-60
5.01988422E-60
5.01988422E-60
5.01988422E-60
5.01988422E-60
5.01988422E-60
5.01988422E-60
5.01988422E-60
5.01988422E-60
5.01988422E-60
4.45821949E-60
4.45821949E-60
4.45821949E-60
4.45821949E-60
4.45821949E-60
4.45821949E-60
4.45821949E-60
4.45821949E-60
4.45821949E-60
4.45821949E-60
4.45821949E-60
4.45821949E-60
4.45821949E-60
4.45821949E-60
4.45821949E-60
4.45821949E-60
4.45821949E-60
4.45821949E-60
4.45821949E-60
4.45821949E-60
4.45821949E-60
3.95939830E-60
3.95939830E-60
3.95939830E-60
3.95939830E-60
3.95939830E-60
3.95939830E-60
3.95939830E-60
3.95939830E-60
3.95939830E-60
3.95939830E-60
3.95939830E-60
3.95939830E-60
3.95939830E-60
3.95939830E-60
3.95939830E-60
3.95939830E-60
3.95939830E-60
3.95939830E-60
3.95939830E-60
3.95939830E-60
3.95939830E-60
3.95939830E-60
3.51638921E-60
3.51638921E-60
3.51638921E-60
3.51638921E-60
3.51638921E-60
3.51638921E-60
3.51638921E-60
3.51638921E-60
3.51638921E-60
3.51638921E-60
3.51638921E-60
3.51638921E-60
3.51638921E-60
3.51638921E-60
3.51638921E-60
3.51638921E-60
3.51638921E-60
3.51638921E-60
3.51638921E-60
3.51638921E-60
3.51638921E-60
3.12294751E-60
3.12294751E-60
3.12294751E-60
3.12294751E-60
3.12294751E-60
3.12294751E-60
3.12294751E-60
3.12294751E-60
3.12294751E-60
3.12294751E-60
3.12294751E-60
3.12294751E-60
3.12294751E-60
3.12294751E-60
3.12294751E-60
3.12294751E-60
3.12294751E-60
3.12294751E-60
3.12294751E-60
3.12294751E-60
3.12294751E-60
3.12294751E-60
2.77352721E-60
2.77352721E-60
2.77352721E-60
2.77352721E-60
2.77352721E-60
2.77352721E-60
2.77352721E-60
2.77352721E-60
2.77352721E-60
2.77352721E-60
2.77352721E-60
2.77352721E-60
2.77352721E-60
2.77352721E-60
2.77352721E-60
2.77352721E-60
2.77352721E-60
2.77352721E-60
2.77352721E-60
2.77352721E-60
2.77352721E-60
2.46320284E-60
2.46320284E-60
2.46320284E-60
2.46320284E-60
2.46320284E-60
2.46320284E-60
2.46320284E-60
2.46320284E-60
2.46320284E-60
2.46320284E-60
2.46320284E-60
2.46320284E-60
2.46320284E-60
2.46320284E-60
2.46320284E-60
2.46320284E-60
2.46320284E-60
2.46320284E-60
2.46320284E-60
2.46320284E-60
2.46320284E-60
2.46320284E-60
2.18760004E-60
2.18760004E-60
2.18760004E-60
2.18760004E-60
2.18760004E-60
2.18760004E-60
2.18760004E-60
2.18760004E-60
2.18760004E-60
2.18760004E-60
2.18760004E-60
2.18760004E-60
2.18760004E-60
2.18760004E-60
2.18760004E-60
2.18760004E-60
2.18760004E-60
2.18760004E-60
2.18760004E-60
2.18760004E-60
2.18760004E-60
1.94283388E-60
1.94283388E-60
1.94283388E-60
1.94283388E-60
1.94283388E-60
1.94283388E-60
1.94283388E-60
1.94283388E-60
1.94283388E-60
1.94283388E-60
1.94283388E-60
1.94283388E-60
1.94283388E-60
1.94283388E-60
1.94283388E-60
1.94283388E-60
1.94283388E-60
1.94283388E-60
1.94283388E-60
1.94283388E-60
1.94283388E-60
1.94283388E-60
1.72545412E-60
1.72545412E-60
1.72545412E-60
1.72545412E-60
1.72545412E-60
1.72545412E-60
1.72545412E-60
1.72545412E-60
1.72545412E-60
1.72545412E-60
1.72545412E-60
1.72545412E-60
1.72545412E-60
1.72545412E-60
1.72545412E-60
1.72545412E-60
1.72545412E-60
1.72545412E-60
1.72545412E-60
1.72545412E-60
1.72545412E-60
1.53239653E-60
1.53239653E-60
1.53239653E-60
1.53239653E-60
1.53239653E-60
1.53239653E-60
1.53239653E-60
1.53239653E-60
1.53239653E-60
1.53239653E-60
1.53239653E-60
1.53239653E-60
1.53239653E-60
1.53239653E-60
1.53239653E-60
1.53239653E-60
1.53239653E-60
1.53239653E-60
1.53239653E-60
1.53239653E-60
1.53239653E-60
1.53239653E-60
1.36093977E-60
1.36093977E-60
1.36093977E-60
1.36093977E-60
1.36093977E-60
1.36093977E-60
1.36093977E-60
1.36093977E-60
1.36093977E-60
1.36093977E-60
1.36093977E-60
1.36093977E-60
1.36093977E-60
1.36093977E-60
1.36093977E-60
1.36093977E-60
1.36093977E-60
1.36093977E-60
1.36093977E-60
1.36093977E-60
1.36093977E-60
1.41809203E-60
1.41809203E-60
1.41809203E-60
1.41809203E-60
1.41809203E-60
1.41809203E-60
1.41809203E-60
1.41809203E-60
1.41809203E-60
1.41809203E-60
1.41809203E-60
1.41809203E-60
1.41809203E-60
1.41809203E-60
1.41809203E-60
1.41809203E-60
1.41809203E-60
1.41809203E-60
1.41809203E-60
1.41809203E-60
1.41809203E-60
1.41809203E-60
1.41809203E-60
1.41809203E-60
1.41809203E-60
1.41809203E-60
1.41809203E-60
1.41809203E-60
1.41809203E-60
1.41809203E-60
1.41809203E-60
1.41809203E-60
1.41809203E-60
1.41809203E-60
1.41809203E-60
1.41809203E-60
1.41809203E-60
1.41809203E-60
1.41809203E-60
1.41809203E-60
